
> CRA@ verify /Users/abjmac003/Documents/GitHub/CRA
> pnpm lint && pnpm check-types && pnpm test:architecture && pnpm test && pnpm build


> CRA@ lint /Users/abjmac003/Documents/GitHub/CRA
> turbo run lint

• turbo 2.10.8

   • Packages in scope: @repo/contracts, @repo/design-system, @repo/eslint-config, @repo/typescript-config, @repo/ui, api, docs, infrastructure, web
   • Running lint in 9 packages
   • Remote caching disabled

@repo/ui:lint: cache hit, replaying logs 8e7e685eb1aaa620
@repo/ui:lint: 
@repo/ui:lint: > @repo/ui@0.0.0 lint /Users/abjmac003/Documents/GitHub/CRA/packages/ui
@repo/ui:lint: > eslint . --max-warnings 0
@repo/ui:lint: 
@repo/contracts:lint: cache hit, replaying logs 1d0c62c686f0e48d
@repo/contracts:lint: 
@repo/contracts:lint: > @repo/contracts@0.0.0 lint /Users/abjmac003/Documents/GitHub/CRA/packages/contracts
@repo/contracts:lint: > eslint . --max-warnings 0
@repo/contracts:lint: 
api:lint: cache miss, executing 7827e7d56b5e01be
api:lint: 
api:lint: > api@0.0.1 lint /Users/abjmac003/Documents/GitHub/CRA/apps/api
api:lint: > eslint src test --max-warnings 0
api:lint: 
web:lint: cache miss, executing 1a024a113ad816f9
web:lint: 
web:lint: > web@0.1.0 lint /Users/abjmac003/Documents/GitHub/CRA/apps/web
web:lint: > eslint --max-warnings 0
web:lint: 

 Tasks:    4 successful, 4 total
Cached:    2 cached, 4 total
  Time:    49.443s 


> CRA@ check-types /Users/abjmac003/Documents/GitHub/CRA
> turbo run check-types

• turbo 2.10.8

   • Packages in scope: @repo/contracts, @repo/design-system, @repo/eslint-config, @repo/typescript-config, @repo/ui, api, docs, infrastructure, web
   • Running check-types in 9 packages
   • Remote caching disabled

@repo/contracts:check-types: cache hit, replaying logs 1ad05fd013b3c95b
@repo/contracts:check-types: 
@repo/contracts:check-types: > @repo/contracts@0.0.0 check-types /Users/abjmac003/Documents/GitHub/CRA/packages/contracts
@repo/contracts:check-types: > tsc --noEmit
@repo/contracts:check-types: 
@repo/ui:check-types: cache hit, replaying logs 333e6d735ae70b59
@repo/ui:check-types: 
@repo/ui:check-types: > @repo/ui@0.0.0 check-types /Users/abjmac003/Documents/GitHub/CRA/packages/ui
@repo/ui:check-types: > tsc --noEmit
@repo/ui:check-types: 
api:check-types: cache miss, executing 604caf58dbfab94c
api:check-types: 
api:check-types: > api@0.0.1 check-types /Users/abjmac003/Documents/GitHub/CRA/apps/api
api:check-types: > tsc --noEmit
api:check-types: 
web:check-types: cache miss, executing 4199e00463c757d7
web:check-types: 
web:check-types: > web@0.1.0 check-types /Users/abjmac003/Documents/GitHub/CRA/apps/web
web:check-types: > next typegen && tsc --noEmit
web:check-types: 
web:check-types: Generating route types...
web:check-types: ✓ Types generated successfully
docs:check-types: cache hit, replaying logs fda79e2fdb1b2a74
docs:check-types: 
docs:check-types: > docs@0.0.0 check-types /Users/abjmac003/Documents/GitHub/CRA/apps/docs
docs:check-types: > tsc --noEmit
docs:check-types: 

 Tasks:    5 successful, 5 total
Cached:    3 cached, 5 total
  Time:    15.546s 


> CRA@ test:architecture /Users/abjmac003/Documents/GitHub/CRA
> node --test scripts/architecture/*.test.mjs && node scripts/architecture/verify-docs.mjs && depcruise --config dependency-cruiser.cjs apps packages

TAP version 13
# Subtest: defines fast and live verification lanes
ok 1 - defines fast and live verification lanes
  ---
  duration_ms: 3.508792
  type: 'test'
  ...
# Subtest: parses only allowlisted local Supabase environment values
ok 2 - parses only allowlisted local Supabase environment values
  ---
  duration_ms: 5.20375
  type: 'test'
  ...
# Subtest: fails closed when Supabase status fails or omits a required value
ok 3 - fails closed when Supabase status fails or omits a required value
  ---
  duration_ms: 593.915083
  type: 'test'
  ...
# Subtest: documents the verification commands without package-manager drift
ok 4 - documents the verification commands without package-manager drift
  ---
  duration_ms: 1.954125
  type: 'test'
  ...
# Subtest: normalizes declared nullable RPC result columns
ok 5 - normalizes declared nullable RPC result columns
  ---
  duration_ms: 0.884
  type: 'test'
  ...
# Subtest: fails closed when the generated function shape changes
ok 6 - fails closed when the generated function shape changes
  ---
  duration_ms: 0.668083
  type: 'test'
  ...
# Subtest: keeps both generated database type copies synchronized
ok 7 - keeps both generated database type copies synchronized
  ---
  duration_ms: 5.276875
  type: 'test'
  ...
# Subtest: every declared dependency boundary rejects a representative import
ok 8 - every declared dependency boundary rejects a representative import
  ---
  duration_ms: 669.823875
  type: 'test'
  ...
# Subtest: workspace aliases resolve to their source modules
ok 9 - workspace aliases resolve to their source modules
  ---
  duration_ms: 689.356083
  type: 'test'
  ...
# Subtest: cross-app workspace aliases cannot bypass dependency boundaries
ok 10 - cross-app workspace aliases cannot bypass dependency boundaries
  ---
  duration_ms: 409.678208
  type: 'test'
  ...
# Subtest: generated build directories do not enter the dependency graph
ok 11 - generated build directories do not enter the dependency graph
  ---
  duration_ms: 399.087834
  type: 'test'
  ...
# Subtest: requires all 22 pattern names and feature decision questions
ok 12 - requires all 22 pattern names and feature decision questions
  ---
  duration_ms: 7.45225
  type: 'test'
  ...
# Subtest: accepts the repository architecture policy
ok 13 - accepts the repository architecture policy
  ---
  duration_ms: 4.095584
  type: 'test'
  ...
# Subtest: requires enforceable architecture rules in the root agent guide
ok 14 - requires enforceable architecture rules in the root agent guide
  ---
  duration_ms: 1.961417
  type: 'test'
  ...
# Subtest: rejects an agent guide that makes the feature template a quota
ok 15 - rejects an agent guide that makes the feature template a quota
  ---
  duration_ms: 6.779666
  type: 'test'
  ...
# Subtest: reports every missing required document instead of throwing
ok 16 - reports every missing required document instead of throwing
  ---
  duration_ms: 1.002875
  type: 'test'
  ...
# Subtest: requires real pattern blocks and template headings
ok 17 - requires real pattern blocks and template headings
  ---
  duration_ms: 4.159584
  type: 'test'
  ...
# Subtest: rejects duplicate pattern decisions
ok 18 - rejects duplicate pattern decisions
  ---
  duration_ms: 5.162125
  type: 'test'
  ...
# Subtest: requires the detailed coding workflow and completion gates
ok 19 - requires the detailed coding workflow and completion gates
  ---
  duration_ms: 1.835916
  type: 'test'
  ...
# Subtest: CLI exits nonzero when architecture documents are missing
ok 20 - CLI exits nonzero when architecture documents are missing
  ---
  duration_ms: 30.340792
  type: 'test'
  ...
# Subtest: accepts a complete reusable fixture
ok 21 - accepts a complete reusable fixture
  ---
  duration_ms: 28.266542
  type: 'test'
  ...
# Subtest: rejects provider imports from application and domain code
    # Subtest: NestJS
    ok 1 - NestJS
      ---
      duration_ms: 16.601625
      type: 'test'
      ...
    # Subtest: Express
    ok 2 - Express
      ---
      duration_ms: 14.087125
      type: 'test'
      ...
    # Subtest: Supabase
    ok 3 - Supabase
      ---
      duration_ms: 9.83175
      type: 'test'
      ...
    # Subtest: jose
    ok 4 - jose
      ---
      duration_ms: 10.26725
      type: 'test'
      ...
    # Subtest: Nodemailer
    ok 5 - Nodemailer
      ---
      duration_ms: 20.276625
      type: 'test'
      ...
    1..5
ok 22 - rejects provider imports from application and domain code
  ---
  duration_ms: 71.542875
  type: 'test'
  ...
# Subtest: rejects direct web fetch outside the central transport
ok 23 - rejects direct web fetch outside the central transport
  ---
  duration_ms: 11.029583
  type: 'test'
  ...
# Subtest: rejects controller-local and web API-local Zod wire schemas
ok 24 - rejects controller-local and web API-local Zod wire schemas
  ---
  duration_ms: 10.347666
  type: 'test'
  ...
# Subtest: requires boundary schema references to come from shared contracts
ok 25 - requires boundary schema references to come from shared contracts
  ---
  duration_ms: 10.705875
  type: 'test'
  ...
# Subtest: requires paired schema/type folders and parsed wire types
ok 26 - requires paired schema/type folders and parsed wire types
  ---
  duration_ms: 11.672917
  type: 'test'
  ...
# Subtest: requires parsed controller inputs and declared response kinds
ok 27 - requires parsed controller inputs and declared response kinds
  ---
  duration_ms: 12.386
  type: 'test'
  ...
# Subtest: requires an input schema for every web request body
ok 28 - requires an input schema for every web request body
  ---
  duration_ms: 11.387542
  type: 'test'
  ...
# Subtest: inspects transport options referenced through local variables
ok 29 - inspects transport options referenced through local variables
  ---
  duration_ms: 11.246
  type: 'test'
  ...
# Subtest: rejects transport options that cannot be inspected statically
ok 30 - rejects transport options that cannot be inspected statically
  ---
  duration_ms: 10.114917
  type: 'test'
  ...
# Subtest: resolves transport options in their lexical scope
ok 31 - resolves transport options in their lexical scope
  ---
  duration_ms: 10.080042
  type: 'test'
  ...
# Subtest: resolves function-scoped var transport options
ok 32 - resolves function-scoped var transport options
  ---
  duration_ms: 13.108833
  type: 'test'
  ...
# Subtest: keeps TSX rendering functional and logic classes in plain TS
ok 33 - keeps TSX rendering functional and logic classes in plain TS
  ---
  duration_ms: 9.63
  type: 'test'
  ...
# Subtest: requires orgId first only for clearly tenant-scoped service-role methods
ok 34 - requires orgId first only for clearly tenant-scoped service-role methods
  ---
  duration_ms: 10.165875
  type: 'test'
  ...
# Subtest: does not guess tenant scope for global or private service-role methods
ok 35 - does not guess tenant scope for global or private service-role methods
  ---
  duration_ms: 9.427125
  type: 'test'
  ...
# Subtest: rejects controller routes without public or authorization metadata
ok 36 - rejects controller routes without public or authorization metadata
  ---
  duration_ms: 8.263875
  type: 'test'
  ...
# Subtest: accepts controller-level authorization metadata
ok 37 - accepts controller-level authorization metadata
  ---
  duration_ms: 10.797916
  type: 'test'
  ...
# Subtest: rejects refresh cookie path drift
ok 38 - rejects refresh cookie path drift
  ---
  duration_ms: 8.995084
  type: 'test'
  ...
# Subtest: rejects loss of each token algorithm route
    # Subtest: HS256
    ok 1 - HS256
      ---
      duration_ms: 9.243541
      type: 'test'
      ...
    # Subtest: ES256
    ok 2 - ES256
      ---
      duration_ms: 13.144666
      type: 'test'
      ...
    # Subtest: RS256
    ok 3 - RS256
      ---
      duration_ms: 9.2975
      type: 'test'
      ...
    1..3
ok 39 - rejects loss of each token algorithm route
  ---
  duration_ms: 31.983875
  type: 'test'
  ...
# Subtest: rejects asymmetric verification that no longer uses a JWKS key source
ok 40 - rejects asymmetric verification that no longer uses a JWKS key source
  ---
  duration_ms: 10.703709
  type: 'test'
  ...
# Subtest: rejects loss of JWKS routing in web middleware
ok 41 - rejects loss of JWKS routing in web middleware
  ---
  duration_ms: 12.510917
  type: 'test'
  ...
# Subtest: rejects nonzero session epoch skew
ok 42 - rejects nonzero session epoch skew
  ---
  duration_ms: 8.791667
  type: 'test'
  ...
# Subtest: rejects a zero default that can still accept positive skew
ok 43 - rejects a zero default that can still accept positive skew
  ---
  duration_ms: 10.916958
  type: 'test'
  ...
# Subtest: rejects an MSW API passthrough that is not first
ok 44 - rejects an MSW API passthrough that is not first
  ---
  duration_ms: 9.673958
  type: 'test'
  ...
# Subtest: rejects nav and menu key drift
ok 45 - rejects nav and menu key drift
  ---
  duration_ms: 12.200042
  type: 'test'
  ...
# Subtest: rejects duplicate nav keys and missing permission mappings
ok 46 - rejects duplicate nav keys and missing permission mappings
  ---
  duration_ms: 10.171834
  type: 'test'
  ...
# Subtest: rejects duplicate or missing GoF catalogue decisions
ok 47 - rejects duplicate or missing GoF catalogue decisions
  ---
  duration_ms: 8.393875
  type: 'test'
  ...
# Subtest: requires rationale, trigger, and counterexample for every pattern
ok 48 - requires rationale, trigger, and counterexample for every pattern
  ---
  duration_ms: 9.624333
  type: 'test'
  ...
# Subtest: accepts the repository invariants
ok 49 - accepts the repository invariants
  ---
  duration_ms: 996.18175
  type: 'test'
  ...
# Subtest: CLI exits nonzero and identifies invariant failures
ok 50 - CLI exits nonzero and identifies invariant failures
  ---
  duration_ms: 197.490292
  type: 'test'
  ...
1..50
# tests 58
# suites 0
# pass 58
# fail 0
# cancelled 0
# skipped 0
# todo 0
# duration_ms 2202.997708

✔ no dependency violations found (1640 modules, 4502 dependencies cruised)


> CRA@ test /Users/abjmac003/Documents/GitHub/CRA
> turbo run test

• turbo 2.10.8

   • Packages in scope: @repo/contracts, @repo/design-system, @repo/eslint-config, @repo/typescript-config, @repo/ui, api, docs, infrastructure, web
   • Running test in 9 packages
   • Remote caching disabled

infrastructure:test: cache hit, replaying logs 9b03e531699df3fd
infrastructure:test: 
infrastructure:test: > infrastructure@0.0.0 test /Users/abjmac003/Documents/GitHub/CRA/apps/infrastructure
infrastructure:test: > pnpm run preflight && bash tests/run-sql-tests.sh
infrastructure:test: 
infrastructure:test: 
infrastructure:test: > infrastructure@0.0.0 preflight /Users/abjmac003/Documents/GitHub/CRA/apps/infrastructure
infrastructure:test: > docker info >/dev/null 2>&1 || (echo 'Docker daemon is not running — start Docker Desktop first.' && exit 1)
infrastructure:test: 
infrastructure:test: Running tests/m1-organization-onboarding.test.sql
infrastructure:test: Timing is off.
infrastructure:test: CREATE FUNCTION
infrastructure:test:  check 
infrastructure:test: -------
infrastructure:test:  
infrastructure:test: (1 row)
infrastructure:test: 
infrastructure:test: psql:<stdin>:38: NOTICE:  ok   M1 mutation RPCs are service-role-only and pin search_path
infrastructure:test:  check 
infrastructure:test: -------
infrastructure:test:  
infrastructure:test: (1 row)
infrastructure:test: 
infrastructure:test: psql:<stdin>:51: NOTICE:  ok   M1 actor foreign keys have covering indexes
infrastructure:test: BEGIN
infrastructure:test: psql:<stdin>:216: NOTICE:  ok   atomic create returns one organization identifier
infrastructure:test: psql:<stdin>:216: NOTICE:  ok   atomic create persists owner profile onboarding and audit together
infrastructure:test: psql:<stdin>:216: NOTICE:  ok   same idempotency key and canonical payload replay without a duplicate
infrastructure:test: psql:<stdin>:216: NOTICE:  ok   idempotency key reuse with different data has no identifier oracle
infrastructure:test: psql:<stdin>:216: NOTICE:  ok   global legal identity conflict exposes no organization identifier
infrastructure:test: psql:<stdin>:216: NOTICE:  ok   versioned profile update audits redacted contact metadata
infrastructure:test: psql:<stdin>:216: NOTICE:  ok   cross-tenant switch is a generic not-found result
infrastructure:test: psql:<stdin>:216: NOTICE:  ok   out-of-order SBOM evidence is recorded without impossible stage advancement
infrastructure:test: psql:<stdin>:216: NOTICE:  ok   product evidence reconciles contiguous product and prior SBOM stages
infrastructure:test: psql:<stdin>:216: NOTICE:  ok   unavailable evidence never regresses completed historical onboarding
infrastructure:test: DO
infrastructure:test: psql:<stdin>:216: NOTICE:  ok   confirmed invitation delivery completes the final durable onboarding stages once
infrastructure:test: ROLLBACK
infrastructure:test:                           result                           
infrastructure:test: -----------------------------------------------------------
infrastructure:test:  M1 organization/onboarding integration: ALL CHECKS PASSED
infrastructure:test: (1 row)
infrastructure:test: 
infrastructure:test: Running tests/m1-tenant-administration.test.sql
infrastructure:test: Timing is off.
infrastructure:test: CREATE FUNCTION
infrastructure:test:  check 
infrastructure:test: -------
infrastructure:test:  
infrastructure:test: (1 row)
infrastructure:test: 
infrastructure:test: psql:<stdin>:41: NOTICE:  ok   tenant-administration tables exist and use RLS without force
infrastructure:test: psql:<stdin>:103: NOTICE:  ok   mutation RPCs are service-role-only security definers with pinned search paths
infrastructure:test:  check 
infrastructure:test: -------
infrastructure:test:  
infrastructure:test: (1 row)
infrastructure:test: 
infrastructure:test: psql:<stdin>:115: NOTICE:  ok   tenant export storage is private and browser roles cannot mutate objects
infrastructure:test:  check 
infrastructure:test: -------
infrastructure:test:  
infrastructure:test: (1 row)
infrastructure:test: 
infrastructure:test: psql:<stdin>:125: NOTICE:  ok   export redaction is stable rather than incorrectly immutable
infrastructure:test:  check 
infrastructure:test: -------
infrastructure:test:  
infrastructure:test: (1 row)
infrastructure:test: 
infrastructure:test:  check 
infrastructure:test: -------
infrastructure:test:  
infrastructure:test: (1 row)
infrastructure:test: 
infrastructure:test: psql:<stdin>:139: NOTICE:  ok   final materializer uses the business projection and removes replayable fields
infrastructure:test: psql:<stdin>:161: NOTICE:  ok   artifact inventory freezes storage object identity before byte copying
infrastructure:test:  check 
infrastructure:test: -------
infrastructure:test:  
infrastructure:test: (1 row)
infrastructure:test: 
infrastructure:test: psql:<stdin>:171: NOTICE:  ok   export completion compares frozen storage identity with copied artifact ledger
infrastructure:test:  check 
infrastructure:test: -------
infrastructure:test:  
infrastructure:test: (1 row)
infrastructure:test: 
infrastructure:test: BEGIN
infrastructure:test: psql:<stdin>:870: NOTICE:  ok   new organizations start explicitly unconfigured, active, and with a non-empty unique policy set
infrastructure:test: psql:<stdin>:870: NOTICE:  ok   lifecycle read returns not_found for an unknown tenant
infrastructure:test: psql:<stdin>:870: NOTICE:  ok   lifecycle read returns the strict active lifecycle shape
infrastructure:test: psql:<stdin>:870: NOTICE:  ok   settings update validates the server catalog, versions, audits, and maps safely to the contract
infrastructure:test: psql:<stdin>:870: NOTICE:  ok   stale or non-catalog settings reject without partial rows or audits
infrastructure:test: psql:<stdin>:870: NOTICE:  ok   session-policy tightening creates tenant-local revocations
infrastructure:test: psql:<stdin>:870: NOTICE:  ok   retention updates are evidence-class scoped, versioned, and audited
infrastructure:test: psql:<stdin>:870: NOTICE:  ok   rejected retention reconcile leaves no partial authoritative facts
infrastructure:test: psql:<stdin>:870: NOTICE:  ok   retention reconciliation stores deterministic reasons and only raises protection
infrastructure:test: psql:<stdin>:870: NOTICE:  ok   active legal holds block cleanup at final claim recheck
infrastructure:test: psql:<stdin>:870: NOTICE:  ok   expired cleanup leases are reclaimable after worker restart
infrastructure:test: psql:<stdin>:870: NOTICE:  ok   cleanup completion validates and persists each authoritative item result
infrastructure:test: psql:<stdin>:870: NOTICE:  ok   cleanup completion rejects NULL item results without changing pending items
infrastructure:test: psql:<stdin>:870: NOTICE:  ok   cleanup completion rejects duplicate item identifiers and requires the exact pending set
infrastructure:test: psql:<stdin>:870: NOTICE:  ok   cleanup completion persists the exact pending set and leaves no pending item
infrastructure:test: psql:<stdin>:870: NOTICE:  ok   cleanup final recheck persists all block reasons, audit, and the protected item
infrastructure:test: psql:<stdin>:870: NOTICE:  ok   expired cleanup lease holders cannot fail current work
infrastructure:test: psql:<stdin>:870: NOTICE:  ok   export idempotency replays same actor/org/payload and mismatches expose no job id
infrastructure:test: psql:<stdin>:870: NOTICE:  ok   export jobs claim under a durable lease
infrastructure:test: psql:<stdin>:870: NOTICE:  ok   export checkpoint rejects progress without a persisted part ledger
infrastructure:test: psql:<stdin>:870: NOTICE:  ok   export checkpoint rejects duplicate part identities without partial ledger rows
infrastructure:test: psql:<stdin>:870: NOTICE:  ok   export checkpoint persists resumable parts and increments checkpoint version
infrastructure:test: psql:<stdin>:870: NOTICE:  ok   invalid artifact hash fails closed without a downloadable completed export
infrastructure:test: psql:<stdin>:870: NOTICE:  ok   null artifact paths fail closed and cannot create verified exports
infrastructure:test: psql:<stdin>:870: NOTICE:  ok   same-tenant export-like artifact paths fail closed and cannot download
infrastructure:test: psql:<stdin>:870: NOTICE:  ok   only the canonical export archive path completes and authorizes download
infrastructure:test: psql:<stdin>:870: NOTICE:  ok   export manifest file count includes immutable artifact snapshots
infrastructure:test: psql:<stdin>:870: NOTICE:  ok   expired export lease holders cannot fail current work
infrastructure:test: psql:<stdin>:870: NOTICE:  ok   export checkpoint rejects an empty zero-progress ledger
infrastructure:test: psql:<stdin>:870: NOTICE:  ok   export completion can never complete with zero persisted parts
infrastructure:test: psql:<stdin>:870: NOTICE:  ok   export completion without a materialized snapshot fails durably and audits
infrastructure:test: psql:<stdin>:870: NOTICE:  ok   export worker operations are tenant isolated
infrastructure:test: psql:<stdin>:870: NOTICE:  ok   deactivation synchronizes compatibility state, pauses exports, revokes tenant sessions, and audits
infrastructure:test: psql:<stdin>:870: NOTICE:  ok   destructive grants are one-use and stale transitions reject
infrastructure:test: psql:<stdin>:870: NOTICE:  ok   recovery before purging returns the lifecycle to active
infrastructure:test: psql:<stdin>:870: NOTICE:  ok   purge scheduling compares the exact canonical slug and uses server grace
infrastructure:test: DO
infrastructure:test: ROLLBACK
infrastructure:test: BEGIN
infrastructure:test: psql:<stdin>:941: NOTICE:  ok   final purge recheck persists purge_blocked with every controlling reason and audit
infrastructure:test: DO
infrastructure:test: ROLLBACK
infrastructure:test: BEGIN
infrastructure:test: psql:<stdin>:1055: NOTICE:  ok   purge claim rechecks authoritative retention and leases eligible work
infrastructure:test: psql:<stdin>:1055: NOTICE:  ok   expired purge lease holders cannot fail current work
infrastructure:test: psql:<stdin>:1055: NOTICE:  ok   purge writes minimal proof and artifact work before deleting tenant rows
infrastructure:test: psql:<stdin>:1055: NOTICE:  ok   deletion proof waits for every private artifact prefix before completing
infrastructure:test: psql:<stdin>:1055: NOTICE:  ok   post-database artifact work retries durably and completes every private prefix without restoring access
infrastructure:test: DO
infrastructure:test: ROLLBACK
infrastructure:test: BEGIN
infrastructure:test: psql:<stdin>:1204: NOTICE:  ok   export materialization freezes redacted records, is replay-safe, and binds immutable artifact metadata
infrastructure:test: psql:<stdin>:1204: NOTICE:  ok   export materialization rejects unsafe org-prefixed storage paths without partial records
infrastructure:test: psql:<stdin>:1204: NOTICE:  ok   export materialization rejects a snapshot source without a physical mapping
infrastructure:test: DO
infrastructure:test: ROLLBACK
infrastructure:test: psql:<stdin>:1238: NOTICE:  ok   the durable export catalogue includes every registered database source
infrastructure:test:  check 
infrastructure:test: -------
infrastructure:test:  
infrastructure:test: (1 row)
infrastructure:test: 
infrastructure:test:  check 
infrastructure:test: -------
infrastructure:test:  
infrastructure:test: (1 row)
infrastructure:test: 
infrastructure:test: psql:<stdin>:1250: NOTICE:  ok   every enabled export source has a physical source mapping
infrastructure:test: BEGIN
infrastructure:test: psql:<stdin>:1327: NOTICE:  ok   inactive lifecycle deactivated rejects invitation and onboarding atomic paths generically
infrastructure:test: psql:<stdin>:1327: NOTICE:  ok   inactive lifecycle purge_scheduled rejects invitation and onboarding atomic paths generically
infrastructure:test: psql:<stdin>:1327: NOTICE:  ok   inactive lifecycle purge_blocked rejects invitation and onboarding atomic paths generically
infrastructure:test: DO
infrastructure:test: ROLLBACK
infrastructure:test:                          result                          
infrastructure:test: ---------------------------------------------------------
infrastructure:test:  M1 tenant-administration integration: ALL CHECKS PASSED
infrastructure:test: (1 row)
infrastructure:test: 
infrastructure:test: Running tests/m1-v2-multi-entity-branding.test.sql
infrastructure:test: Timing is off.
infrastructure:test: CREATE FUNCTION
infrastructure:test: psql:<stdin>:39: NOTICE:  ok   V2 tables use RLS without force and browser roles retain no table grants
infrastructure:test:  check 
infrastructure:test: -------
infrastructure:test:  
infrastructure:test: (1 row)
infrastructure:test: 
infrastructure:test:  check 
infrastructure:test: -------
infrastructure:test:  
infrastructure:test: (1 row)
infrastructure:test: 
infrastructure:test: psql:<stdin>:57: NOTICE:  ok   V2 private branding bucket permits no browser storage policies
infrastructure:test:  check 
infrastructure:test: -------
infrastructure:test:  
infrastructure:test: (1 row)
infrastructure:test: 
infrastructure:test: psql:<stdin>:62: NOTICE:  ok   legal registration/tax comparison values normalize Unicode whitespace and case
infrastructure:test: psql:<stdin>:100: NOTICE:  ok   V2 mutation and resolver RPCs are service-role-only security definers with pinned search paths
infrastructure:test:  check 
infrastructure:test: -------
infrastructure:test:  
infrastructure:test: (1 row)
infrastructure:test: 
infrastructure:test: BEGIN
infrastructure:test: psql:<stdin>:353: NOTICE:  ok   idempotent legacy backfill creates one inactive needs-completion default without invented profile fields
infrastructure:test: psql:<stdin>:353: NOTICE:  ok   backfill never skips an orphaned legacy organization and records a system migration actor
infrastructure:test: psql:<stdin>:353: NOTICE:  ok   create organization atomically includes one complete active default entity
infrastructure:test: psql:<stdin>:353: NOTICE:  ok   entity create normalizes organization-local identifiers and records an audit fact
infrastructure:test: psql:<stdin>:353: NOTICE:  ok   legal entity create idempotency replay has no duplicate
infrastructure:test: psql:<stdin>:353: NOTICE:  ok   cross-tenant legal entity identifiers return generic not-found
infrastructure:test: psql:<stdin>:353: NOTICE:  ok   unreconciled dependency authorities fail closed before entity deactivation
infrastructure:test: psql:<stdin>:353: NOTICE:  ok   active product dependency blocks lifecycle with a specific reason
infrastructure:test: psql:<stdin>:353: NOTICE:  ok   entity lifecycle transition is optimistic, authorized, and audited after dependencies clear
infrastructure:test: psql:<stdin>:353: NOTICE:  ok   inactive legal entity context is not usable by future product/report owners
infrastructure:test: psql:<stdin>:353: NOTICE:  ok   unpublished branding resolves to the immutable CRA Sentinel fallback
infrastructure:test: psql:<stdin>:353: NOTICE:  ok   approved private raster asset and accessible draft publish one immutable branding version
infrastructure:test: psql:<stdin>:353: NOTICE:  ok   authenticated raster rendering selects the approved draft logo before the immutable published logo
infrastructure:test: psql:<stdin>:353: NOTICE:  ok   published logo rendering ignores a newer approved draft logo and remains member-scoped
infrastructure:test: psql:<stdin>:353: NOTICE:  ok   logo removal publishes a new presentation-only version without mutating the old snapshot
infrastructure:test: DO
infrastructure:test: ROLLBACK
infrastructure:test:                            result                           
infrastructure:test: ------------------------------------------------------------
infrastructure:test:  M1 V2 multi-entity/branding integration: ALL CHECKS PASSED
infrastructure:test: (1 row)
infrastructure:test: 
infrastructure:test: Running tests/m10-01-framework-packs.test.sql
infrastructure:test: BEGIN
infrastructure:test: CREATE EXTENSION
infrastructure:test:  plan  
infrastructure:test: -------
infrastructure:test:  1..44
infrastructure:test: (1 row)
infrastructure:test: 
infrastructure:test:                  ok                 
infrastructure:test: ------------------------------------
infrastructure:test:  ok 1 - versioned pack table exists
infrastructure:test: (1 row)
infrastructure:test: 
infrastructure:test:                    ok                   
infrastructure:test: ----------------------------------------
infrastructure:test:  ok 2 - stable requirement table exists
infrastructure:test: (1 row)
infrastructure:test: 
infrastructure:test:                      ok                     
infrastructure:test: --------------------------------------------
infrastructure:test:  ok 3 - organization selection table exists
infrastructure:test: (1 row)
infrastructure:test: 
infrastructure:test:                   ok                   
infrastructure:test: ---------------------------------------
infrastructure:test:  ok 4 - pack RLS enabled without force
infrastructure:test: (1 row)
infrastructure:test: 
infrastructure:test:                       ok                      
infrastructure:test: ----------------------------------------------
infrastructure:test:  ok 5 - requirement RLS enabled without force
infrastructure:test: (1 row)
infrastructure:test: 
infrastructure:test:                      ok                     
infrastructure:test: --------------------------------------------
infrastructure:test:  ok 6 - selection RLS enabled without force
infrastructure:test: (1 row)
infrastructure:test: 
infrastructure:test:                            ok                            
infrastructure:test: ---------------------------------------------------------
infrastructure:test:  ok 7 - selection actor foreign key has a covering index
infrastructure:test: (1 row)
infrastructure:test: 
infrastructure:test:                             ok                             
infrastructure:test: -----------------------------------------------------------
infrastructure:test:  ok 8 - mutable selection uses standard updated_at trigger
infrastructure:test: (1 row)
infrastructure:test: 
infrastructure:test:                          ok                         
infrastructure:test: ----------------------------------------------------
infrastructure:test:  ok 9 - authenticated cannot read direct selections
infrastructure:test: (1 row)
infrastructure:test: 
infrastructure:test:                   ok                   
infrastructure:test: ---------------------------------------
infrastructure:test:  ok 10 - service can read requirements
infrastructure:test: (1 row)
infrastructure:test: 
infrastructure:test:                           ok                          
infrastructure:test: ------------------------------------------------------
infrastructure:test:  ok 11 - service cannot mutate immutable requirements
infrastructure:test: (1 row)
infrastructure:test: 
infrastructure:test:                      ok                      
infrastructure:test: ---------------------------------------------
infrastructure:test:  ok 12 - runtime service cannot import packs
infrastructure:test: (1 row)
infrastructure:test: 
infrastructure:test:                       ok                      
infrastructure:test: ----------------------------------------------
infrastructure:test:  ok 13 - service can execute scoped selection
infrastructure:test: (1 row)
infrastructure:test: 
infrastructure:test:                    is                    
infrastructure:test: -----------------------------------------
infrastructure:test:  ok 14 - unknown tenant and actor denied
infrastructure:test: (1 row)
infrastructure:test: 
infrastructure:test:                  ok                  
infrastructure:test: -------------------------------------
infrastructure:test:  ok 15 - complete Annex I node count
infrastructure:test: (1 row)
infrastructure:test: 
infrastructure:test:                   ok                  
infrastructure:test: --------------------------------------
infrastructure:test:  ok 16 - both Annex I parts are roots
infrastructure:test: (1 row)
infrastructure:test: 
infrastructure:test:                   ok                   
infrastructure:test: ---------------------------------------
infrastructure:test:  ok 17 - preorder numbers are complete
infrastructure:test: (1 row)
infrastructure:test: 
infrastructure:test: CREATE FUNCTION
infrastructure:test:              is             
infrastructure:test: ----------------------------
infrastructure:test:  ok 18 - valid pack imports
infrastructure:test: (1 row)
infrastructure:test: 
infrastructure:test:                     is                    
infrastructure:test: ------------------------------------------
infrastructure:test:  ok 19 - identical reimport is idempotent
infrastructure:test: (1 row)
infrastructure:test: 
infrastructure:test:                           lives_ok                          
infrastructure:test: ------------------------------------------------------------
infrastructure:test:  ok 20 - reordering the same requirement tree is idempotent
infrastructure:test: (1 row)
infrastructure:test: 
infrastructure:test:                         throws_ok                        
infrastructure:test: ---------------------------------------------------------
infrastructure:test:  ok 21 - same version with different content is rejected
infrastructure:test: (1 row)
infrastructure:test: 
infrastructure:test:                throws_ok                
infrastructure:test: ----------------------------------------
infrastructure:test:  ok 22 - unsupported schema is rejected
infrastructure:test: (1 row)
infrastructure:test: 
infrastructure:test:                        throws_ok                        
infrastructure:test: --------------------------------------------------------
infrastructure:test:  ok 23 - duplicate stable requirement keys are rejected
infrastructure:test: (1 row)
infrastructure:test: 
infrastructure:test:              throws_ok              
infrastructure:test: ------------------------------------
infrastructure:test:  ok 24 - missing parent is rejected
infrastructure:test: (1 row)
infrastructure:test: 
infrastructure:test:          throws_ok         
infrastructure:test: ---------------------------
infrastructure:test:  ok 25 - cycle is rejected
infrastructure:test: (1 row)
infrastructure:test: 
infrastructure:test:             throws_ok             
infrastructure:test: ----------------------------------
infrastructure:test:  ok 26 - HTML payload is rejected
infrastructure:test: (1 row)
infrastructure:test: 
infrastructure:test:                             ok                             
infrastructure:test: -----------------------------------------------------------
infrastructure:test:  ok 27 - failed imports do not append partial requirements
infrastructure:test: (1 row)
infrastructure:test: 
infrastructure:test:                 throws_ok                 
infrastructure:test: ------------------------------------------
infrastructure:test:  ok 28 - imported text cannot be modified
infrastructure:test: (1 row)
infrastructure:test: 
infrastructure:test:                        is                       
infrastructure:test: ------------------------------------------------
infrastructure:test:  ok 29 - a new edition may rename a requirement
infrastructure:test: (1 row)
infrastructure:test: 
infrastructure:test:                                     ok                                    
infrastructure:test: --------------------------------------------------------------------------
infrastructure:test:  ok 30 - stable requirement key survives a display rename across versions
infrastructure:test: (1 row)
infrastructure:test: 
infrastructure:test: CREATE FUNCTION
infrastructure:test: CREATE TRIGGER
infrastructure:test:                  throws_ok                  
infrastructure:test: --------------------------------------------
infrastructure:test:  ok 31 - interrupted import raises an error
infrastructure:test: (1 row)
infrastructure:test: 
infrastructure:test:                               ok                              
infrastructure:test: --------------------------------------------------------------
infrastructure:test:  ok 32 - interrupted import leaves no selectable pack version
infrastructure:test: (1 row)
infrastructure:test: 
infrastructure:test: DROP TRIGGER
infrastructure:test: SELECT 1
infrastructure:test:                  ok                  
infrastructure:test: -------------------------------------
infrastructure:test:  ok 33 - seeded owner context exists
infrastructure:test: (1 row)
infrastructure:test: 
infrastructure:test:                        is                       
infrastructure:test: ------------------------------------------------
infrastructure:test:  ok 34 - owner explicitly selects first version
infrastructure:test: (1 row)
infrastructure:test: 
infrastructure:test:                         is                         
infrastructure:test: ---------------------------------------------------
infrastructure:test:  ok 35 - same idempotency key replays first result
infrastructure:test: (1 row)
infrastructure:test: 
infrastructure:test:                           is                           
infrastructure:test: -------------------------------------------------------
infrastructure:test:  ok 36 - idempotency key cannot change command meaning
infrastructure:test: (1 row)
infrastructure:test: 
infrastructure:test:                  is                 
infrastructure:test: ------------------------------------
infrastructure:test:  ok 37 - stale revision is rejected
infrastructure:test: (1 row)
infrastructure:test: 
infrastructure:test:                              is                              
infrastructure:test: -------------------------------------------------------------
infrastructure:test:  ok 38 - owner can disable selected pack without deleting it
infrastructure:test: (1 row)
infrastructure:test: 
infrastructure:test:                              ok                             
infrastructure:test: ------------------------------------------------------------
infrastructure:test:  ok 39 - disabled selection remains explicit and revisioned
infrastructure:test: (1 row)
infrastructure:test: 
infrastructure:test:                        ok                       
infrastructure:test: ------------------------------------------------
infrastructure:test:  ok 40 - both state changes are durably audited
infrastructure:test: (1 row)
infrastructure:test: 
infrastructure:test:                       is                       
infrastructure:test: -----------------------------------------------
infrastructure:test:  ok 41 - actor cannot select in another tenant
infrastructure:test: (1 row)
infrastructure:test: 
infrastructure:test: INSERT 0 1
infrastructure:test:                                is                               
infrastructure:test: ----------------------------------------------------------------
infrastructure:test:  ok 42 - view denial overrides manage grant in scoped selection
infrastructure:test: (1 row)
infrastructure:test: 
infrastructure:test:                                ok                               
infrastructure:test: ----------------------------------------------------------------
infrastructure:test:  ok 43 - tenant export registers organization framework choices
infrastructure:test: (1 row)
infrastructure:test: 
infrastructure:test:                                   ok                                  
infrastructure:test: ----------------------------------------------------------------------
infrastructure:test:  ok 44 - tenant export materializer locks selections during snapshots
infrastructure:test: (1 row)
infrastructure:test: 
infrastructure:test:  finish 
infrastructure:test: --------
infrastructure:test: (0 rows)
infrastructure:test: 
infrastructure:test: ROLLBACK
infrastructure:test: Running tests/m10-02-control-library.test.sql
infrastructure:test: BEGIN
infrastructure:test: CREATE EXTENSION
infrastructure:test:  no_plan 
infrastructure:test: ---------
infrastructure:test: (0 rows)
infrastructure:test: 
infrastructure:test:              ok             
infrastructure:test: ----------------------------
infrastructure:test:  ok 1 - control heads exist
infrastructure:test: (1 row)
infrastructure:test: 
infrastructure:test:                     ok                    
infrastructure:test: ------------------------------------------
infrastructure:test:  ok 2 - immutable control revisions exist
infrastructure:test: (1 row)
infrastructure:test: 
infrastructure:test:                     ok                     
infrastructure:test: -------------------------------------------
infrastructure:test:  ok 3 - exact evidence-version links exist
infrastructure:test: (1 row)
infrastructure:test: 
infrastructure:test:                   ok                  
infrastructure:test: --------------------------------------
infrastructure:test:  ok 4 - version-pinned mappings exist
infrastructure:test: (1 row)
infrastructure:test: 
infrastructure:test:                 ok                 
infrastructure:test: -----------------------------------
infrastructure:test:  ok 5 - mapping product set exists
infrastructure:test: (1 row)
infrastructure:test: 
infrastructure:test:                  ok                  
infrastructure:test: -------------------------------------
infrastructure:test:  ok 6 - durable deduplication exists
infrastructure:test: (1 row)
infrastructure:test: 
infrastructure:test:                   ok                  
infrastructure:test: --------------------------------------
infrastructure:test:  ok 7 - atomic control command exists
infrastructure:test: (1 row)
infrastructure:test: 
infrastructure:test:                         ok                         
infrastructure:test: ---------------------------------------------------
infrastructure:test:  ok 8 - browser roles cannot create schema objects
infrastructure:test: (1 row)
infrastructure:test: 
infrastructure:test:                            ok                            
infrastructure:test: ---------------------------------------------------------
infrastructure:test:  ok 9 - existing immutable framework text remains intact
infrastructure:test: (1 row)
infrastructure:test: 
infrastructure:test:                          ok                          
infrastructure:test: -----------------------------------------------------
infrastructure:test:  ok 10 - existing evidence versions remain available
infrastructure:test: (1 row)
infrastructure:test: 
infrastructure:test:                        ok                       
infrastructure:test: ------------------------------------------------
infrastructure:test:  ok 11 - existing M7 snapshots remain available
infrastructure:test: (1 row)
infrastructure:test: 
infrastructure:test:                        ok                       
infrastructure:test: ------------------------------------------------
infrastructure:test:  ok 12 - existing audit store remains available
infrastructure:test: (1 row)
infrastructure:test: 
infrastructure:test:                          ok                         
infrastructure:test: ----------------------------------------------------
infrastructure:test:  ok 13 - existing selection store remains available
infrastructure:test: (1 row)
infrastructure:test: 
infrastructure:test:                         ok                        
infrastructure:test: --------------------------------------------------
infrastructure:test:  ok 14 - existing product store remains available
infrastructure:test: (1 row)
infrastructure:test: 
infrastructure:test:                        ok                        
infrastructure:test: -------------------------------------------------
infrastructure:test:  ok 15 - existing member store remains available
infrastructure:test: (1 row)
infrastructure:test: 
infrastructure:test:                       ok                       
infrastructure:test: -----------------------------------------------
infrastructure:test:  ok 16 - control RLS is enabled and non-forced
infrastructure:test: (1 row)
infrastructure:test: 
infrastructure:test:                       ok                       
infrastructure:test: -----------------------------------------------
infrastructure:test:  ok 17 - mapping RLS is enabled and non-forced
infrastructure:test: (1 row)
infrastructure:test: 
infrastructure:test:                                   ok                                  
infrastructure:test: ----------------------------------------------------------------------
infrastructure:test:  ok 18 - tenant purge cascades explicit control product applicability
infrastructure:test: (1 row)
infrastructure:test: 
infrastructure:test:                              ok                             
infrastructure:test: ------------------------------------------------------------
infrastructure:test:  ok 19 - tenant purge cascades exact evidence-version links
infrastructure:test: (1 row)
infrastructure:test: 
infrastructure:test:                                 ok                                 
infrastructure:test: -------------------------------------------------------------------
infrastructure:test:  ok 20 - mutable control head uses the standard updated_at trigger
infrastructure:test: (1 row)
infrastructure:test: 
infrastructure:test:                          ok                         
infrastructure:test: ----------------------------------------------------
infrastructure:test:  ok 21 - browser role cannot read controls directly
infrastructure:test: (1 row)
infrastructure:test: 
infrastructure:test:                               ok                               
infrastructure:test: ---------------------------------------------------------------
infrastructure:test:  ok 22 - service role cannot bypass command for control writes
infrastructure:test: (1 row)
infrastructure:test: 
infrastructure:test:                        ok                       
infrastructure:test: ------------------------------------------------
infrastructure:test:  ok 23 - service role can invoke scoped command
infrastructure:test: (1 row)
infrastructure:test: 
infrastructure:test:                         ok                         
infrastructure:test: ---------------------------------------------------
infrastructure:test:  ok 24 - browser role cannot invoke scoped command
infrastructure:test: (1 row)
infrastructure:test: 
infrastructure:test:                                    ok                                    
infrastructure:test: -------------------------------------------------------------------------
infrastructure:test:  ok 25 - private implementation cannot be called by runtime service role
infrastructure:test: (1 row)
infrastructure:test: 
infrastructure:test:                                 is                                 
infrastructure:test: -------------------------------------------------------------------
infrastructure:test:  ok 26 - five durable control tables are included in tenant export
infrastructure:test: (1 row)
infrastructure:test: 
infrastructure:test:                                ok                                
infrastructure:test: -----------------------------------------------------------------
infrastructure:test:  ok 27 - tenant export snapshots control tables under SHARE lock
infrastructure:test: (1 row)
infrastructure:test: 
infrastructure:test: SELECT 1
infrastructure:test: INSERT 0 1
infrastructure:test: SELECT 1
infrastructure:test: INSERT 0 1
infrastructure:test:                                           is                                           
infrastructure:test: ---------------------------------------------------------------------------------------
infrastructure:test:  ok 28 - valid control ID from another tenant is invisible under selected organization
infrastructure:test: (1 row)
infrastructure:test: 
infrastructure:test:                                         lives_ok                                        
infrastructure:test: ----------------------------------------------------------------------------------------
infrastructure:test:  ok 29 - authorized tenant deletion can cascade control history after M1 retention gate
infrastructure:test: (1 row)
infrastructure:test: 
infrastructure:test:                           is                           
infrastructure:test: -------------------------------------------------------
infrastructure:test:  ok 30 - tenant purge leaves no orphan control records
infrastructure:test: (1 row)
infrastructure:test: 
infrastructure:test: SELECT 1
infrastructure:test:                            is                           
infrastructure:test: --------------------------------------------------------
infrastructure:test:  ok 31 - owner and active product fixture are available
infrastructure:test: (1 row)
infrastructure:test: 
infrastructure:test: SELECT 1
infrastructure:test: SELECT 1
infrastructure:test: INSERT 0 1
infrastructure:test: UPDATE 1
infrastructure:test: UPDATE 1
infrastructure:test: UPDATE 1
infrastructure:test:                           is                           
infrastructure:test: -------------------------------------------------------
infrastructure:test:  ok 32 - rollback-only clean evidence version is ready
infrastructure:test: (1 row)
infrastructure:test: 
infrastructure:test: CREATE FUNCTION
infrastructure:test:                                 is                                 
infrastructure:test: -------------------------------------------------------------------
infrastructure:test:  ok 33 - owner can select the tested pack in rollback-only fixture
infrastructure:test: (1 row)
infrastructure:test: 
infrastructure:test:                    is                   
infrastructure:test: ----------------------------------------
infrastructure:test:  ok 34 - cross-tenant command is denied
infrastructure:test: (1 row)
infrastructure:test: 
infrastructure:test:                        is                        
infrastructure:test: -------------------------------------------------
infrastructure:test:  ok 35 - hostile title is rejected before insert
infrastructure:test: (1 row)
infrastructure:test: 
infrastructure:test: SELECT 1
infrastructure:test:              is             
infrastructure:test: ----------------------------
infrastructure:test:  ok 36 - control is created
infrastructure:test: (1 row)
infrastructure:test: 
infrastructure:test:                        is                       
infrastructure:test: ------------------------------------------------
infrastructure:test:  ok 37 - created control starts at revision one
infrastructure:test: (1 row)
infrastructure:test: 
infrastructure:test:                               is                              
infrastructure:test: --------------------------------------------------------------
infrastructure:test:  ok 38 - retry of same idempotency key returns stored outcome
infrastructure:test: (1 row)
infrastructure:test: 
infrastructure:test:                               is                              
infrastructure:test: --------------------------------------------------------------
infrastructure:test:  ok 39 - idempotency key cannot be reused for changed content
infrastructure:test: (1 row)
infrastructure:test: 
infrastructure:test:                        is                       
infrastructure:test: ------------------------------------------------
infrastructure:test:  ok 40 - replay does not create another control
infrastructure:test: (1 row)
infrastructure:test: 
infrastructure:test:                             is                             
infrastructure:test: -----------------------------------------------------------
infrastructure:test:  ok 41 - malformed product collection returns stable error
infrastructure:test: (1 row)
infrastructure:test: 
infrastructure:test: CREATE FUNCTION
infrastructure:test: CREATE TRIGGER
infrastructure:test:                            throws_ok                            
infrastructure:test: ----------------------------------------------------------------
infrastructure:test:  ok 42 - audit failure rolls back the security-critical command
infrastructure:test: (1 row)
infrastructure:test: 
infrastructure:test: DROP TRIGGER
infrastructure:test:                             is                            
infrastructure:test: ----------------------------------------------------------
infrastructure:test:  ok 43 - failed audit leaves no partially created control
infrastructure:test: (1 row)
infrastructure:test: 
infrastructure:test:                  is                 
infrastructure:test: ------------------------------------
infrastructure:test:  ok 44 - stale revision is rejected
infrastructure:test: (1 row)
infrastructure:test: 
infrastructure:test:                         is                         
infrastructure:test: ---------------------------------------------------
infrastructure:test:  ok 45 - status cannot skip in-progress transition
infrastructure:test: (1 row)
infrastructure:test: 
infrastructure:test:                    is                   
infrastructure:test: ----------------------------------------
infrastructure:test:  ok 46 - status advances to in progress
infrastructure:test: (1 row)
infrastructure:test: 
infrastructure:test:                    is                   
infrastructure:test: ----------------------------------------
infrastructure:test:  ok 47 - status advances to implemented
infrastructure:test: (1 row)
infrastructure:test: 
infrastructure:test:                      is                      
infrastructure:test: ---------------------------------------------
infrastructure:test:  ok 48 - backward status change needs reason
infrastructure:test: (1 row)
infrastructure:test: 
infrastructure:test:                          is                         
infrastructure:test: ----------------------------------------------------
infrastructure:test:  ok 49 - reasoned backward status change is allowed
infrastructure:test: (1 row)
infrastructure:test: 
infrastructure:test:                               is                              
infrastructure:test: --------------------------------------------------------------
infrastructure:test:  ok 50 - every control state change has an immutable revision
infrastructure:test: (1 row)
infrastructure:test: 
infrastructure:test:                             is                             
infrastructure:test: -----------------------------------------------------------
infrastructure:test:  ok 51 - evidence link cannot substitute a foreign product
infrastructure:test: (1 row)
infrastructure:test: 
infrastructure:test: SELECT 1
infrastructure:test:                   is                   
infrastructure:test: ---------------------------------------
infrastructure:test:  ok 52 - clean exact version is linked
infrastructure:test: (1 row)
infrastructure:test: 
infrastructure:test:                           is                          
infrastructure:test: ------------------------------------------------------
infrastructure:test:  ok 53 - duplicate active evidence link is idempotent
infrastructure:test: (1 row)
infrastructure:test: 
infrastructure:test: SELECT 1
infrastructure:test:                        is                       
infrastructure:test: ------------------------------------------------
infrastructure:test:  ok 54 - mapping pins exact requirement version
infrastructure:test: (1 row)
infrastructure:test: 
infrastructure:test:                             is                             
infrastructure:test: -----------------------------------------------------------
infrastructure:test:  ok 55 - mapping has exactly the explicit selected product
infrastructure:test: (1 row)
infrastructure:test: 
infrastructure:test:                       is                       
infrastructure:test: -----------------------------------------------
infrastructure:test:  ok 56 - duplicate mapping has stable identity
infrastructure:test: (1 row)
infrastructure:test: 
infrastructure:test:                                 is                                
infrastructure:test: ------------------------------------------------------------------
infrastructure:test:  ok 57 - mapping edit cannot retarget stable requirement identity
infrastructure:test: (1 row)
infrastructure:test: 
infrastructure:test:                        is                        
infrastructure:test: -------------------------------------------------
infrastructure:test:  ok 58 - mapping edit creates new historical row
infrastructure:test: (1 row)
infrastructure:test: 
infrastructure:test:                       ok                       
infrastructure:test: -----------------------------------------------
infrastructure:test:  ok 59 - superseded mapping remains as history
infrastructure:test: (1 row)
infrastructure:test: 
infrastructure:test:                   is                   
infrastructure:test: ---------------------------------------
infrastructure:test:  ok 60 - control archive is revisioned
infrastructure:test: (1 row)
infrastructure:test: 
infrastructure:test:                           ok                           
infrastructure:test: -------------------------------------------------------
infrastructure:test:  ok 61 - archive preserves exact evidence link history
infrastructure:test: (1 row)
infrastructure:test: 
infrastructure:test:                             ok                            
infrastructure:test: ----------------------------------------------------------
infrastructure:test:  ok 62 - archive preserves version-pinned mapping history
infrastructure:test: (1 row)
infrastructure:test: 
infrastructure:test:                                   ok                                  
infrastructure:test: ----------------------------------------------------------------------
infrastructure:test:  ok 63 - every state change has durable audit in the same transaction
infrastructure:test: (1 row)
infrastructure:test: 
infrastructure:test: UPDATE 1
infrastructure:test:                            ok                            
infrastructure:test: ---------------------------------------------------------
infrastructure:test:  ok 64 - inactive owner remains visible as ownership gap
infrastructure:test: (1 row)
infrastructure:test: 
infrastructure:test:  finish 
infrastructure:test: --------
infrastructure:test:  1..64
infrastructure:test: (1 row)
infrastructure:test: 
infrastructure:test: ROLLBACK
infrastructure:test: Running tests/m10-02-evidence-reuse.test.sql
infrastructure:test: BEGIN
infrastructure:test: CREATE EXTENSION
infrastructure:test:  no_plan 
infrastructure:test: ---------
infrastructure:test: (0 rows)
infrastructure:test: 
infrastructure:test:                 ok                 
infrastructure:test: -----------------------------------
infrastructure:test:  ok 1 - reuse RPC remains callable
infrastructure:test: (1 row)
infrastructure:test: 
infrastructure:test:                     ok                     
infrastructure:test: -------------------------------------------
infrastructure:test:  ok 2 - reuse RPC is service-role mediated
infrastructure:test: (1 row)
infrastructure:test: 
infrastructure:test:                        ok                       
infrastructure:test: ------------------------------------------------
infrastructure:test:  ok 3 - reuse function has a pinned search path
infrastructure:test: (1 row)
infrastructure:test: 
infrastructure:test:                          ok                         
infrastructure:test: ----------------------------------------------------
infrastructure:test:  ok 4 - evidence permission gates the base response
infrastructure:test: (1 row)
infrastructure:test: 
infrastructure:test:                        ok                        
infrastructure:test: -------------------------------------------------
infrastructure:test:  ok 5 - framework permission gates control links
infrastructure:test: (1 row)
infrastructure:test: 
infrastructure:test:                       ok                       
infrastructure:test: -----------------------------------------------
infrastructure:test:  ok 6 - product permission gates control links
infrastructure:test: (1 row)
infrastructure:test: 
infrastructure:test:                          ok                          
infrastructure:test: -----------------------------------------------------
infrastructure:test:  ok 7 - reverse links pin the exact evidence version
infrastructure:test: (1 row)
infrastructure:test: 
infrastructure:test:                         ok                         
infrastructure:test: ---------------------------------------------------
infrastructure:test:  ok 8 - reverse links do not reveal other products
infrastructure:test: (1 row)
infrastructure:test: 
infrastructure:test:                                ok                               
infrastructure:test: ----------------------------------------------------------------
infrastructure:test:  ok 9 - current projection excludes ended and archived controls
infrastructure:test: (1 row)
infrastructure:test: 
infrastructure:test:                    is                   
infrastructure:test: ----------------------------------------
infrastructure:test:  ok 10 - unverified caller fails closed
infrastructure:test: (1 row)
infrastructure:test: 
infrastructure:test: SELECT 1
infrastructure:test:                                          is                                          
infrastructure:test: -------------------------------------------------------------------------------------
infrastructure:test:  ok 11 - run-scoped fixture has an owner, active product, and clean evidence version
infrastructure:test: (1 row)
infrastructure:test: 
infrastructure:test:                                ok                               
infrastructure:test: ----------------------------------------------------------------
infrastructure:test:  ok 12 - reviewed framework version is selected for the fixture
infrastructure:test: (1 row)
infrastructure:test: 
infrastructure:test: SELECT 1
infrastructure:test:                          is                         
infrastructure:test: ----------------------------------------------------
infrastructure:test:  ok 13 - fixture control is created transactionally
infrastructure:test: (1 row)
infrastructure:test: 
infrastructure:test:                        is                       
infrastructure:test: ------------------------------------------------
infrastructure:test:  ok 14 - fixture pins exact version and product
infrastructure:test: (1 row)
infrastructure:test: 
infrastructure:test:                           is                          
infrastructure:test: ------------------------------------------------------
infrastructure:test:  ok 15 - fixture maps one requirement for the product
infrastructure:test: (1 row)
infrastructure:test: 
infrastructure:test: SELECT 1
infrastructure:test:                       is                      
infrastructure:test: ----------------------------------------------
infrastructure:test:  ok 16 - authorized exact reuse read succeeds
infrastructure:test: (1 row)
infrastructure:test: 
infrastructure:test:                       is                       
infrastructure:test: -----------------------------------------------
infrastructure:test:  ok 17 - one current control link is projected
infrastructure:test: (1 row)
infrastructure:test: 
infrastructure:test:                         ok                         
infrastructure:test: ---------------------------------------------------
infrastructure:test:  ok 18 - reverse link keeps exact evidence version
infrastructure:test: (1 row)
infrastructure:test: 
infrastructure:test:                           is                          
infrastructure:test: ------------------------------------------------------
infrastructure:test:  ok 19 - only the applicable requirement is projected
infrastructure:test: (1 row)
infrastructure:test: 
infrastructure:test:                              ok                             
infrastructure:test: ------------------------------------------------------------
infrastructure:test:  ok 20 - bounded projection reports whether more rows exist
infrastructure:test: (1 row)
infrastructure:test: 
infrastructure:test:                            ok                            
infrastructure:test: ---------------------------------------------------------
infrastructure:test:  ok 21 - framework reverse link omits product identifier
infrastructure:test: (1 row)
infrastructure:test: 
infrastructure:test:                         is                         
infrastructure:test: ---------------------------------------------------
infrastructure:test:  ok 22 - foreign product substitution fails closed
infrastructure:test: (1 row)
infrastructure:test: 
infrastructure:test:                                 is                                
infrastructure:test: ------------------------------------------------------------------
infrastructure:test:  ok 23 - different evidence version cannot inherit a reverse link
infrastructure:test: (1 row)
infrastructure:test: 
infrastructure:test: INSERT 0 1
infrastructure:test:                                       ok                                      
infrastructure:test: ------------------------------------------------------------------------------
infrastructure:test:  ok 24 - fixture actor retains evidence and frameworks but loses product view
infrastructure:test: (1 row)
infrastructure:test: 
infrastructure:test:                                         ok                                         
infrastructure:test: -----------------------------------------------------------------------------------
infrastructure:test:  ok 25 - M8 reuse hides control links and continuation when product view is denied
infrastructure:test: (1 row)
infrastructure:test: 
infrastructure:test: UPDATE 1
infrastructure:test: INSERT 0 1
infrastructure:test:                                            is                                            
infrastructure:test: -----------------------------------------------------------------------------------------
infrastructure:test:  ok 26 - framework permission denial hides control links while evidence remains readable
infrastructure:test: (1 row)
infrastructure:test: 
infrastructure:test: UPDATE 1
infrastructure:test:                   is                   
infrastructure:test: ---------------------------------------
infrastructure:test:  ok 27 - evidence unlink is revisioned
infrastructure:test: (1 row)
infrastructure:test: 
infrastructure:test:                                   is                                   
infrastructure:test: -----------------------------------------------------------------------
infrastructure:test:  ok 28 - ended evidence link is absent from current reverse projection
infrastructure:test: (1 row)
infrastructure:test: 
infrastructure:test:                         is                        
infrastructure:test: --------------------------------------------------
infrastructure:test:  ok 29 - new exact link can be added after unlink
infrastructure:test: (1 row)
infrastructure:test: 
infrastructure:test:                   is                   
infrastructure:test: ---------------------------------------
infrastructure:test:  ok 30 - control archive is revisioned
infrastructure:test: (1 row)
infrastructure:test: 
infrastructure:test:                                  is                                 
infrastructure:test: --------------------------------------------------------------------
infrastructure:test:  ok 31 - archived control is absent from current reverse projection
infrastructure:test: (1 row)
infrastructure:test: 
infrastructure:test:  finish 
infrastructure:test: --------
infrastructure:test:  1..31
infrastructure:test: (1 row)
infrastructure:test: 
infrastructure:test: ROLLBACK
infrastructure:test: Running tests/m10-03-coverage-gaps.test.sql
infrastructure:test: BEGIN
infrastructure:test: CREATE EXTENSION
infrastructure:test:  no_plan 
infrastructure:test: ---------
infrastructure:test: (0 rows)
infrastructure:test: 
infrastructure:test:                          ok                         
infrastructure:test: ----------------------------------------------------
infrastructure:test:  ok 1 - approved product applicability is persisted
infrastructure:test: (1 row)
infrastructure:test: 
infrastructure:test:                        ok                       
infrastructure:test: ------------------------------------------------
infrastructure:test:  ok 2 - coverage recalculation state is durable
infrastructure:test: (1 row)
infrastructure:test: 
infrastructure:test:                    ok                   
infrastructure:test: ----------------------------------------
infrastructure:test:  ok 3 - requirement results are durable
infrastructure:test: (1 row)
infrastructure:test: 
infrastructure:test:                    ok                   
infrastructure:test: ----------------------------------------
infrastructure:test:  ok 4 - applicability command is atomic
infrastructure:test: (1 row)
infrastructure:test: 
infrastructure:test:                          ok                         
infrastructure:test: ----------------------------------------------------
infrastructure:test:  ok 5 - scoped coverage requests notice date expiry
infrastructure:test: (1 row)
infrastructure:test: 
infrastructure:test:                ok               
infrastructure:test: --------------------------------
infrastructure:test:  ok 6 - worker lease is durable
infrastructure:test: (1 row)
infrastructure:test: 
infrastructure:test:                    ok                   
infrastructure:test: ----------------------------------------
infrastructure:test:  ok 7 - worker recalculation is durable
infrastructure:test: (1 row)
infrastructure:test: 
infrastructure:test:                                   ok                                   
infrastructure:test: -----------------------------------------------------------------------
infrastructure:test:  ok 8 - coverage summary is bounded and consistent with projected rows
infrastructure:test: (1 row)
infrastructure:test: 
infrastructure:test:                          ok                          
infrastructure:test: -----------------------------------------------------
infrastructure:test:  ok 9 - worker failures have a retryable error state
infrastructure:test: (1 row)
infrastructure:test: 
infrastructure:test:                             ok                             
infrastructure:test: -----------------------------------------------------------
infrastructure:test:  ok 10 - browser roles cannot infer coverage rows directly
infrastructure:test: (1 row)
infrastructure:test: 
infrastructure:test:                          ok                         
infrastructure:test: ----------------------------------------------------
infrastructure:test:  ok 11 - browser roles cannot approve applicability
infrastructure:test: (1 row)
infrastructure:test: 
infrastructure:test:                       ok                      
infrastructure:test: ----------------------------------------------
infrastructure:test:  ok 12 - service role may call scoped command
infrastructure:test: (1 row)
infrastructure:test: 
infrastructure:test:                               is                              
infrastructure:test: --------------------------------------------------------------
infrastructure:test:  ok 13 - approved applicability participates in tenant export
infrastructure:test: (1 row)
infrastructure:test: 
infrastructure:test: SELECT 1
infrastructure:test:                  is                 
infrastructure:test: ------------------------------------
infrastructure:test:  ok 14 - local owner fixture exists
infrastructure:test: (1 row)
infrastructure:test: 
infrastructure:test:                     is                    
infrastructure:test: ------------------------------------------
infrastructure:test:  ok 15 - fixture selects the current pack
infrastructure:test: (1 row)
infrastructure:test: 
infrastructure:test:                         is                        
infrastructure:test: --------------------------------------------------
infrastructure:test:  ok 16 - first read schedules an uncomputed scope
infrastructure:test: (1 row)
infrastructure:test: 
infrastructure:test: UPDATE 1
infrastructure:test: SELECT 1
infrastructure:test:                  is                  
infrastructure:test: -------------------------------------
infrastructure:test:  ok 17 - worker claims pending scope
infrastructure:test: (1 row)
infrastructure:test: 
infrastructure:test:                    is                    
infrastructure:test: -----------------------------------------
infrastructure:test:  ok 18 - leased worker computes coverage
infrastructure:test: (1 row)
infrastructure:test: 
infrastructure:test:                          is                          
infrastructure:test: -----------------------------------------------------
infrastructure:test:  ok 19 - all 25 requirement nodes project atomically
infrastructure:test: (1 row)
infrastructure:test: 
infrastructure:test:                         is                         
infrastructure:test: ---------------------------------------------------
infrastructure:test:  ok 20 - two Part headings are outside denominator
infrastructure:test: (1 row)
infrastructure:test: 
infrastructure:test:                         is                         
infrastructure:test: ---------------------------------------------------
infrastructure:test:  ok 21 - numbered clauses begin as actionable gaps
infrastructure:test: (1 row)
infrastructure:test: 
infrastructure:test:                  is                  
infrastructure:test: -------------------------------------
infrastructure:test:  ok 22 - summary matches detail gaps
infrastructure:test: (1 row)
infrastructure:test: 
infrastructure:test: SELECT 1
infrastructure:test:                            is                            
infrastructure:test: ---------------------------------------------------------
infrastructure:test:  ok 23 - owner may approve a numbered clause with reason
infrastructure:test: (1 row)
infrastructure:test: 
infrastructure:test:                                is                               
infrastructure:test: ----------------------------------------------------------------
infrastructure:test:  ok 24 - applicability mutation invalidates prior green results
infrastructure:test: (1 row)
infrastructure:test: 
infrastructure:test:                        ok                        
infrastructure:test: -------------------------------------------------
infrastructure:test:  ok 25 - stale rows cannot produce green summary
infrastructure:test: (1 row)
infrastructure:test: 
infrastructure:test:                        is                        
infrastructure:test: -------------------------------------------------
infrastructure:test:  ok 26 - expected revision updates applicability
infrastructure:test: (1 row)
infrastructure:test: 
infrastructure:test:                  is                 
infrastructure:test: ------------------------------------
infrastructure:test:  ok 27 - stale revision is rejected
infrastructure:test: (1 row)
infrastructure:test: 
infrastructure:test:                             is                            
infrastructure:test: ----------------------------------------------------------
infrastructure:test:  ok 28 - tenant substitution cannot approve applicability
infrastructure:test: (1 row)
infrastructure:test: 
infrastructure:test:                           is                           
infrastructure:test: -------------------------------------------------------
infrastructure:test:  ok 29 - expected revision zero creates a new approval
infrastructure:test: (1 row)
infrastructure:test: 
infrastructure:test: SELECT 1
infrastructure:test:                                is                               
infrastructure:test: ----------------------------------------------------------------
infrastructure:test:  ok 30 - first applicability command with stable key is applied
infrastructure:test: (1 row)
infrastructure:test: 
infrastructure:test:                                    is                                   
infrastructure:test: ------------------------------------------------------------------------
infrastructure:test:  ok 31 - identical retry returns stored result without another revision
infrastructure:test: (1 row)
infrastructure:test: 
infrastructure:test:                         is                        
infrastructure:test: --------------------------------------------------
infrastructure:test:  ok 32 - identical retry does not change revision
infrastructure:test: (1 row)
infrastructure:test: 
infrastructure:test: SELECT 1
infrastructure:test: UPDATE 1
infrastructure:test:                      is                     
infrastructure:test: --------------------------------------------
infrastructure:test:  ok 33 - invalidated scope can be reclaimed
infrastructure:test: (1 row)
infrastructure:test: 
infrastructure:test:                      is                     
infrastructure:test: --------------------------------------------
infrastructure:test:  ok 34 - new approval recalculates coverage
infrastructure:test: (1 row)
infrastructure:test: 
infrastructure:test:                                is                                
infrastructure:test: -----------------------------------------------------------------
infrastructure:test:  ok 35 - approved non-applicability is separate from denominator
infrastructure:test: (1 row)
infrastructure:test: 
infrastructure:test:                               is                               
infrastructure:test: ---------------------------------------------------------------
infrastructure:test:  ok 36 - structural and excluded nodes are outside denominator
infrastructure:test: (1 row)
infrastructure:test: 
infrastructure:test: UPDATE 1
infrastructure:test:                                  is                                  
infrastructure:test: ---------------------------------------------------------------------
infrastructure:test:  ok 37 - clock boundary expires current coverage before presentation
infrastructure:test: (1 row)
infrastructure:test: 
infrastructure:test:                              ok                             
infrastructure:test: ------------------------------------------------------------
infrastructure:test:  ok 38 - clock-expired summary cannot present green results
infrastructure:test: (1 row)
infrastructure:test: 
infrastructure:test: CREATE FUNCTION
infrastructure:test:                  is                 
infrastructure:test: ------------------------------------
infrastructure:test:  ok 39 - expired scope recalculates
infrastructure:test: (1 row)
infrastructure:test: 
infrastructure:test: SELECT 1
infrastructure:test: INSERT 0 1
infrastructure:test: SELECT 1
infrastructure:test: INSERT 0 1
infrastructure:test: SELECT 1
infrastructure:test: SELECT 1
infrastructure:test: INSERT 0 1
infrastructure:test: UPDATE 1
infrastructure:test: UPDATE 1
infrastructure:test: SELECT 1
infrastructure:test:                   is                  
infrastructure:test: --------------------------------------
infrastructure:test:  ok 40 - mapped evidence recalculates
infrastructure:test: (1 row)
infrastructure:test: 
infrastructure:test:                                  is                                  
infrastructure:test: ---------------------------------------------------------------------
infrastructure:test:  ok 41 - implemented control and clean valid version resolve the gap
infrastructure:test: (1 row)
infrastructure:test: 
infrastructure:test: UPDATE 1
infrastructure:test:                        is                        
infrastructure:test: -------------------------------------------------
infrastructure:test:  ok 42 - quarantine invalidates and recalculates
infrastructure:test: (1 row)
infrastructure:test: 
infrastructure:test:                          is                          
infrastructure:test: -----------------------------------------------------
infrastructure:test:  ok 43 - quarantined evidence becomes a specific gap
infrastructure:test: (1 row)
infrastructure:test: 
infrastructure:test: UPDATE 1
infrastructure:test:                      is                      
infrastructure:test: ---------------------------------------------
infrastructure:test:  ok 44 - unlink invalidates and recalculates
infrastructure:test: (1 row)
infrastructure:test: 
infrastructure:test:                                 is                                
infrastructure:test: ------------------------------------------------------------------
infrastructure:test:  ok 45 - unlink exposes missing evidence without deleting history
infrastructure:test: (1 row)
infrastructure:test: 
infrastructure:test: SELECT 1
infrastructure:test: INSERT 0 1
infrastructure:test: SELECT 1
infrastructure:test: INSERT 0 1
infrastructure:test: INSERT 0 1
infrastructure:test:                  is                 
infrastructure:test: ------------------------------------
infrastructure:test:  ok 46 - mixed controls recalculate
infrastructure:test: (1 row)
infrastructure:test: 
infrastructure:test:                                         is                                        
infrastructure:test: ----------------------------------------------------------------------------------
infrastructure:test:  ok 47 - unfinished control quarantine does not mask implemented missing evidence
infrastructure:test: (1 row)
infrastructure:test: 
infrastructure:test: SELECT 1
infrastructure:test: INSERT 0 1
infrastructure:test: UPDATE 1
infrastructure:test: INSERT 0 1
infrastructure:test:                           is                           
infrastructure:test: -------------------------------------------------------
infrastructure:test:  ok 48 - expired evidence invalidates and recalculates
infrastructure:test: (1 row)
infrastructure:test: 
infrastructure:test:                              is                             
infrastructure:test: ------------------------------------------------------------
infrastructure:test:  ok 49 - retained but expired evidence is not counted valid
infrastructure:test: (1 row)
infrastructure:test: 
infrastructure:test:                           is                          
infrastructure:test: ------------------------------------------------------
infrastructure:test:  ok 50 - summary and detail agree after one exclusion
infrastructure:test: (1 row)
infrastructure:test: 
infrastructure:test: SELECT 1
infrastructure:test: INSERT 0 1
infrastructure:test: UPDATE 1
infrastructure:test: INSERT 0 1
infrastructure:test:                           is                          
infrastructure:test: ------------------------------------------------------
infrastructure:test:  ok 51 - future evidence invalidates and recalculates
infrastructure:test: (1 row)
infrastructure:test: 
infrastructure:test:                         is                        
infrastructure:test: --------------------------------------------------
infrastructure:test:  ok 52 - future-start evidence is an explicit gap
infrastructure:test: (1 row)
infrastructure:test: 
infrastructure:test: UPDATE 1
infrastructure:test: SELECT 1
infrastructure:test: UPDATE 1
infrastructure:test:                                 is                                
infrastructure:test: ------------------------------------------------------------------
infrastructure:test:  ok 53 - worker leases invalidated source after quarantine clears
infrastructure:test: (1 row)
infrastructure:test: 
infrastructure:test:                         is                         
infrastructure:test: ---------------------------------------------------
infrastructure:test:  ok 54 - failed worker records bounded retry state
infrastructure:test: (1 row)
infrastructure:test: 
infrastructure:test:                         ok                         
infrastructure:test: ---------------------------------------------------
infrastructure:test:  ok 55 - worker failure never presents stale green
infrastructure:test: (1 row)
infrastructure:test: 
infrastructure:test: UPDATE 1
infrastructure:test:                                is                                
infrastructure:test: -----------------------------------------------------------------
infrastructure:test:  ok 56 - a new worker reclaims the failed scope and recalculates
infrastructure:test: (1 row)
infrastructure:test: 
infrastructure:test:                            is                            
infrastructure:test: ---------------------------------------------------------
infrastructure:test:  ok 57 - fixture disables the pack after a saved command
infrastructure:test: (1 row)
infrastructure:test: 
infrastructure:test:                               is                              
infrastructure:test: --------------------------------------------------------------
infrastructure:test:  ok 58 - same idempotency key replays after selection changes
infrastructure:test: (1 row)
infrastructure:test: 
infrastructure:test:                           is                           
infrastructure:test: -------------------------------------------------------
infrastructure:test:  ok 59 - new approval cannot change a disabled version
infrastructure:test: (1 row)
infrastructure:test: 
infrastructure:test:  finish 
infrastructure:test: --------
infrastructure:test:  1..59
infrastructure:test: (1 row)
infrastructure:test: 
infrastructure:test: ROLLBACK
infrastructure:test: Running tests/m10-04-crosswalk-upgrade.test.sql
infrastructure:test: BEGIN
infrastructure:test: CREATE EXTENSION
infrastructure:test:  plan  
infrastructure:test: -------
infrastructure:test:  1..31
infrastructure:test: (1 row)
infrastructure:test: 
infrastructure:test:                   ok                   
infrastructure:test: ---------------------------------------
infrastructure:test:  ok 1 - curated crosswalk table exists
infrastructure:test: (1 row)
infrastructure:test: 
infrastructure:test:                  ok                 
infrastructure:test: ------------------------------------
infrastructure:test:  ok 2 - upgrade review table exists
infrastructure:test: (1 row)
infrastructure:test: 
infrastructure:test:                   ok                   
infrastructure:test: ---------------------------------------
infrastructure:test:  ok 3 - upgrade decisions table exists
infrastructure:test: (1 row)
infrastructure:test: 
infrastructure:test:                            ok                           
infrastructure:test: --------------------------------------------------------
infrastructure:test:  ok 4 - rights metadata extends immutable pack versions
infrastructure:test: (1 row)
infrastructure:test: 
infrastructure:test:                      ok                     
infrastructure:test: --------------------------------------------
infrastructure:test:  ok 5 - crosswalk RLS enabled without force
infrastructure:test: (1 row)
infrastructure:test: 
infrastructure:test:                    ok                    
infrastructure:test: -----------------------------------------
infrastructure:test:  ok 6 - review RLS enabled without force
infrastructure:test: (1 row)
infrastructure:test: 
infrastructure:test:                     ok                     
infrastructure:test: -------------------------------------------
infrastructure:test:  ok 7 - decision RLS enabled without force
infrastructure:test: (1 row)
infrastructure:test: 
infrastructure:test:                         ok                        
infrastructure:test: --------------------------------------------------
infrastructure:test:  ok 8 - browser role cannot directly read reviews
infrastructure:test: (1 row)
infrastructure:test: 
infrastructure:test:                       ok                      
infrastructure:test: ----------------------------------------------
infrastructure:test:  ok 9 - service role cannot bypass review RPC
infrastructure:test: (1 row)
infrastructure:test: 
infrastructure:test:              ok              
infrastructure:test: -----------------------------
infrastructure:test:  ok 10 - service can preview
infrastructure:test: (1 row)
infrastructure:test: 
infrastructure:test:                 ok                 
infrastructure:test: -----------------------------------
infrastructure:test:  ok 11 - service can create review
infrastructure:test: (1 row)
infrastructure:test: 
infrastructure:test:                  ok                  
infrastructure:test: -------------------------------------
infrastructure:test:  ok 12 - service can record decision
infrastructure:test: (1 row)
infrastructure:test: 
infrastructure:test:                  ok                 
infrastructure:test: ------------------------------------
infrastructure:test:  ok 13 - service can commit upgrade
infrastructure:test: (1 row)
infrastructure:test: 
infrastructure:test:                   is                  
infrastructure:test: --------------------------------------
infrastructure:test:  ok 14 - unknown actor cannot preview
infrastructure:test: (1 row)
infrastructure:test: 
infrastructure:test:                      is                     
infrastructure:test: --------------------------------------------
infrastructure:test:  ok 15 - unknown actor cannot create review
infrastructure:test: (1 row)
infrastructure:test: 
infrastructure:test:                  is                  
infrastructure:test: -------------------------------------
infrastructure:test:  ok 16 - unknown actor cannot commit
infrastructure:test: (1 row)
infrastructure:test: 
infrastructure:test:                 ok                 
infrastructure:test: -----------------------------------
infrastructure:test:  ok 17 - fingerprint helper exists
infrastructure:test: (1 row)
infrastructure:test: 
infrastructure:test:                       ok                       
infrastructure:test: -----------------------------------------------
infrastructure:test:  ok 18 - curated relationships are append-only
infrastructure:test: (1 row)
infrastructure:test: 
infrastructure:test: CREATE FUNCTION
infrastructure:test:                    is                   
infrastructure:test: ----------------------------------------
infrastructure:test:  ok 19 - two source requirements import
infrastructure:test: (1 row)
infrastructure:test: 
infrastructure:test:                    is                   
infrastructure:test: ----------------------------------------
infrastructure:test:  ok 20 - two target requirements import
infrastructure:test: (1 row)
infrastructure:test: 
infrastructure:test: INSERT 0 4
infrastructure:test:                                 is                                
infrastructure:test: ------------------------------------------------------------------
infrastructure:test:  ok 21 - one source to two targets is split only by curated edges
infrastructure:test: (1 row)
infrastructure:test: 
infrastructure:test:                                 is                                 
infrastructure:test: -------------------------------------------------------------------
infrastructure:test:  ok 22 - two sources to one target is merged only by curated edges
infrastructure:test: (1 row)
infrastructure:test: 
infrastructure:test:                        ok                        
infrastructure:test: -------------------------------------------------
infrastructure:test:  ok 23 - uncertain one-way edge remains explicit
infrastructure:test: (1 row)
infrastructure:test: 
infrastructure:test:                        throws_ok                       
infrastructure:test: -------------------------------------------------------
infrastructure:test:  ok 24 - curated strength cannot be silently rewritten
infrastructure:test: (1 row)
infrastructure:test: 
infrastructure:test:                             throws_ok                            
infrastructure:test: -----------------------------------------------------------------
infrastructure:test:  ok 25 - licensed standard key requires explicit rights metadata
infrastructure:test: (1 row)
infrastructure:test: 
infrastructure:test:                                    is                                   
infrastructure:test: ------------------------------------------------------------------------
infrastructure:test:  ok 26 - licensed fixture imports only with edition and rights evidence
infrastructure:test: (1 row)
infrastructure:test: 
infrastructure:test:                           is                          
infrastructure:test: ------------------------------------------------------
infrastructure:test:  ok 27 - uncertain edge does not create another split
infrastructure:test: (1 row)
infrastructure:test: 
infrastructure:test:                          throws_ok                         
infrastructure:test: -----------------------------------------------------------
infrastructure:test:  ok 28 - table constraint rejects public law without CELEX
infrastructure:test: (1 row)
infrastructure:test: 
infrastructure:test:                              ok                              
infrastructure:test: -------------------------------------------------------------
infrastructure:test:  ok 29 - durable upgrade facts are in tenant export registry
infrastructure:test: (1 row)
infrastructure:test: 
infrastructure:test:                         ok                        
infrastructure:test: --------------------------------------------------
infrastructure:test:  ok 30 - snapshot transaction locks upgrade facts
infrastructure:test: (1 row)
infrastructure:test: 
infrastructure:test:                             ok                             
infrastructure:test: -----------------------------------------------------------
infrastructure:test:  ok 31 - authorized tenant purge cascades review decisions
infrastructure:test: (1 row)
infrastructure:test: 
infrastructure:test:  finish 
infrastructure:test: --------
infrastructure:test: (0 rows)
infrastructure:test: 
infrastructure:test: ROLLBACK
infrastructure:test: Running tests/m10-04-evidence-crosswalk.test.sql
infrastructure:test: BEGIN
infrastructure:test: CREATE EXTENSION
infrastructure:test:  plan 
infrastructure:test: ------
infrastructure:test:  1..9
infrastructure:test: (1 row)
infrastructure:test: 
infrastructure:test: CREATE FUNCTION
infrastructure:test:               is               
infrastructure:test: -------------------------------
infrastructure:test:  ok 1 - source fixture imports
infrastructure:test: (1 row)
infrastructure:test: 
infrastructure:test:               is               
infrastructure:test: -------------------------------
infrastructure:test:  ok 2 - target fixture imports
infrastructure:test: (1 row)
infrastructure:test: 
infrastructure:test:  m10_import_framework_pack 
infrastructure:test: ---------------------------
infrastructure:test:  imported
infrastructure:test: (1 row)
infrastructure:test: 
infrastructure:test: SELECT 1
infrastructure:test:                      ok                      
infrastructure:test: ---------------------------------------------
infrastructure:test:  ok 3 - clean scoped evidence fixture exists
infrastructure:test: (1 row)
infrastructure:test: 
infrastructure:test:            is           
infrastructure:test: ------------------------
infrastructure:test:  ok 4 - source selected
infrastructure:test: (1 row)
infrastructure:test: 
infrastructure:test:            is           
infrastructure:test: ------------------------
infrastructure:test:  ok 5 - target selected
infrastructure:test: (1 row)
infrastructure:test: 
infrastructure:test: INSERT 0 1
infrastructure:test: INSERT 0 1
infrastructure:test: INSERT 0 1
infrastructure:test: INSERT 0 1
infrastructure:test: INSERT 0 1
infrastructure:test: INSERT 0 1
infrastructure:test:                                     is                                     
infrastructure:test: ---------------------------------------------------------------------------
infrastructure:test:  ok 6 - valid evidence exposes advisory relation without certifying target
infrastructure:test: (1 row)
infrastructure:test: 
infrastructure:test: INSERT 0 1
infrastructure:test:                                    is                                   
infrastructure:test: ------------------------------------------------------------------------
infrastructure:test:  ok 7 - target product non-applicability independently suppresses reuse
infrastructure:test: (1 row)
infrastructure:test: 
infrastructure:test: UPDATE 1
infrastructure:test: INSERT 0 1
infrastructure:test:                                    is                                   
infrastructure:test: ------------------------------------------------------------------------
infrastructure:test:  ok 8 - source product non-applicability independently suppresses reuse
infrastructure:test: (1 row)
infrastructure:test: 
infrastructure:test: INSERT 0 1
infrastructure:test: INSERT 0 1
infrastructure:test: INSERT 0 1
infrastructure:test: INSERT 0 1
infrastructure:test: INSERT 0 1
infrastructure:test:                                    is                                    
infrastructure:test: -------------------------------------------------------------------------
infrastructure:test:  ok 9 - preview evidence IDs exclude links outside mapping product scope
infrastructure:test: (1 row)
infrastructure:test: 
infrastructure:test:  finish 
infrastructure:test: --------
infrastructure:test: (0 rows)
infrastructure:test: 
infrastructure:test: ROLLBACK
infrastructure:test: Running tests/m10-04-merged-upgrade.test.sql
infrastructure:test: BEGIN
infrastructure:test: CREATE EXTENSION
infrastructure:test:  plan 
infrastructure:test: ------
infrastructure:test:  1..8
infrastructure:test: (1 row)
infrastructure:test: 
infrastructure:test: CREATE FUNCTION
infrastructure:test: CREATE FUNCTION
infrastructure:test:              is             
infrastructure:test: ----------------------------
infrastructure:test:  ok 1 - source pair imports
infrastructure:test: (1 row)
infrastructure:test: 
infrastructure:test:               is              
infrastructure:test: ------------------------------
infrastructure:test:  ok 2 - merged target imports
infrastructure:test: (1 row)
infrastructure:test: 
infrastructure:test: SELECT 1
infrastructure:test:                             ok                            
infrastructure:test: ----------------------------------------------------------
infrastructure:test:  ok 3 - two products exist for merged product-scope union
infrastructure:test: (1 row)
infrastructure:test: 
infrastructure:test:            is           
infrastructure:test: ------------------------
infrastructure:test:  ok 4 - source selected
infrastructure:test: (1 row)
infrastructure:test: 
infrastructure:test: INSERT 0 1
infrastructure:test: INSERT 0 1
infrastructure:test: INSERT 0 2
infrastructure:test: INSERT 0 2
infrastructure:test: SELECT 1
infrastructure:test:                  is                  
infrastructure:test: -------------------------------------
infrastructure:test:  ok 5 - first source review recorded
infrastructure:test: (1 row)
infrastructure:test: 
infrastructure:test:                   is                  
infrastructure:test: --------------------------------------
infrastructure:test:  ok 6 - second source review recorded
infrastructure:test: (1 row)
infrastructure:test: 
infrastructure:test:                         is                         
infrastructure:test: ---------------------------------------------------
infrastructure:test:  ok 7 - merged decisions create one target mapping
infrastructure:test: (1 row)
infrastructure:test: 
infrastructure:test:                              ok                             
infrastructure:test: ------------------------------------------------------------
infrastructure:test:  ok 8 - merged mapping carries union of both product scopes
infrastructure:test: (1 row)
infrastructure:test: 
infrastructure:test:  finish 
infrastructure:test: --------
infrastructure:test: (0 rows)
infrastructure:test: 
infrastructure:test: ROLLBACK
infrastructure:test: Running tests/m10-04-upgrade-flow.test.sql
infrastructure:test: BEGIN
infrastructure:test: CREATE EXTENSION
infrastructure:test:  plan  
infrastructure:test: -------
infrastructure:test:  1..24
infrastructure:test: (1 row)
infrastructure:test: 
infrastructure:test: CREATE FUNCTION
infrastructure:test:                                is                                
infrastructure:test: -----------------------------------------------------------------
infrastructure:test:  ok 1 - approved fixture imports without invented EU identifiers
infrastructure:test: (1 row)
infrastructure:test: 
infrastructure:test:                       is                      
infrastructure:test: ----------------------------------------------
infrastructure:test:  ok 2 - new immutable fixture edition imports
infrastructure:test: (1 row)
infrastructure:test: 
infrastructure:test: SELECT 1
infrastructure:test:                             ok                             
infrastructure:test: -----------------------------------------------------------
infrastructure:test:  ok 3 - seeded owner has a product for scoped mapping test
infrastructure:test: (1 row)
infrastructure:test: 
infrastructure:test:                  is                  
infrastructure:test: -------------------------------------
infrastructure:test:  ok 4 - owner selects source edition
infrastructure:test: (1 row)
infrastructure:test: 
infrastructure:test:                            is                            
infrastructure:test: ---------------------------------------------------------
infrastructure:test:  ok 5 - ordinary selection rejects silent edition switch
infrastructure:test: (1 row)
infrastructure:test: 
infrastructure:test: INSERT 0 1
infrastructure:test: INSERT 0 1
infrastructure:test: INSERT 0 1
infrastructure:test: INSERT 0 1
infrastructure:test: INSERT 0 1
infrastructure:test:                         is                        
infrastructure:test: --------------------------------------------------
infrastructure:test:  ok 6 - curated edge appears only as a suggestion
infrastructure:test: (1 row)
infrastructure:test: 
infrastructure:test:                     is                     
infrastructure:test: -------------------------------------------
infrastructure:test:  ok 7 - diff identifies removed source key
infrastructure:test: (1 row)
infrastructure:test: 
infrastructure:test: SELECT 1
infrastructure:test:             ok            
infrastructure:test: --------------------------
infrastructure:test:  ok 8 - review is created
infrastructure:test: (1 row)
infrastructure:test: 
infrastructure:test:                       is                       
infrastructure:test: -----------------------------------------------
infrastructure:test:  ok 9 - commit requires every mapping decision
infrastructure:test: (1 row)
infrastructure:test: 
infrastructure:test:                         is                         
infrastructure:test: ---------------------------------------------------
infrastructure:test:  ok 10 - failed review leaves old selection usable
infrastructure:test: (1 row)
infrastructure:test: 
infrastructure:test:                      is                      
infrastructure:test: ---------------------------------------------
infrastructure:test:  ok 11 - reviewer records explicit successor
infrastructure:test: (1 row)
infrastructure:test: 
infrastructure:test:                       is                      
infrastructure:test: ----------------------------------------------
infrastructure:test:  ok 12 - review page returns durable decision
infrastructure:test: (1 row)
infrastructure:test: 
infrastructure:test:                      is                      
infrastructure:test: ---------------------------------------------
infrastructure:test:  ok 13 - reviewed upgrade commits atomically
infrastructure:test: (1 row)
infrastructure:test: 
infrastructure:test:                           is                          
infrastructure:test: ------------------------------------------------------
infrastructure:test:  ok 14 - selection changes only after reviewed commit
infrastructure:test: (1 row)
infrastructure:test: 
infrastructure:test:                    ok                   
infrastructure:test: ----------------------------------------
infrastructure:test:  ok 15 - old mapping remains historical
infrastructure:test: (1 row)
infrastructure:test: 
infrastructure:test:               ok               
infrastructure:test: -------------------------------
infrastructure:test:  ok 16 - new mapping is active
infrastructure:test: (1 row)
infrastructure:test: 
infrastructure:test:                                  ok                                 
infrastructure:test: --------------------------------------------------------------------
infrastructure:test:  ok 17 - product scope is copied without duplicating evidence bytes
infrastructure:test: (1 row)
infrastructure:test: 
infrastructure:test:                         is                         
infrastructure:test: ---------------------------------------------------
infrastructure:test:  ok 18 - crosswalk read preserves partial strength
infrastructure:test: (1 row)
infrastructure:test: 
infrastructure:test:                          is                          
infrastructure:test: -----------------------------------------------------
infrastructure:test:  ok 19 - evidence reuse rejects an unrelated version
infrastructure:test: (1 row)
infrastructure:test: 
infrastructure:test:                      is                      
infrastructure:test: ---------------------------------------------
infrastructure:test:  ok 20 - commit retry replays durable result
infrastructure:test: (1 row)
infrastructure:test: 
infrastructure:test:                         ok                         
infrastructure:test: ---------------------------------------------------
infrastructure:test:  ok 21 - idempotent retry does not duplicate audit
infrastructure:test: (1 row)
infrastructure:test: 
infrastructure:test: SELECT 1
infrastructure:test:                       is                      
infrastructure:test: ----------------------------------------------
infrastructure:test:  ok 22 - reverse upgrade decision is recorded
infrastructure:test: (1 row)
infrastructure:test: 
infrastructure:test: UPDATE 1
infrastructure:test:                                is                               
infrastructure:test: ----------------------------------------------------------------
infrastructure:test:  ok 23 - concurrent control edit invalidates review fingerprint
infrastructure:test: (1 row)
infrastructure:test: 
infrastructure:test:                                 is                                
infrastructure:test: ------------------------------------------------------------------
infrastructure:test:  ok 24 - conflicted reverse upgrade leaves current version usable
infrastructure:test: (1 row)
infrastructure:test: 
infrastructure:test:  finish 
infrastructure:test: --------
infrastructure:test: (0 rows)
infrastructure:test: 
infrastructure:test: ROLLBACK
infrastructure:test: Running tests/m10-05-custom-packs.test.sql
infrastructure:test: BEGIN
infrastructure:test: CREATE EXTENSION
infrastructure:test:  plan  
infrastructure:test: -------
infrastructure:test:  1..57
infrastructure:test: (1 row)
infrastructure:test: 
infrastructure:test:                 ok                
infrastructure:test: ----------------------------------
infrastructure:test:  ok 1 - tenant draft table exists
infrastructure:test: (1 row)
infrastructure:test: 
infrastructure:test:                      ok                     
infrastructure:test: --------------------------------------------
infrastructure:test:  ok 2 - immutable pack versions carry owner
infrastructure:test: (1 row)
infrastructure:test: 
infrastructure:test:                     ok                     
infrastructure:test: -------------------------------------------
infrastructure:test:  ok 3 - immutable requirements carry owner
infrastructure:test: (1 row)
infrastructure:test: 
infrastructure:test:                 ok                
infrastructure:test: ----------------------------------
infrastructure:test:  ok 4 - scoped command RPC exists
infrastructure:test: (1 row)
infrastructure:test: 
infrastructure:test:               ok               
infrastructure:test: -------------------------------
infrastructure:test:  ok 5 - scoped page RPC exists
infrastructure:test: (1 row)
infrastructure:test: 
infrastructure:test:                ok                
infrastructure:test: ---------------------------------
infrastructure:test:  ok 6 - scoped detail RPC exists
infrastructure:test: (1 row)
infrastructure:test: 
infrastructure:test:                    ok                   
infrastructure:test: ----------------------------------------
infrastructure:test:  ok 7 - draft RLS enabled without force
infrastructure:test: (1 row)
infrastructure:test: 
infrastructure:test:                         ok                        
infrastructure:test: --------------------------------------------------
infrastructure:test:  ok 8 - service role cannot bypass scoped command
infrastructure:test: (1 row)
infrastructure:test: 
infrastructure:test:                        ok                       
infrastructure:test: ------------------------------------------------
infrastructure:test:  ok 9 - service role may execute scoped command
infrastructure:test: (1 row)
infrastructure:test: 
infrastructure:test:                       ok                      
infrastructure:test: ----------------------------------------------
infrastructure:test:  ok 10 - drafts are included in tenant export
infrastructure:test: (1 row)
infrastructure:test: 
infrastructure:test:                                   ok                                   
infrastructure:test: -----------------------------------------------------------------------
infrastructure:test:  ok 11 - tenant-owned immutable versions are included in tenant export
infrastructure:test: (1 row)
infrastructure:test: 
infrastructure:test: SELECT 1
infrastructure:test: CREATE FUNCTION
infrastructure:test:                       ok                      
infrastructure:test: ----------------------------------------------
infrastructure:test:  ok 12 - scoped dry-run validation RPC exists
infrastructure:test: (1 row)
infrastructure:test: 
infrastructure:test:                        ok                        
infrastructure:test: -------------------------------------------------
infrastructure:test:  ok 13 - service role may call scoped validation
infrastructure:test: (1 row)
infrastructure:test: 
infrastructure:test: SELECT 1
infrastructure:test:                           is                          
infrastructure:test: ------------------------------------------------------
infrastructure:test:  ok 14 - dry-run accepts a valid document through SQL
infrastructure:test: (1 row)
infrastructure:test: 
infrastructure:test:                             is                             
infrastructure:test: -----------------------------------------------------------
infrastructure:test:  ok 15 - dry-run rejects content disallowed by publication
infrastructure:test: (1 row)
infrastructure:test: 
infrastructure:test:                           is                           
infrastructure:test: -------------------------------------------------------
infrastructure:test:  ok 16 - SQL dry-run identifies invalid metadata field
infrastructure:test: (1 row)
infrastructure:test: 
infrastructure:test:                            is                           
infrastructure:test: --------------------------------------------------------
infrastructure:test:  ok 17 - SQL dry-run identifies invalid hierarchy field
infrastructure:test: (1 row)
infrastructure:test: 
infrastructure:test:                        is                        
infrastructure:test: -------------------------------------------------
infrastructure:test:  ok 18 - SQL dry-run identifies invalid position
infrastructure:test: (1 row)
infrastructure:test: 
infrastructure:test:                         is                        
infrastructure:test: --------------------------------------------------
infrastructure:test:  ok 19 - SQL dry-run identifies duplicate key row
infrastructure:test: (1 row)
infrastructure:test: 
infrastructure:test:                       is                      
infrastructure:test: ----------------------------------------------
infrastructure:test:  ok 20 - dry-run requires an authorized actor
infrastructure:test: (1 row)
infrastructure:test: 
infrastructure:test:                            ok                           
infrastructure:test: --------------------------------------------------------
infrastructure:test:  ok 21 - dry-run leaves no pack, draft, or audit writes
infrastructure:test: (1 row)
infrastructure:test: 
infrastructure:test: SELECT 1
infrastructure:test:                  is                 
infrastructure:test: ------------------------------------
infrastructure:test:  ok 22 - tenant creates valid draft
infrastructure:test: (1 row)
infrastructure:test: 
infrastructure:test:                       is                       
infrastructure:test: -----------------------------------------------
infrastructure:test:  ok 23 - duplicate retry returns stored result
infrastructure:test: (1 row)
infrastructure:test: 
infrastructure:test:                              is                             
infrastructure:test: ------------------------------------------------------------
infrastructure:test:  ok 24 - new request key deduplicates exact tenant document
infrastructure:test: (1 row)
infrastructure:test: 
infrastructure:test:                             is                            
infrastructure:test: ----------------------------------------------------------
infrastructure:test:  ok 25 - duplicate import does not allocate another draft
infrastructure:test: (1 row)
infrastructure:test: 
infrastructure:test:                   is                  
infrastructure:test: --------------------------------------
infrastructure:test:  ok 26 - draft publishes immutable v1
infrastructure:test: (1 row)
infrastructure:test: 
infrastructure:test:                             ok                             
infrastructure:test: -----------------------------------------------------------
infrastructure:test:  ok 27 - published content has owner and no fabricated URL
infrastructure:test: (1 row)
infrastructure:test: 
infrastructure:test:                     is                    
infrastructure:test: ------------------------------------------
infrastructure:test:  ok 28 - stale draft revision is rejected
infrastructure:test: (1 row)
infrastructure:test: 
infrastructure:test:                      is                     
infrastructure:test: --------------------------------------------
infrastructure:test:  ok 29 - draft can change after publication
infrastructure:test: (1 row)
infrastructure:test: 
infrastructure:test:                    is                    
infrastructure:test: -----------------------------------------
infrastructure:test:  ok 30 - revision publishes immutable v2
infrastructure:test: (1 row)
infrastructure:test: 
infrastructure:test:                         ok                        
infrastructure:test: --------------------------------------------------
infrastructure:test:  ok 31 - prior published version remains readable
infrastructure:test: (1 row)
infrastructure:test: 
infrastructure:test:                           is                           
infrastructure:test: -------------------------------------------------------
infrastructure:test:  ok 32 - published custom v1 can be initially selected
infrastructure:test: (1 row)
infrastructure:test: 
infrastructure:test: SELECT 1
infrastructure:test:                       ok                       
infrastructure:test: -----------------------------------------------
infrastructure:test:  ok 33 - review may be prepared before archive
infrastructure:test: (1 row)
infrastructure:test: 
infrastructure:test:                        is                       
infrastructure:test: ------------------------------------------------
infrastructure:test:  ok 34 - draft archive keeps immutable versions
infrastructure:test: (1 row)
infrastructure:test: 
infrastructure:test:                          is                          
infrastructure:test: -----------------------------------------------------
infrastructure:test:  ok 35 - archived custom pack blocks upgrade preview
infrastructure:test: (1 row)
infrastructure:test: 
infrastructure:test:                            is                            
infrastructure:test: ---------------------------------------------------------
infrastructure:test:  ok 36 - commit rechecks archive after an earlier review
infrastructure:test: (1 row)
infrastructure:test: 
infrastructure:test:                         is                        
infrastructure:test: --------------------------------------------------
infrastructure:test:  ok 37 - archived selected version may be toggled
infrastructure:test: (1 row)
infrastructure:test: 
infrastructure:test:                             is                             
infrastructure:test: -----------------------------------------------------------
infrastructure:test:  ok 38 - archived pack blocks a different selected version
infrastructure:test: (1 row)
infrastructure:test: 
infrastructure:test: SELECT 1
infrastructure:test:                          is                          
infrastructure:test: -----------------------------------------------------
infrastructure:test:  ok 39 - second custom pack publishes before archive
infrastructure:test: (1 row)
infrastructure:test: 
infrastructure:test:                    is                    
infrastructure:test: -----------------------------------------
infrastructure:test:  ok 40 - unselected pack may be archived
infrastructure:test: (1 row)
infrastructure:test: 
infrastructure:test:                          is                          
infrastructure:test: -----------------------------------------------------
infrastructure:test:  ok 41 - archived custom pack blocks first selection
infrastructure:test: (1 row)
infrastructure:test: 
infrastructure:test: SELECT 1
infrastructure:test:                          ok                          
infrastructure:test: -----------------------------------------------------
infrastructure:test:  ok 42 - rollback fixture starts as a distinct draft
infrastructure:test: (1 row)
infrastructure:test: 
infrastructure:test: CREATE FUNCTION
infrastructure:test: CREATE TRIGGER
infrastructure:test:                     throws_ok                    
infrastructure:test: -------------------------------------------------
infrastructure:test:  ok 43 - audit failure aborts custom publication
infrastructure:test: (1 row)
infrastructure:test: 
infrastructure:test: DROP TRIGGER
infrastructure:test:                            ok                           
infrastructure:test: --------------------------------------------------------
infrastructure:test:  ok 44 - failed publication leaves no immutable version
infrastructure:test: (1 row)
infrastructure:test: 
infrastructure:test:                                ok                               
infrastructure:test: ----------------------------------------------------------------
infrastructure:test:  ok 45 - failed publication preserves draft revision and status
infrastructure:test: (1 row)
infrastructure:test: 
infrastructure:test:                        throws_ok                        
infrastructure:test: --------------------------------------------------------
infrastructure:test:  ok 46 - published custom version rejects direct update
infrastructure:test: (1 row)
infrastructure:test: 
infrastructure:test:                        throws_ok                        
infrastructure:test: --------------------------------------------------------
infrastructure:test:  ok 47 - published custom version rejects direct delete
infrastructure:test: (1 row)
infrastructure:test: 
infrastructure:test:                          throws_ok                          
infrastructure:test: ------------------------------------------------------------
infrastructure:test:  ok 48 - published custom requirement rejects direct update
infrastructure:test: (1 row)
infrastructure:test: 
infrastructure:test:                          throws_ok                          
infrastructure:test: ------------------------------------------------------------
infrastructure:test:  ok 49 - published custom requirement rejects direct delete
infrastructure:test: (1 row)
infrastructure:test: 
infrastructure:test:                      ok                     
infrastructure:test: --------------------------------------------
infrastructure:test:  ok 50 - owner can reference published pack
infrastructure:test: (1 row)
infrastructure:test: 
infrastructure:test:                          ok                          
infrastructure:test: -----------------------------------------------------
infrastructure:test:  ok 51 - peer tenant cannot reference published pack
infrastructure:test: (1 row)
infrastructure:test: 
infrastructure:test:                                       throws_ok                                       
infrastructure:test: --------------------------------------------------------------------------------------
infrastructure:test:  ok 52 - organization-scoped applicability rejects a peer-owned pack before FK checks
infrastructure:test: (1 row)
infrastructure:test: 
infrastructure:test: SELECT 1
infrastructure:test: INSERT 0 1
infrastructure:test: INSERT 0 1
infrastructure:test: SELECT 1
infrastructure:test:                                     is                                    
infrastructure:test: --------------------------------------------------------------------------
infrastructure:test:  ok 53 - same portable JSON creates a private draft in a different tenant
infrastructure:test: (1 row)
infrastructure:test: 
infrastructure:test:                                 ok                                
infrastructure:test: ------------------------------------------------------------------
infrastructure:test:  ok 54 - portable import receives a new server-generated pack key
infrastructure:test: (1 row)
infrastructure:test: 
infrastructure:test:                                     ok                                    
infrastructure:test: --------------------------------------------------------------------------
infrastructure:test:  ok 55 - portable draft is owned by destination tenant with exact content
infrastructure:test: (1 row)
infrastructure:test: 
infrastructure:test:                                      ok                                      
infrastructure:test: -----------------------------------------------------------------------------
infrastructure:test:  ok 56 - portable draft does not copy published versions or control mappings
infrastructure:test: (1 row)
infrastructure:test: 
infrastructure:test:  m10_import_framework_pack 
infrastructure:test: ---------------------------
infrastructure:test:  imported
infrastructure:test: (1 row)
infrastructure:test: 
infrastructure:test: INSERT 0 1
infrastructure:test: DELETE 1
infrastructure:test:                           ok                          
infrastructure:test: ------------------------------------------------------
infrastructure:test:  ok 57 - tenant purge removes owned immutable content
infrastructure:test: (1 row)
infrastructure:test: 
infrastructure:test:  finish 
infrastructure:test: --------
infrastructure:test: (0 rows)
infrastructure:test: 
infrastructure:test: ROLLBACK
infrastructure:test: Running tests/m2-product-classification-history-authorization.test.sql
infrastructure:test: BEGIN
infrastructure:test: CREATE FUNCTION
infrastructure:test: psql:<stdin>:6: NOTICE:  ok scoped history RPC exists
infrastructure:test:  check 
infrastructure:test: -------
infrastructure:test:  
infrastructure:test: (1 row)
infrastructure:test: 
infrastructure:test: psql:<stdin>:9: NOTICE:  ok history RPC only executable by service role
infrastructure:test:  check 
infrastructure:test: -------
infrastructure:test:  
infrastructure:test: (1 row)
infrastructure:test: 
infrastructure:test: psql:<stdin>:68: NOTICE:  ok empty history has bounded valid page
infrastructure:test: psql:<stdin>:68: NOTICE:  ok history returns exact full immutable run
infrastructure:test: psql:<stdin>:68: NOTICE:  ok out of range page empty but latest retained
infrastructure:test: psql:<stdin>:68: NOTICE:  ok foreign or missing product denied
infrastructure:test: psql:<stdin>:68: NOTICE:  ok tenant substitution denied
infrastructure:test: psql:<stdin>:68: NOTICE:  ok invalid page denied
infrastructure:test: psql:<stdin>:68: NOTICE:  ok oversized page denied
infrastructure:test: psql:<stdin>:68: NOTICE:  ok oversized page number denied
infrastructure:test: psql:<stdin>:68: NOTICE:  ok null pagination denied
infrastructure:test: psql:<stdin>:68: NOTICE:  ok revoked read permission denied in database
infrastructure:test: psql:<stdin>:68: NOTICE:  ok inactive actor denied in database
infrastructure:test: psql:<stdin>:68: NOTICE:  ok archived retained history readable
infrastructure:test: psql:<stdin>:68: NOTICE:  ok inactive tenant lifecycle denied
infrastructure:test: DO
infrastructure:test: ROLLBACK
infrastructure:test: Running tests/m2-product-classification-read-load.test.sql
infrastructure:test: BEGIN
infrastructure:test: psql:<stdin>:51: NOTICE:  Classification local DB diagnostic: 100 products/1000 runs/30 samples; latest100 p95=5.692ms p99=10.550ms; history15 p95=4.422ms p99=4.691ms
infrastructure:test: DO
infrastructure:test: ROLLBACK
infrastructure:test: Running tests/m2-product-classification.test.sql
infrastructure:test: BEGIN
infrastructure:test: CREATE FUNCTION
infrastructure:test: psql:<stdin>:6: NOTICE:  ok immutable classification history exists
infrastructure:test:  check 
infrastructure:test: -------
infrastructure:test:  
infrastructure:test: (1 row)
infrastructure:test: 
infrastructure:test:  check 
infrastructure:test: -------
infrastructure:test:  
infrastructure:test: (1 row)
infrastructure:test: 
infrastructure:test: psql:<stdin>:7: NOTICE:  ok actor and exact predecessor FK indexes exist
infrastructure:test: psql:<stdin>:8: NOTICE:  ok RLS enabled and not forced
infrastructure:test:  check 
infrastructure:test: -------
infrastructure:test:  
infrastructure:test: (1 row)
infrastructure:test: 
infrastructure:test:  check 
infrastructure:test: -------
infrastructure:test:  
infrastructure:test: (1 row)
infrastructure:test: 
infrastructure:test: psql:<stdin>:10: NOTICE:  ok runtime roles cannot directly access history
infrastructure:test: psql:<stdin>:13: NOTICE:  ok RPC narrow service grants
infrastructure:test:  check 
infrastructure:test: -------
infrastructure:test:  
infrastructure:test: (1 row)
infrastructure:test: 
infrastructure:test: DO
infrastructure:test: psql:<stdin>:28: NOTICE:  ok actual authenticated database access denied
infrastructure:test: psql:<stdin>:28: NOTICE:  ok service adapter cannot bypass read RPC authorization
infrastructure:test: psql:<stdin>:29: NOTICE:  ok export source registered
infrastructure:test:  check 
infrastructure:test: -------
infrastructure:test:  
infrastructure:test: (1 row)
infrastructure:test: 
infrastructure:test: psql:<stdin>:30: NOTICE:  ok export snapshot locks new history
infrastructure:test:  check 
infrastructure:test: -------
infrastructure:test:  
infrastructure:test: (1 row)
infrastructure:test: 
infrastructure:test: psql:<stdin>:31: NOTICE:  ok retry credentials excluded from export
infrastructure:test:  check 
infrastructure:test: -------
infrastructure:test:  
infrastructure:test: (1 row)
infrastructure:test: 
infrastructure:test: psql:<stdin>:35: NOTICE:  ok database policy matches shared four-question contract
infrastructure:test:  check 
infrastructure:test: -------
infrastructure:test:  
infrastructure:test: (1 row)
infrastructure:test: 
infrastructure:test: psql:<stdin>:36: NOTICE:  ok critical branch derives critical
infrastructure:test:  check 
infrastructure:test: -------
infrastructure:test:  
infrastructure:test: (1 row)
infrastructure:test: 
infrastructure:test:  check 
infrastructure:test: -------
infrastructure:test:  
infrastructure:test: (1 row)
infrastructure:test: 
infrastructure:test: psql:<stdin>:37: NOTICE:  ok class II branch derives important II
infrastructure:test: psql:<stdin>:38: NOTICE:  ok class I branch derives important I
infrastructure:test:  check 
infrastructure:test: -------
infrastructure:test:  
infrastructure:test: (1 row)
infrastructure:test: 
infrastructure:test:  check 
infrastructure:test: -------
infrastructure:test:  
infrastructure:test: (1 row)
infrastructure:test: 
infrastructure:test: psql:<stdin>:39: NOTICE:  ok all no derives default
infrastructure:test: psql:<stdin>:40: NOTICE:  ok scope uncertain preserved
infrastructure:test:  check 
infrastructure:test: -------
infrastructure:test:  
infrastructure:test: (1 row)
infrastructure:test: 
infrastructure:test: psql:<stdin>:41: NOTICE:  ok class uncertain preserved
infrastructure:test:  check 
infrastructure:test: -------
infrastructure:test:  
infrastructure:test: (1 row)
infrastructure:test: 
infrastructure:test: psql:<stdin>:42: NOTICE:  ok out of scope preserved
infrastructure:test:  check 
infrastructure:test: -------
infrastructure:test:  
infrastructure:test: (1 row)
infrastructure:test: 
infrastructure:test:  check 
infrastructure:test: -------
infrastructure:test:  
infrastructure:test: (1 row)
infrastructure:test: 
infrastructure:test: psql:<stdin>:43: NOTICE:  ok hidden stale answer rejected
infrastructure:test: psql:<stdin>:44: NOTICE:  ok missing answer rejected
infrastructure:test:  check 
infrastructure:test: -------
infrastructure:test:  
infrastructure:test: (1 row)
infrastructure:test: 
infrastructure:test: psql:<stdin>:45: NOTICE:  ok unknown field rejected
infrastructure:test:  check 
infrastructure:test: -------
infrastructure:test:  
infrastructure:test: (1 row)
infrastructure:test: 
infrastructure:test: psql:<stdin>:46: NOTICE:  ok malicious answer rejected
infrastructure:test:  check 
infrastructure:test: -------
infrastructure:test:  
infrastructure:test: (1 row)
infrastructure:test: 
infrastructure:test: CREATE FUNCTION
infrastructure:test: CREATE TRIGGER
infrastructure:test: psql:<stdin>:147: NOTICE:  ok viewer cannot publish classification
infrastructure:test: psql:<stdin>:147: NOTICE:  ok tenant substitution denied
infrastructure:test: psql:<stdin>:147: NOTICE:  ok missing or foreign product denied
infrastructure:test: psql:<stdin>:147: NOTICE:  ok caller legal approval denied
infrastructure:test: psql:<stdin>:147: NOTICE:  ok policy hash mismatch denied
infrastructure:test: psql:<stdin>:147: NOTICE:  ok invalid branch leaves no run
infrastructure:test: psql:<stdin>:147: NOTICE:  ok saved explicit result and full provenance
infrastructure:test: psql:<stdin>:147: NOTICE:  ok malicious-looking rationale remains plain immutable text
infrastructure:test: psql:<stdin>:147: NOTICE:  ok audit fact atomic and minimal
infrastructure:test: psql:<stdin>:147: NOTICE:  ok exact retry after restart replays identical run
infrastructure:test: psql:<stdin>:147: NOTICE:  ok changed retry conflicts
infrastructure:test: psql:<stdin>:147: NOTICE:  ok stale simultaneous revision conflicts
infrastructure:test: psql:<stdin>:147: NOTICE:  ok concurrent product edit conflicts
infrastructure:test: psql:<stdin>:147: NOTICE:  ok rerun retains immutable predecessor
infrastructure:test: psql:<stdin>:147: NOTICE:  ok viewer reads latest minimal provisional summary
infrastructure:test: psql:<stdin>:147: NOTICE:  ok bulk mixed tenant product list fails closed
infrastructure:test: psql:<stdin>:147: NOTICE:  ok bulk duplicate list rejected
infrastructure:test: psql:<stdin>:147: NOTICE:  ok bulk size bounded
infrastructure:test: psql:<stdin>:147: NOTICE:  ok revoked permission denies exact replay
infrastructure:test: psql:<stdin>:147: NOTICE:  ok audit failure leaves no partial run
infrastructure:test: psql:<stdin>:147: NOTICE:  ok direct update rejected
infrastructure:test: psql:<stdin>:147: NOTICE:  ok direct delete rejected
infrastructure:test: psql:<stdin>:147: NOTICE:  ok archived product cannot create run
infrastructure:test: psql:<stdin>:147: NOTICE:  ok archived history still readable
infrastructure:test: psql:<stdin>:147: NOTICE:  ok M1 snapshot includes exact immutable history
infrastructure:test: psql:<stdin>:147: NOTICE:  ok M1 snapshot keeps answers/hash and removes retry credentials
infrastructure:test: DO
infrastructure:test: ROLLBACK
infrastructure:test: Running tests/m2-product-legal-entity-snapshot-compatibility.test.sql
infrastructure:test: BEGIN
infrastructure:test: CREATE EXTENSION
infrastructure:test:  plan 
infrastructure:test: ------
infrastructure:test:  1..9
infrastructure:test: (1 row)
infrastructure:test: 
infrastructure:test:                                             is                                             
infrastructure:test: -------------------------------------------------------------------------------------------
infrastructure:test:  ok 1 - every product legal-entity snapshot satisfies the strict product response contract
infrastructure:test: (1 row)
infrastructure:test: 
infrastructure:test:                                                   is                                                   
infrastructure:test: -------------------------------------------------------------------------------------------------------
infrastructure:test:  ok 2 - list_products projections cannot emit null legal-entity fields required by the shared contract
infrastructure:test: (1 row)
infrastructure:test: 
infrastructure:test:                                             is                                             
infrastructure:test: -------------------------------------------------------------------------------------------
infrastructure:test:  ok 3 - every release legal-entity snapshot satisfies the strict release response contract
infrastructure:test: (1 row)
infrastructure:test: 
infrastructure:test:                                                   is                                                   
infrastructure:test: -------------------------------------------------------------------------------------------------------
infrastructure:test:  ok 4 - list_releases projections cannot emit null legal-entity fields required by the shared contract
infrastructure:test: (1 row)
infrastructure:test: 
infrastructure:test: SELECT 1
infrastructure:test: UPDATE 1
infrastructure:test:                                       is                                       
infrastructure:test: -------------------------------------------------------------------------------
infrastructure:test:  ok 5 - the local fixture contains malformed and preserved snapshot candidates
infrastructure:test: (1 row)
infrastructure:test: 
infrastructure:test: UPDATE 1
infrastructure:test: UPDATE 1
infrastructure:test: UPDATE 1
infrastructure:test: UPDATE 1
infrastructure:test: UPDATE 1
infrastructure:test:                                          ok                                          
infrastructure:test: -------------------------------------------------------------------------------------
infrastructure:test:  ok 6 - an inactive entity with complete fields repairs a malformed product snapshot
infrastructure:test: (1 row)
infrastructure:test: 
infrastructure:test:                                          ok                                          
infrastructure:test: -------------------------------------------------------------------------------------
infrastructure:test:  ok 7 - an inactive entity with complete fields repairs a malformed release snapshot
infrastructure:test: (1 row)
infrastructure:test: 
infrastructure:test:                               ok                              
infrastructure:test: --------------------------------------------------------------
infrastructure:test:  ok 8 - a valid historical product snapshot remains unchanged
infrastructure:test: (1 row)
infrastructure:test: 
infrastructure:test:                               ok                              
infrastructure:test: --------------------------------------------------------------
infrastructure:test:  ok 9 - a valid historical release snapshot remains unchanged
infrastructure:test: (1 row)
infrastructure:test: 
infrastructure:test:  finish 
infrastructure:test: --------
infrastructure:test: (0 rows)
infrastructure:test: 
infrastructure:test: ROLLBACK
infrastructure:test: Running tests/m2-product-release-registry.test.sql
infrastructure:test: BEGIN
infrastructure:test: CREATE EXTENSION
infrastructure:test:  plan  
infrastructure:test: -------
infrastructure:test:  1..11
infrastructure:test: (1 row)
infrastructure:test: 
infrastructure:test:           has_table           
infrastructure:test: ------------------------------
infrastructure:test:  ok 1 - products table exists
infrastructure:test: (1 row)
infrastructure:test: 
infrastructure:test:               has_table               
infrastructure:test: --------------------------------------
infrastructure:test:  ok 2 - product releases table exists
infrastructure:test: (1 row)
infrastructure:test: 
infrastructure:test:                has_table                
infrastructure:test: ----------------------------------------
infrastructure:test:  ok 3 - assignment history table exists
infrastructure:test: (1 row)
infrastructure:test: 
infrastructure:test:                    has_table                   
infrastructure:test: -----------------------------------------------
infrastructure:test:  ok 4 - lifecycle dependency projection exists
infrastructure:test: (1 row)
infrastructure:test: 
infrastructure:test:                ok                
infrastructure:test: ---------------------------------
infrastructure:test:  ok 5 - products has RLS enabled
infrastructure:test: (1 row)
infrastructure:test: 
infrastructure:test:              table_privs_are              
infrastructure:test: ------------------------------------------
infrastructure:test:  ok 6 - anon has no products table grants
infrastructure:test: (1 row)
infrastructure:test: 
infrastructure:test:                      ok                     
infrastructure:test: --------------------------------------------
infrastructure:test:  ok 7 - browser role cannot create products
infrastructure:test: (1 row)
infrastructure:test: 
infrastructure:test:                      ok                      
infrastructure:test: ---------------------------------------------
infrastructure:test:  ok 8 - browser role cannot archive releases
infrastructure:test: (1 row)
infrastructure:test: 
infrastructure:test:                   has_index                  
infrastructure:test: ---------------------------------------------
infrastructure:test:  ok 9 - product list pagination index exists
infrastructure:test: (1 row)
infrastructure:test: 
infrastructure:test:                   has_index                   
infrastructure:test: ----------------------------------------------
infrastructure:test:  ok 10 - release list pagination index exists
infrastructure:test: (1 row)
infrastructure:test: 
infrastructure:test:                                  has_index                                  
infrastructure:test: ----------------------------------------------------------------------------
infrastructure:test:  ok 11 - internal code uniqueness remains organization-scoped and permanent
infrastructure:test: (1 row)
infrastructure:test: 
infrastructure:test:  finish 
infrastructure:test: --------
infrastructure:test: (0 rows)
infrastructure:test: 
infrastructure:test: ROLLBACK
infrastructure:test: Running tests/m2-release-snapshot-backfill.test.sql
infrastructure:test: BEGIN
infrastructure:test: CREATE EXTENSION
infrastructure:test:  plan 
infrastructure:test: ------
infrastructure:test:  1..3
infrastructure:test: (1 row)
infrastructure:test: 
infrastructure:test:                                   ok                                  
infrastructure:test: ----------------------------------------------------------------------
infrastructure:test:  ok 1 - known release has a complete legal-entity snapshot if present
infrastructure:test: (1 row)
infrastructure:test: 
infrastructure:test:                                    ok                                    
infrastructure:test: -------------------------------------------------------------------------
infrastructure:test:  ok 2 - repaired release retains the exact same-version product snapshot
infrastructure:test: (1 row)
infrastructure:test: 
infrastructure:test:                                 ok                                 
infrastructure:test: -------------------------------------------------------------------
infrastructure:test:  ok 3 - repair audit is unique and binds the exact snapshot digest
infrastructure:test: (1 row)
infrastructure:test: 
infrastructure:test:  finish 
infrastructure:test: --------
infrastructure:test: (0 rows)
infrastructure:test: 
infrastructure:test: ROLLBACK
infrastructure:test: Running tests/m2-v1-finding-impact-propagation.test.sql
infrastructure:test: Timing is off.
infrastructure:test: CREATE FUNCTION
infrastructure:test: psql:<stdin>:75: NOTICE:  ok   finding propagation owns exactly the durable source, impact, override, and job records
infrastructure:test:  check 
infrastructure:test: -------
infrastructure:test:  
infrastructure:test: (1 row)
infrastructure:test: 
infrastructure:test: BEGIN
infrastructure:test: psql:<stdin>:435: NOTICE:  ok   registering an opaque source creates one tenant-scoped durable job
infrastructure:test: psql:<stdin>:435: NOTICE:  ok   release-scoped source pages are bounded and replay without duplicate jobs
infrastructure:test: psql:<stdin>:435: NOTICE:  ok   a due job is exclusively leased with a checkpoint
infrastructure:test: psql:<stdin>:435: NOTICE:  ok   one persisted page produces one source-to-product association without analyst cloning
infrastructure:test: psql:<stdin>:435: NOTICE:  ok   a product-specific exception is a separate audited override rather than a copied assessment
infrastructure:test: psql:<stdin>:435: NOTICE:  ok   ending an override is versioned, idempotent, and never silently replaces the reason
infrastructure:test: psql:<stdin>:435: NOTICE:  ok   resolving a source closes active impacts and records an idempotent terminal job
infrastructure:test: psql:<stdin>:435: NOTICE:  ok   cross-tenant update collapses an intermediate foreign source to not found
infrastructure:test: psql:<stdin>:435: NOTICE:  ok   stale graph work is terminally obsoleted instead of retried or dead-lettered
infrastructure:test: psql:<stdin>:435: NOTICE:  ok   an active baseline-scoped finding blocks baseline archive through its published lifecycle fact
infrastructure:test: psql:<stdin>:435: NOTICE:  ok   a baseline membership event on product B fans out active baseline sources detected on product A
infrastructure:test: psql:<stdin>:435: NOTICE:  ok   the fan-out fixture ends only its own release-aware membership before archival checks
infrastructure:test: psql:<stdin>:435: NOTICE:  ok   archived finding history remains retained while its inactive dependency fact permits controlled baseline archive
infrastructure:test: DO
infrastructure:test: ROLLBACK
infrastructure:test: Running tests/m2-v1-product-import.test.sql
infrastructure:test: Timing is off.
infrastructure:test: CREATE FUNCTION
infrastructure:test: CREATE FUNCTION
infrastructure:test:  check 
infrastructure:test: -------
infrastructure:test:  
infrastructure:test: (1 row)
infrastructure:test: 
infrastructure:test: psql:<stdin>:32: NOTICE:  ok   import storage and the minimal two-table model are installed
infrastructure:test: psql:<stdin>:41: NOTICE:  ok   import state is service-only and indexed
infrastructure:test:  check 
infrastructure:test: -------
infrastructure:test:  
infrastructure:test: (1 row)
infrastructure:test: 
infrastructure:test: psql:<stdin>:49: NOTICE:  ok   browser roles cannot execute import coordination
infrastructure:test:  check 
infrastructure:test: -------
infrastructure:test:  
infrastructure:test: (1 row)
infrastructure:test: 
infrastructure:test: BEGIN
infrastructure:test: DO
infrastructure:test: ROLLBACK
infrastructure:test: BEGIN
infrastructure:test: DO
infrastructure:test: ROLLBACK
infrastructure:test: BEGIN
infrastructure:test: DO
infrastructure:test: ROLLBACK
infrastructure:test: BEGIN
infrastructure:test: DO
infrastructure:test: ROLLBACK
infrastructure:test: BEGIN
infrastructure:test: DO
infrastructure:test: ROLLBACK
infrastructure:test: BEGIN
infrastructure:test: DO
infrastructure:test: ROLLBACK
infrastructure:test: BEGIN
infrastructure:test: DO
infrastructure:test: ROLLBACK
infrastructure:test: BEGIN
infrastructure:test: DO
infrastructure:test: ROLLBACK
infrastructure:test:  check 
infrastructure:test: -------
infrastructure:test:  
infrastructure:test: (1 row)
infrastructure:test: 
infrastructure:test: psql:<stdin>:385: NOTICE:  ok   import query plans remain tenant- and import-index bounded
infrastructure:test: Running tests/m2-v1-release-market-lifecycle.test.sql
infrastructure:test: Timing is off.
infrastructure:test: CREATE FUNCTION
infrastructure:test:  check 
infrastructure:test: -------
infrastructure:test:  
infrastructure:test: (1 row)
infrastructure:test: 
infrastructure:test: psql:<stdin>:37: NOTICE:  ok   the minimal regulatory model creates four RLS-protected tables only
infrastructure:test:  check 
infrastructure:test: -------
infrastructure:test:  
infrastructure:test: (1 row)
infrastructure:test: 
infrastructure:test: psql:<stdin>:46: NOTICE:  ok   audit history is append-only at the service-role boundary
infrastructure:test: psql:<stdin>:73: NOTICE:  ok   regulatory RPCs are service-role-only security definers with pinned search paths
infrastructure:test:  check 
infrastructure:test: -------
infrastructure:test:  
infrastructure:test: (1 row)
infrastructure:test: 
infrastructure:test:  check 
infrastructure:test: -------
infrastructure:test:  
infrastructure:test: (1 row)
infrastructure:test: 
infrastructure:test: psql:<stdin>:93: NOTICE:  ok   one active versioned EU-27 reference set contains exactly 27 canonical codes
infrastructure:test:  check 
infrastructure:test: -------
infrastructure:test:  
infrastructure:test: (1 row)
infrastructure:test: 
infrastructure:test: psql:<stdin>:102: NOTICE:  ok   dependency facts bind a release to the stated product and organization
infrastructure:test: psql:<stdin>:140: NOTICE:  ok   regulatory evidence tables are registered in organization exports
infrastructure:test:  check 
infrastructure:test: -------
infrastructure:test:  
infrastructure:test: (1 row)
infrastructure:test: 
infrastructure:test: BEGIN
infrastructure:test: CREATE FUNCTION
infrastructure:test: CREATE TRIGGER
infrastructure:test: psql:<stdin>:779: NOTICE:  ok   release JSON uses the V1 lifecycle contract and warns when availability is empty
infrastructure:test: psql:<stdin>:779: NOTICE:  ok   member-state RPC returns the exact versioned response envelope
infrastructure:test: psql:<stdin>:779: NOTICE:  ok   new release has an empty market-availability response envelope
infrastructure:test: psql:<stdin>:779: NOTICE:  ok   placement without availability is rejected, audited, and leaves no outbox event
infrastructure:test: psql:<stdin>:779: NOTICE:  ok   development availability add writes projection/audit/outbox atomically
infrastructure:test: psql:<stdin>:779: NOTICE:  ok   unsupported Member States fail closed without an aggregate write
infrastructure:test: psql:<stdin>:779: NOTICE:  ok   null aggregate versions fail closed instead of bypassing optimistic locking
infrastructure:test: psql:<stdin>:779: NOTICE:  ok   database transition boundary rejects non-UTC-Z timestamp text
infrastructure:test: psql:<stdin>:779: NOTICE:  ok   future placement timestamps fail closed
infrastructure:test: psql:<stdin>:779: NOTICE:  ok   placement cannot predate product creation
infrastructure:test: psql:<stdin>:779: NOTICE:  ok   audit persistence failure rolls back release and outbox together
infrastructure:test: psql:<stdin>:779: NOTICE:  ok   placement succeeds with active availability and emits audit-backed timeline/retention evidence
infrastructure:test: psql:<stdin>:779: NOTICE:  ok   availability changes after placement require a meaningful reason
infrastructure:test: psql:<stdin>:779: NOTICE:  ok   reasoned post-market add succeeds
infrastructure:test: psql:<stdin>:779: NOTICE:  ok   market correction records distinct before/after audit snapshots
infrastructure:test: psql:<stdin>:779: NOTICE:  ok   market removal closes the projection and current reads exclude the removed state
infrastructure:test: psql:<stdin>:779: NOTICE:  ok   placed release advances to in-support
infrastructure:test: psql:<stdin>:779: NOTICE:  ok   placed-date correction preserves before/after audit values and emits recalculation evidence
infrastructure:test: psql:<stdin>:779: NOTICE:  ok   stale transition is rejected and audited without changing lifecycle
infrastructure:test: psql:<stdin>:779: NOTICE:  ok   support can end only through the forward edge
infrastructure:test: psql:<stdin>:779: NOTICE:  ok   withdrawal requires a reason at the database boundary
infrastructure:test: psql:<stdin>:779: NOTICE:  ok   reasoned withdrawal succeeds without erasing regulatory history
infrastructure:test: psql:<stdin>:779: NOTICE:  ok   withdrawn is terminal
infrastructure:test: psql:<stdin>:779: NOTICE:  ok   lifecycle timeline is rebuilt from immutable audit actions in a strict response envelope
infrastructure:test: psql:<stdin>:779: NOTICE:  ok   release archival requires withdrawn state
infrastructure:test: psql:<stdin>:779: NOTICE:  ok   a retired country entry is rejected even when its canonical code is known
infrastructure:test: psql:<stdin>:779: NOTICE:  ok   a retired-only availability projection cannot satisfy placement
infrastructure:test: psql:<stdin>:779: NOTICE:  ok   the release invariant trigger also rejects retired-only placement
infrastructure:test: psql:<stdin>:779: NOTICE:  ok   one release can record every supported Member State through optimistic commands
infrastructure:test: psql:<stdin>:779: NOTICE:  ok   a retired reference entry does not block removal of its active projection
infrastructure:test: psql:<stdin>:779: NOTICE:  ok   a retired from-entry can be corrected to an active reference entry
infrastructure:test: psql:<stdin>:779: NOTICE:  ok   composite dependency foreign key rejects a release belonging to another product
infrastructure:test: psql:<stdin>:779: NOTICE:  ok   legacy preflight aborts on released or retired rows before lifecycle alteration
infrastructure:test: psql:<stdin>:779: NOTICE:  ok   cross-tenant product and release identifiers return generic not-found
infrastructure:test: psql:<stdin>:779: NOTICE:  ok   retired-reference removal remains tenant isolated
infrastructure:test: psql:<stdin>:779: NOTICE:  ok   retired-reference correction remains tenant isolated
infrastructure:test: DO
infrastructure:test: ROLLBACK
infrastructure:test: Running tests/m2-v1-support-period-retention-alerts.test.sql
infrastructure:test: Timing is off.
infrastructure:test: CREATE FUNCTION
infrastructure:test:  check 
infrastructure:test: -------
infrastructure:test:  
infrastructure:test: (1 row)
infrastructure:test: 
infrastructure:test: psql:<stdin>:26: NOTICE:  ok   support-period decisions are service-role-only and retain active-scope and idempotency indexes
infrastructure:test: BEGIN
infrastructure:test: psql:<stdin>:143: NOTICE:  ok   valid support decision persists an immutable first revision with three default schedules
infrastructure:test: psql:<stdin>:143: NOTICE:  ok   same support command idempotency key replays without another decision
infrastructure:test: psql:<stdin>:143: NOTICE:  ok   reusing an idempotency key with a different legal decision fails closed
infrastructure:test: psql:<stdin>:143: NOTICE:  ok   retention reads are pure and explicitly report missing placed-on-market input
infrastructure:test: psql:<stdin>:143: NOTICE:  ok   superseding preserves history, obsoletes old schedules, and creates exactly three new schedules
infrastructure:test: DO
infrastructure:test: ROLLBACK
infrastructure:test: Running tests/m2-v1-variants-hierarchy-finding-propagation.test.sql
infrastructure:test: Timing is off.
infrastructure:test: CREATE FUNCTION
infrastructure:test: psql:<stdin>:40: NOTICE:  ok   relationship records are service-role-only and retain active adjacency indexes
infrastructure:test:  check 
infrastructure:test: -------
infrastructure:test:  
infrastructure:test: (1 row)
infrastructure:test: 
infrastructure:test: BEGIN
infrastructure:test: psql:<stdin>:397: NOTICE:  ok   baseline creation writes the first immutable revision
infrastructure:test: psql:<stdin>:397: NOTICE:  ok   release-aware baseline membership is recorded
infrastructure:test: psql:<stdin>:397: NOTICE:  ok   baseline revision does not rewrite prior release applicability
infrastructure:test: psql:<stdin>:397: NOTICE:  ok   baseline-source variant is release aware and advances graph version
infrastructure:test: psql:<stdin>:397: NOTICE:  ok   a non-member cannot read an allowed component preview
infrastructure:test: psql:<stdin>:397: NOTICE:  ok   allowed preview is an API-success outcome
infrastructure:test: psql:<stdin>:397: NOTICE:  ok   embedded component link is durable and graph-versioned
infrastructure:test: psql:<stdin>:397: NOTICE:  ok   component preview rejects a direct graph cycle before persistence
infrastructure:test: psql:<stdin>:397: NOTICE:  ok   a release-scoped component link excludes other child releases
infrastructure:test: psql:<stdin>:397: NOTICE:  ok   the matching child release reaches its parent
infrastructure:test: psql:<stdin>:397: NOTICE:  ok   one-item propagation pages return every candidate exactly once
infrastructure:test: psql:<stdin>:397: NOTICE:  ok   product-wide scope crosses a downstream release-specific edge
infrastructure:test: psql:<stdin>:397: NOTICE:  ok   mixed-scope candidate paths stay tenant-scoped, acyclic, and bounded
infrastructure:test: psql:<stdin>:397: NOTICE:  ok   candidate cursor must be canonical
infrastructure:test: psql:<stdin>:397: NOTICE:  ok   resolver returns candidate variants without claiming finding applicability
infrastructure:test: psql:<stdin>:397: NOTICE:  ok   relationship mutation enqueues one auditable graph-change event under replay
infrastructure:test: psql:<stdin>:397: NOTICE:  ok   relationship history filters and represents obsolete graph events without private payloads
infrastructure:test: psql:<stdin>:397: NOTICE:  ok   baseline archival is blocked while active membership or variant remains
infrastructure:test: DO
infrastructure:test: ROLLBACK
infrastructure:test: psql:<stdin>:420: NOTICE:  ok   relationship graph event leasing functions are security-definer, pinned, and service-role-only
infrastructure:test:  check 
infrastructure:test: -------
infrastructure:test:  
infrastructure:test: (1 row)
infrastructure:test: 
infrastructure:test: BEGIN
infrastructure:test: psql:<stdin>:695: NOTICE:  ok   a scheduled relationship graph event with no due time claims exclusively and stays tenant-scoped
infrastructure:test: psql:<stdin>:695: NOTICE:  ok   an expired relationship graph lease is reclaimed with a new owner and checkpoint
infrastructure:test: psql:<stdin>:695: NOTICE:  ok   completion requires the matching organization, owner, and checkpoint, then is idempotent for replay
infrastructure:test: psql:<stdin>:695: NOTICE:  ok   a retryable relationship graph event clears its lease and receives bounded backoff
infrastructure:test: psql:<stdin>:695: NOTICE:  ok   nonretryable and exhausted relationship graph events become dead letters without source payload logs
infrastructure:test: psql:<stdin>:695: NOTICE:  ok   a final graph-event checkpoint is idempotent after the worker loses its first response
infrastructure:test: psql:<stdin>:695: NOTICE:  ok   relationship graph lease commands reject invalid lease arguments
infrastructure:test: DO
infrastructure:test: ROLLBACK
infrastructure:test: Running tests/m2-v2-connector-sync.test.sql
infrastructure:test: Timing is off.
infrastructure:test: CREATE FUNCTION
infrastructure:test: CREATE FUNCTION
infrastructure:test:  check 
infrastructure:test: -------
infrastructure:test:  
infrastructure:test: (1 row)
infrastructure:test: 
infrastructure:test: psql:<stdin>:44: NOTICE:  ok   connector sync introduces exactly the eight expected tables
infrastructure:test:  check 
infrastructure:test: -------
infrastructure:test:  
infrastructure:test: (1 row)
infrastructure:test: 
infrastructure:test: psql:<stdin>:67: NOTICE:  ok   every connector sync table has RLS enabled without forcing it and no browser/public grants
infrastructure:test: psql:<stdin>:96: NOTICE:  ok   every connector sync RPC is a service-role-only security definer with pinned search_path
infrastructure:test:  check 
infrastructure:test: -------
infrastructure:test:  
infrastructure:test: (1 row)
infrastructure:test: 
infrastructure:test: psql:<stdin>:104: NOTICE:  ok   the sync-run transition trigger helper is service-role-only despite being security definer
infrastructure:test:  check 
infrastructure:test: -------
infrastructure:test:  
infrastructure:test: (1 row)
infrastructure:test: 
infrastructure:test: psql:<stdin>:129: NOTICE:  ok   connector sync helper functions are never callable by browser roles
infrastructure:test:  check 
infrastructure:test: -------
infrastructure:test:  
infrastructure:test: (1 row)
infrastructure:test: 
infrastructure:test: psql:<stdin>:135: NOTICE:  ok   claiming is organization-scoped and the global overload no longer exists
infrastructure:test:  check 
infrastructure:test: -------
infrastructure:test:  
infrastructure:test: (1 row)
infrastructure:test: 
infrastructure:test: psql:<stdin>:141: NOTICE:  ok   authority-policy persistence requires the digest-bearing overload
infrastructure:test:  check 
infrastructure:test: -------
infrastructure:test:  
infrastructure:test: (1 row)
infrastructure:test: 
infrastructure:test: psql:<stdin>:147: NOTICE:  ok   embedded hierarchy is an explicit policy-controlled product field, not an ungoverned payload key
infrastructure:test:  check 
infrastructure:test: -------
infrastructure:test:  
infrastructure:test: (1 row)
infrastructure:test: 
infrastructure:test:  check 
infrastructure:test: -------
infrastructure:test:  
infrastructure:test: (1 row)
infrastructure:test: 
infrastructure:test: psql:<stdin>:170: NOTICE:  ok   connector foreign-key paths have the required supporting indexes
infrastructure:test: psql:<stdin>:189: NOTICE:  ok   a sync conflict is anchored to exactly one tenant-scoped external identity or plan item
infrastructure:test:  check 
infrastructure:test: -------
infrastructure:test:  
infrastructure:test: (1 row)
infrastructure:test: 
infrastructure:test: psql:<stdin>:206: NOTICE:  ok   connector creation has an additive request-digest idempotency invariant
infrastructure:test:  check 
infrastructure:test: -------
infrastructure:test:  
infrastructure:test: (1 row)
infrastructure:test: 
infrastructure:test: psql:<stdin>:217: NOTICE:  ok   connector hardening constraints protect historical rows as well as new writes
infrastructure:test:  check 
infrastructure:test: -------
infrastructure:test:  
infrastructure:test: (1 row)
infrastructure:test: 
infrastructure:test: psql:<stdin>:226: NOTICE:  ok   a protected field can never be persisted as external_authoritative
infrastructure:test:  check 
infrastructure:test: -------
infrastructure:test:  
infrastructure:test: (1 row)
infrastructure:test: 
infrastructure:test: BEGIN
infrastructure:test: psql:<stdin>:870: NOTICE:  ok   malformed scalar conflict values fail before product mutation rather than being JSON-stringified
infrastructure:test: psql:<stdin>:870: NOTICE:  ok   connector creation succeeds
infrastructure:test: psql:<stdin>:870: NOTICE:  ok   the database rejects a keyed connector without its request digest
infrastructure:test: psql:<stdin>:870: NOTICE:  ok   the database rejects a request digest without its connector key
infrastructure:test: psql:<stdin>:870: NOTICE:  ok   historical connectors may retain an entirely absent idempotency pair
infrastructure:test: psql:<stdin>:870: NOTICE:  ok   connector creation replays the same durable row and cursor for an identical idempotency key
infrastructure:test: psql:<stdin>:870: NOTICE:  ok   a reused connector idempotency key with a different request is rejected without another connector
infrastructure:test: psql:<stdin>:870: NOTICE:  ok   secret set succeeds and never echoes the value
infrastructure:test: psql:<stdin>:870: NOTICE:  ok   the resolved secret round-trips through pgcrypto
infrastructure:test: psql:<stdin>:870: NOTICE:  ok   decrypting the secret with the wrong key fails loudly rather than returning garbage
infrastructure:test: psql:<stdin>:870: NOTICE:  ok   the read-only authority preview returns the digest the persistence path requires
infrastructure:test: psql:<stdin>:870: NOTICE:  ok   field authority policy upsert succeeds
infrastructure:test: psql:<stdin>:870: NOTICE:  ok   a preview digest becomes stale after the active authority policy version changes
infrastructure:test: psql:<stdin>:870: NOTICE:  ok   the RPC rejects protected+external_authoritative as invalid_request before it ever reaches the DB constraint
infrastructure:test: psql:<stdin>:870: NOTICE:  ok   the DB CHECK constraint independently rejects protected+external_authoritative even bypassing the RPC
infrastructure:test: psql:<stdin>:870: NOTICE:  ok   embedded hierarchy has an explicit versioned parentExternalId authority policy
infrastructure:test: psql:<stdin>:870: NOTICE:  ok   the existing M2 embedded-edge preview accepts connector provenance
infrastructure:test: psql:<stdin>:870: NOTICE:  ok   the existing M2 embedded-edge create accepts connector provenance
infrastructure:test: psql:<stdin>:870: NOTICE:  ok   linking a fresh external identity succeeds
infrastructure:test: psql:<stdin>:870: NOTICE:  ok   a second active mapping for the same external id under the same connector is structurally blocked, never auto-merged
infrastructure:test: psql:<stdin>:870: NOTICE:  ok   the external parent identity is linked in the same connector and tenant
infrastructure:test: psql:<stdin>:870: NOTICE:  ok   an external identifier linked in one tenant is invisible when queried from another tenant
infrastructure:test: psql:<stdin>:870: NOTICE:  ok   begin_sync_run_atomic queues a dry run
infrastructure:test: psql:<stdin>:870: NOTICE:  ok   connector exclusivity blocks a second non-terminal run for the same connector
infrastructure:test: psql:<stdin>:870: NOTICE:  ok   a freshly created connector has no cursor yet
infrastructure:test: psql:<stdin>:870: NOTICE:  ok   claim_sync_run claims the queued dry run
infrastructure:test: psql:<stdin>:870: NOTICE:  ok   saving a plan with an open conflict routes the run to waiting_for_review, never straight to completed
infrastructure:test: psql:<stdin>:870: NOTICE:  ok   the run envelope exposes the server-authoritative plan row count for a stale-preview commit guard
infrastructure:test: psql:<stdin>:870: NOTICE:  ok   the durable plan persists only the canonical structured SyncFieldDiff shape
infrastructure:test: psql:<stdin>:870: NOTICE:  ok   the policy preview derives bounded create/update counts and samples from the latest unexpired dry run
infrastructure:test: psql:<stdin>:870: NOTICE:  ok   commit is blocked while a conflict is still open
infrastructure:test: psql:<stdin>:870: NOTICE:  ok   the conflict record carries both values, sources, and the permitted actions
infrastructure:test: psql:<stdin>:870: NOTICE:  ok   resolving with a stale expected version is rejected as a conflict, not silently applied
infrastructure:test: psql:<stdin>:870: NOTICE:  ok   resolving with the correct expected version succeeds
infrastructure:test: psql:<stdin>:870: NOTICE:  ok   resolving an open conflict decrements the run conflict count once without discarding conflict history
infrastructure:test: psql:<stdin>:870: NOTICE:  ok   a plan-bound hierarchy conflict still blocks commit after an unrelated field was resolved
infrastructure:test: psql:<stdin>:870: NOTICE:  ok   a first-seen child hierarchy conflict is plan-bound and serializes a nullable externalIdentityId
infrastructure:test: psql:<stdin>:870: NOTICE:  ok   the plan-bound first-seen hierarchy conflict accepts only after its target plan is durable
infrastructure:test: psql:<stdin>:870: NOTICE:  ok   resolving the final open conflict makes the persisted run count zero for the commit control
infrastructure:test: psql:<stdin>:870: NOTICE:  ok   commit can be requested once every conflict is resolved
infrastructure:test: psql:<stdin>:870: NOTICE:  ok   claim_sync_run claims the queued commit phase
infrastructure:test: psql:<stdin>:870: NOTICE:  ok   the claimed commit remains running until the durable commit transaction finishes
infrastructure:test: psql:<stdin>:870: NOTICE:  ok   commit applies the plan and completes the run
infrastructure:test: psql:<stdin>:870: NOTICE:  ok   a keep_cra resolution suppresses that field while the same conflict item still applies independent allowed field diffs
infrastructure:test: psql:<stdin>:870: NOTICE:  ok   the plan-item create action actually created the product via the existing ProductUseCases-backed RPC, not a bespoke write path
infrastructure:test: psql:<stdin>:870: NOTICE:  ok   a committed create atomically persists the tenant-and-connector-scoped external identity for repeatable future syncs
infrastructure:test: psql:<stdin>:870: NOTICE:  ok   a plan-bound first-seen hierarchy conflict creates the connector-owned edge only after materializing the unique parent and child identities
infrastructure:test: psql:<stdin>:870: NOTICE:  ok   cursor only advances after a durable commit
infrastructure:test: psql:<stdin>:870: NOTICE:  ok   a hierarchy dry run starts after the first product identity has materialized
infrastructure:test: psql:<stdin>:870: NOTICE:  ok   the organization-scoped worker claims the hierarchy dry run
infrastructure:test: psql:<stdin>:870: NOTICE:  ok   an existing mapped child with an external parent is held for an explicit hierarchy conflict review
infrastructure:test: psql:<stdin>:870: NOTICE:  ok   the hierarchy conflict is bound to the mapped child external identity and retains policy provenance
infrastructure:test: psql:<stdin>:870: NOTICE:  ok   a reviewed hierarchy manual value is accepted for the explicitly mapped CRA parent
infrastructure:test: psql:<stdin>:870: NOTICE:  ok   the reviewed hierarchy plan can be committed
infrastructure:test: psql:<stdin>:870: NOTICE:  ok   the hierarchy commit phase is claimed
infrastructure:test: psql:<stdin>:870: NOTICE:  ok   the reviewed hierarchy commit completes atomically with its cursor advance
infrastructure:test: psql:<stdin>:870: NOTICE:  ok   hierarchy application creates only the connector-owned parent-to-child embedded edge with bounded provenance
infrastructure:test: psql:<stdin>:870: NOTICE:  ok   the exclusivity slot is released once the prior run reaches a terminal state
infrastructure:test: psql:<stdin>:870: NOTICE:  ok   a plan item targeting a nonexistent product does not silently skip -- the whole commit rolls back and the run is retrying/failed
infrastructure:test: psql:<stdin>:870: NOTICE:  ok   a failed commit never advances the durable cursor past the last successful one
infrastructure:test: psql:<stdin>:870: NOTICE:  ok   a privileged retry preserves a failed commit phase and its retry history for durable replay
infrastructure:test: psql:<stdin>:870: NOTICE:  ok   the retried failed commit is claimed as a commit rather than re-planned as a dry run
infrastructure:test: psql:<stdin>:870: NOTICE:  ok   replaying a failed commit preserves the original plan rather than inserting duplicate plan items or conflicts
infrastructure:test: DO
infrastructure:test: ROLLBACK
infrastructure:test:  check 
infrastructure:test: -------
infrastructure:test:  
infrastructure:test: (1 row)
infrastructure:test: 
infrastructure:test: psql:<stdin>:879: NOTICE:  ok   the existing product-relationship cycle guard function still exists and is reusable by a future sync dispatch
infrastructure:test: Running tests/m2-v2-substantial-modifications-security-update-artifacts.test.sql
infrastructure:test: Timing is off.
infrastructure:test: CREATE FUNCTION
infrastructure:test:  check 
infrastructure:test: -------
infrastructure:test:  
infrastructure:test: (1 row)
infrastructure:test: 
infrastructure:test: psql:<stdin>:32: NOTICE:  ok   M2 V2 introduces exactly the three retained product evidence tables
infrastructure:test:  check 
infrastructure:test: -------
infrastructure:test:  
infrastructure:test: (1 row)
infrastructure:test: 
infrastructure:test: psql:<stdin>:63: NOTICE:  ok   M2 V2 tables use RLS without forcing it and have no browser or public grants
infrastructure:test: psql:<stdin>:84: NOTICE:  ok   M2 V2 tenant FKs bind assessment joins and artifacts to the declared product release
infrastructure:test:  check 
infrastructure:test: -------
infrastructure:test:  
infrastructure:test: (1 row)
infrastructure:test: 
infrastructure:test: psql:<stdin>:112: NOTICE:  ok   tenant deletion defers M2 and upstream product legal-entity dependency checks without cascading direct deletes
infrastructure:test:  check 
infrastructure:test: -------
infrastructure:test:  
infrastructure:test: (1 row)
infrastructure:test: 
infrastructure:test: psql:<stdin>:131: NOTICE:  ok   assessment drafts retain the locked narrative columns and JSON builders keep nullable keys
infrastructure:test:  check 
infrastructure:test: -------
infrastructure:test:  
infrastructure:test: (1 row)
infrastructure:test: 
infrastructure:test: psql:<stdin>:186: NOTICE:  ok   M2 V2 commands are service-role-only security definers with pinned search paths
infrastructure:test:  check 
infrastructure:test: -------
infrastructure:test:  
infrastructure:test: (1 row)
infrastructure:test: 
infrastructure:test: psql:<stdin>:217: NOTICE:  ok   new M2 V2 security-definer helpers and guards are never executable by browser roles
infrastructure:test:  check 
infrastructure:test: -------
infrastructure:test:  
infrastructure:test: (1 row)
infrastructure:test: 
infrastructure:test: psql:<stdin>:248: NOTICE:  ok   artifact bucket is private and lifecycle/export/retention links are registered
infrastructure:test:  check 
infrastructure:test: -------
infrastructure:test:  
infrastructure:test: (1 row)
infrastructure:test: 
infrastructure:test: psql:<stdin>:272: NOTICE:  ok   M2 V2 final RPC surface drops wrapper-era base functions and scopes the metrics snapshot
infrastructure:test:  check 
infrastructure:test: -------
infrastructure:test:  
infrastructure:test: (1 row)
infrastructure:test: 
infrastructure:test: BEGIN
infrastructure:test: psql:<stdin>:1011: NOTICE:  ok   draft assessments retain nullable partial fields and cannot be reviewed before completion
infrastructure:test: psql:<stdin>:1011: NOTICE:  ok   assessment creation uses a release join without recording narrative in audit facts
infrastructure:test: psql:<stdin>:1011: NOTICE:  ok   reviewed potentially substantial assessment projects an active lifecycle dependency fact
infrastructure:test: psql:<stdin>:1011: NOTICE:  ok   reassessment supersedes instead of overwriting and deactivates the prior fact
infrastructure:test: psql:<stdin>:1011: NOTICE:  ok   foreign tenant assessment probes collapse to stable not found
infrastructure:test: psql:<stdin>:1011: NOTICE:  ok   same verified content can back multiple immutable release artifact records
infrastructure:test: psql:<stdin>:1011: NOTICE:  ok   finalized approved artifact publishes with an active availability dependency fact
infrastructure:test: psql:<stdin>:1011: NOTICE:  ok   artifact content identity remains immutable after reservation and finalization
infrastructure:test: psql:<stdin>:1011: NOTICE:  ok   support-period recalculation cannot lower an established availability window
infrastructure:test: psql:<stdin>:1011: NOTICE:  ok   external references persist only validated inspection sources, require verification, and cannot swap at publication
infrastructure:test: psql:<stdin>:1011: NOTICE:  ok   external monitor blocks changed content and never reactivates an expired artifact
infrastructure:test: psql:<stdin>:1011: NOTICE:  ok   early withdrawal requires and records an approved published replacement with equal availability
infrastructure:test: psql:<stdin>:1011: NOTICE:  ok   cleanup is recorded through the reused idempotent regulatory outbox
infrastructure:test: psql:<stdin>:1011: NOTICE:  ok   an issue date outside the support period reserves as availability-blocked
infrastructure:test: psql:<stdin>:1011: NOTICE:  ok   publishing an artifact issued outside the support period is blocked
infrastructure:test: psql:<stdin>:1011: NOTICE:  ok   finalizing a missing storage object records unavailable integrity
infrastructure:test: psql:<stdin>:1011: NOTICE:  ok   a same-version artifact with different content reserves as its own record
infrastructure:test: psql:<stdin>:1011: NOTICE:  ok   a concurrent duplicate active modification collapses to a conflict outcome
infrastructure:test: psql:<stdin>:1011: NOTICE:  ok   metrics snapshot counts backlog, flagged determinations, and quarantine without false positives
infrastructure:test: psql:<stdin>:1011: NOTICE:  ok   worker effects resolve a current active org authority and retain source provenance
infrastructure:test: psql:<stdin>:1011: NOTICE:  ok   worker effects remain retryable when no active owner or admin can authorize them
infrastructure:test: psql:<stdin>:1011: NOTICE:  ok   direct legal entity deletion remains blocked by deferred product and release references at commit
infrastructure:test: psql:<stdin>:1011: NOTICE:  ok   direct product deletion remains blocked by deferred M2 evidence references at commit
infrastructure:test: psql:<stdin>:1011: NOTICE:  ok   tenant cascade test has no active legal-hold authority
infrastructure:test: psql:<stdin>:1011: NOTICE:  ok   exact organization deletion atomically cascades M2 evidence after hold clearance
infrastructure:test: DO
infrastructure:test: ROLLBACK
infrastructure:test:  check 
infrastructure:test: -------
infrastructure:test:  
infrastructure:test: (1 row)
infrastructure:test: 
infrastructure:test: psql:<stdin>:1049: NOTICE:  ok   new cleanup and metadata-edit RPCs are service-role only with pinned search_path
infrastructure:test: psql:<stdin>:1065: NOTICE:  ok   cleanup completion columns exist and are service-role updatable only
infrastructure:test:  check 
infrastructure:test: -------
infrastructure:test:  
infrastructure:test: (1 row)
infrastructure:test: 
infrastructure:test: psql:<stdin>:1074: NOTICE:  ok   product_compliance_metrics_snapshot reports an upload-failure gauge
infrastructure:test:  check 
infrastructure:test: -------
infrastructure:test:  
infrastructure:test: (1 row)
infrastructure:test: 
infrastructure:test: BEGIN
infrastructure:test: psql:<stdin>:1347: NOTICE:  ok   reviewing above the policy suggestion succeeds once a mandatory override reason is given
infrastructure:test: psql:<stdin>:1347: NOTICE:  ok   a substantial determination activates an assessment retention-authority fact
infrastructure:test: psql:<stdin>:1347: NOTICE:  ok   reassessing a substantial assessment deactivates the superseded fact
infrastructure:test: psql:<stdin>:1347: NOTICE:  ok   artifacts sharing byte-identical content share the same content-addressed object key
infrastructure:test: psql:<stdin>:1347: NOTICE:  ok   cleanup is not due before the artifact is expired or withdrawn
infrastructure:test: psql:<stdin>:1347: NOTICE:  ok   cleanup defers deleting bytes while a live sibling still references the shared object key
infrastructure:test: psql:<stdin>:1347: NOTICE:  ok   cleanup clears once no live sibling references the shared object key
infrastructure:test: psql:<stdin>:1347: NOTICE:  ok   cleanup completion is durably recorded with an audit fact
infrastructure:test: psql:<stdin>:1347: NOTICE:  ok   cleanup is idempotent once already completed
infrastructure:test: psql:<stdin>:1347: NOTICE:  ok   cleanup is blocked while the organization has an active legal hold
infrastructure:test: psql:<stdin>:1347: NOTICE:  ok   metadata edit updates mutable fields, bumps version, and writes an audit fact
infrastructure:test: psql:<stdin>:1347: NOTICE:  ok   metadata edit rejects a stale expected version as a conflict, not a silent overwrite
infrastructure:test: psql:<stdin>:1347: NOTICE:  ok   metrics snapshot exposes the upload-failure gauge alongside the existing gauges
infrastructure:test: DO
infrastructure:test: ROLLBACK
infrastructure:test: Running tests/m3-completed-graph-immutability.test.sql
infrastructure:test: BEGIN
infrastructure:test: DO
infrastructure:test: CREATE FUNCTION
infrastructure:test: SET
infrastructure:test: DO
infrastructure:test: RESET
infrastructure:test: ROLLBACK
infrastructure:test: Running tests/m3-component-parent-index.test.sql
infrastructure:test: BEGIN
infrastructure:test: DO
infrastructure:test: ROLLBACK
infrastructure:test: Running tests/m3-deduplicated-validation-projection.test.sql
infrastructure:test: BEGIN
infrastructure:test:               set_config              
infrastructure:test: --------------------------------------
infrastructure:test:  db039ddf-d67b-48f3-8a53-e91924385ff9
infrastructure:test: (1 row)
infrastructure:test: 
infrastructure:test: INSERT 0 1
infrastructure:test: DO
infrastructure:test: ROLLBACK
infrastructure:test: Running tests/m3-ingest-exhausted-lease.test.sql
infrastructure:test: BEGIN
infrastructure:test: CREATE FUNCTION
infrastructure:test: DO
infrastructure:test: ROLLBACK
infrastructure:test: Running tests/m3-quality-terminal-predecessor.test.sql
infrastructure:test: BEGIN
infrastructure:test:               set_config              
infrastructure:test: --------------------------------------
infrastructure:test:  7f377e7a-fce4-4913-bfdc-ee40a5976c3b
infrastructure:test: (1 row)
infrastructure:test: 
infrastructure:test: INSERT 0 1
infrastructure:test: DO
infrastructure:test: psql:<stdin>:163: NOTICE:  PASS terminal failure/expired lease progress, retryable/queued/live predecessor ordering, completed-only baseline, tenant isolation
infrastructure:test: DO
infrastructure:test: SET
infrastructure:test: DO
infrastructure:test: RESET
infrastructure:test: ROLLBACK
infrastructure:test: Running tests/m3-sbom-composite-supplier.test.sql
infrastructure:test: CREATE FUNCTION
infrastructure:test:  check 
infrastructure:test: -------
infrastructure:test:  
infrastructure:test: (1 row)
infrastructure:test: 
infrastructure:test: psql:<stdin>:23: NOTICE:  ok   M3-07 persists supplier and composite provenance facts
infrastructure:test:  check 
infrastructure:test: -------
infrastructure:test:  
infrastructure:test: (1 row)
infrastructure:test: 
infrastructure:test: psql:<stdin>:38: NOTICE:  ok   M3-07 tables are RLS protected and browser-private
infrastructure:test: psql:<stdin>:45: NOTICE:  ok   M3-07 security-definer coordination is service-role only
infrastructure:test:  check 
infrastructure:test: -------
infrastructure:test:  
infrastructure:test: (1 row)
infrastructure:test: 
infrastructure:test:  check 
infrastructure:test: -------
infrastructure:test:  
infrastructure:test: (1 row)
infrastructure:test: 
infrastructure:test: psql:<stdin>:53: NOTICE:  ok   M3-07 composite worker and scope RPCs retain their exact private signatures
infrastructure:test: psql:<stdin>:60: NOTICE:  ok   M3-07 composite repairs are service-role-only and retain dependency provenance
infrastructure:test:  check 
infrastructure:test: -------
infrastructure:test:  
infrastructure:test: (1 row)
infrastructure:test: 
infrastructure:test: psql:<stdin>:66: NOTICE:  ok   M3-07 provenance uses the dependency contract field names
infrastructure:test:  check 
infrastructure:test: -------
infrastructure:test:  
infrastructure:test: (1 row)
infrastructure:test: 
infrastructure:test: Running tests/m3-sbom-intake.test.sql
infrastructure:test: Timing is off.
infrastructure:test: CREATE FUNCTION
infrastructure:test:  check 
infrastructure:test: -------
infrastructure:test:  
infrastructure:test: (1 row)
infrastructure:test: 
infrastructure:test: psql:<stdin>:32: NOTICE:  ok   M3 retains immutable intake evidence and the private normalized graph tables
infrastructure:test: psql:<stdin>:54: NOTICE:  ok   SBOM tables are RLS protected and private to service role
infrastructure:test:  check 
infrastructure:test: -------
infrastructure:test:  
infrastructure:test: (1 row)
infrastructure:test: 
infrastructure:test:  check 
infrastructure:test: -------
infrastructure:test:  
infrastructure:test: (1 row)
infrastructure:test: 
infrastructure:test: psql:<stdin>:67: NOTICE:  ok   browser roles cannot call security-definer SBOM coordination RPCs
infrastructure:test: psql:<stdin>:77: NOTICE:  ok   SBOM evidence media types and CI token identifiers align with the shared contracts
infrastructure:test:  check 
infrastructure:test: -------
infrastructure:test:  
infrastructure:test: (1 row)
infrastructure:test: 
infrastructure:test: BEGIN
infrastructure:test: DO
infrastructure:test: ROLLBACK
infrastructure:test: BEGIN
infrastructure:test: DO
infrastructure:test: ROLLBACK
infrastructure:test: psql:<stdin>:268: NOTICE:  ok   M3 normalization persists the tenant-scoped document graph without a standalone report table
infrastructure:test:  check 
infrastructure:test: -------
infrastructure:test:  
infrastructure:test: (1 row)
infrastructure:test: 
infrastructure:test: psql:<stdin>:284: NOTICE:  ok   browser roles cannot call SBOM validation persistence and report RPCs
infrastructure:test:  check 
infrastructure:test: -------
infrastructure:test:  
infrastructure:test: (1 row)
infrastructure:test: 
infrastructure:test: BEGIN
infrastructure:test: DO
infrastructure:test: ROLLBACK
infrastructure:test: BEGIN
infrastructure:test: DO
infrastructure:test: ROLLBACK
infrastructure:test: BEGIN
infrastructure:test: DO
infrastructure:test: ROLLBACK
infrastructure:test: BEGIN
infrastructure:test: DO
infrastructure:test: ROLLBACK
infrastructure:test: Running tests/m3-sbom-lineage-diff.test.sql
infrastructure:test: BEGIN
infrastructure:test: DO
infrastructure:test: CREATE FUNCTION
infrastructure:test:  check 
infrastructure:test: -------
infrastructure:test:  
infrastructure:test: (1 row)
infrastructure:test: 
infrastructure:test:  check 
infrastructure:test: -------
infrastructure:test:  
infrastructure:test: (1 row)
infrastructure:test: 
infrastructure:test:  check 
infrastructure:test: -------
infrastructure:test:  
infrastructure:test: (1 row)
infrastructure:test: 
infrastructure:test: DO
infrastructure:test: ROLLBACK
infrastructure:test: Running tests/m3-sbom-normalization.test.sql
infrastructure:test: BEGIN
infrastructure:test: CREATE FUNCTION
infrastructure:test:  check 
infrastructure:test: -------
infrastructure:test:  
infrastructure:test: (1 row)
infrastructure:test: 
infrastructure:test:  check 
infrastructure:test: -------
infrastructure:test:  
infrastructure:test: (1 row)
infrastructure:test: 
infrastructure:test: DO
infrastructure:test: DO
infrastructure:test: ROLLBACK
infrastructure:test: Running tests/m3-sbom-quality.test.sql
infrastructure:test: BEGIN
infrastructure:test: CREATE FUNCTION
infrastructure:test:  check 
infrastructure:test: -------
infrastructure:test:  
infrastructure:test: (1 row)
infrastructure:test: 
infrastructure:test:  check 
infrastructure:test: -------
infrastructure:test:  
infrastructure:test: (1 row)
infrastructure:test: 
infrastructure:test:  check 
infrastructure:test: -------
infrastructure:test:  
infrastructure:test: (1 row)
infrastructure:test: 
infrastructure:test: ROLLBACK
infrastructure:test: Running tests/m3-sbom-source-supplier-pagination.test.sql
infrastructure:test: BEGIN
infrastructure:test: CREATE FUNCTION
infrastructure:test:               set_config              
infrastructure:test: --------------------------------------
infrastructure:test:  6d11f5b7-e104-4152-a772-3da2899d5103
infrastructure:test: (1 row)
infrastructure:test: 
infrastructure:test: INSERT 0 1
infrastructure:test: DO
infrastructure:test: ROLLBACK
infrastructure:test: Running tests/m4-offline-bundle-csaf.test.sql
infrastructure:test: Timing is off.
infrastructure:test: CREATE FUNCTION
infrastructure:test:  check 
infrastructure:test: -------
infrastructure:test:  
infrastructure:test: (1 row)
infrastructure:test: 
infrastructure:test: psql:<stdin>:26: NOTICE:  ok   offline imports and CSAF mirror surfaces are RLS protected and browser-inaccessible
infrastructure:test: psql:<stdin>:44: NOTICE:  ok   bundle and CSAF functions are service-role-only security definers with pinned paths
infrastructure:test:  check 
infrastructure:test: -------
infrastructure:test:  
infrastructure:test: (1 row)
infrastructure:test: 
infrastructure:test: BEGIN
infrastructure:test: DO
infrastructure:test: ROLLBACK
infrastructure:test: BEGIN
infrastructure:test: DO
infrastructure:test: ROLLBACK
infrastructure:test: BEGIN
infrastructure:test: DO
infrastructure:test: ROLLBACK
infrastructure:test: Running tests/m4-reachability-advisory-review.test.sql
infrastructure:test: Timing is off.
infrastructure:test: CREATE FUNCTION
infrastructure:test:  check 
infrastructure:test: -------
infrastructure:test:  
infrastructure:test: (1 row)
infrastructure:test: 
infrastructure:test: psql:<stdin>:33: NOTICE:  ok   M4-07 keeps immutable reachability and review ledgers tenant-scoped and browser-inaccessible
infrastructure:test: psql:<stdin>:41: NOTICE:  ok   M4-07 result and event idempotency prevent duplicate evidence or notifications
infrastructure:test:  check 
infrastructure:test: -------
infrastructure:test:  
infrastructure:test: (1 row)
infrastructure:test: 
infrastructure:test: psql:<stdin>:72: NOTICE:  ok   M4-07 database functions are service-role-only security definers with a pinned path
infrastructure:test:  check 
infrastructure:test: -------
infrastructure:test:  
infrastructure:test: (1 row)
infrastructure:test: 
infrastructure:test: psql:<stdin>:86: NOTICE:  ok   M4-07 trigger-only stale helper has no direct execution grant
infrastructure:test:  check 
infrastructure:test: -------
infrastructure:test:  
infrastructure:test: (1 row)
infrastructure:test: 
infrastructure:test:  check 
infrastructure:test: -------
infrastructure:test:  
infrastructure:test: (1 row)
infrastructure:test: 
infrastructure:test: psql:<stdin>:100: NOTICE:  ok   M4-07 validates evidence required for not_reachable and preserves advisory history as review_required
infrastructure:test: Running tests/m4-vulnerability-cpe-reevaluation.test.sql
infrastructure:test: Timing is off.
infrastructure:test: CREATE FUNCTION
infrastructure:test: psql:<stdin>:28: NOTICE:  ok   M4 CPE fields and material source fingerprints are present without a duplicate findings ledger
infrastructure:test:  check 
infrastructure:test: -------
infrastructure:test:  
infrastructure:test: (1 row)
infrastructure:test: 
infrastructure:test:  check 
infrastructure:test: -------
infrastructure:test:  
infrastructure:test: (1 row)
infrastructure:test: 
infrastructure:test: psql:<stdin>:38: NOTICE:  ok   M4 CPE method and review codes are accepted only at matching boundaries
infrastructure:test:  check 
infrastructure:test: -------
infrastructure:test:  
infrastructure:test: (1 row)
infrastructure:test: 
infrastructure:test: psql:<stdin>:63: NOTICE:  ok   M4 targeted re-evaluation and verdict/history RPCs are service-role-only security definers with pinned paths
infrastructure:test:  check 
infrastructure:test: -------
infrastructure:test:  
infrastructure:test: (1 row)
infrastructure:test: 
infrastructure:test: psql:<stdin>:75: NOTICE:  ok   M4 worker queue pins NVD input and candidate/discovery APIs remain bounded and restart-safe
infrastructure:test:  check 
infrastructure:test: -------
infrastructure:test:  
infrastructure:test: (1 row)
infrastructure:test: 
infrastructure:test: psql:<stdin>:85: NOTICE:  ok   M4 projection carries CPE and human/re-evaluation evidence while KEV uses the effective verdict
infrastructure:test: psql:<stdin>:95: NOTICE:  ok   M4 preserves evaluated CPE proof and returns an exact human-verdict finding without page truncation
infrastructure:test:  check 
infrastructure:test: -------
infrastructure:test:  
infrastructure:test: (1 row)
infrastructure:test: 
infrastructure:test: Running tests/m4-vulnerability-enrichment-kev-alerts.test.sql
infrastructure:test: Timing is off.
infrastructure:test: CREATE FUNCTION
infrastructure:test:  check 
infrastructure:test: -------
infrastructure:test:  
infrastructure:test: (1 row)
infrastructure:test: 
infrastructure:test: psql:<stdin>:24: NOTICE:  ok   M4 KEV ledger is tenant-scoped, RLS enabled, and not browser accessible
infrastructure:test:  check 
infrastructure:test: -------
infrastructure:test:  
infrastructure:test: (1 row)
infrastructure:test: 
infrastructure:test: psql:<stdin>:44: NOTICE:  ok   M4 alert and action RPCs are service-role-only security definers with a pinned path
infrastructure:test: psql:<stdin>:51: NOTICE:  ok   M4 matching persistence validates through a public wrapper and retains a private unchecked implementation
infrastructure:test:  check 
infrastructure:test: -------
infrastructure:test:  
infrastructure:test: (1 row)
infrastructure:test: 
infrastructure:test: psql:<stdin>:58: NOTICE:  ok   M4 successful KEV delivery returns exactly one terminal branch before retry logic
infrastructure:test:  check 
infrastructure:test: -------
infrastructure:test:  
infrastructure:test: (1 row)
infrastructure:test: 
infrastructure:test:  check 
infrastructure:test: -------
infrastructure:test:  
infrastructure:test: (1 row)
infrastructure:test: 
infrastructure:test: psql:<stdin>:68: NOTICE:  ok   M4 finding projection keeps the authoritative KEV observation from its baseline
infrastructure:test:  check 
infrastructure:test: -------
infrastructure:test:  
infrastructure:test: (1 row)
infrastructure:test: 
infrastructure:test: psql:<stdin>:78: NOTICE:  ok   M4 alert projection cannot surface non-applicable lifecycle rows as active KEV alerts
infrastructure:test: psql:<stdin>:86: NOTICE:  ok   M4 derived intelligence accepts the durable scalar EPSS and GitHub score envelopes
infrastructure:test:  check 
infrastructure:test: -------
infrastructure:test:  
infrastructure:test: (1 row)
infrastructure:test: 
infrastructure:test: Running tests/m4-vulnerability-feed-mirror.test.sql
infrastructure:test: Timing is off.
infrastructure:test: CREATE FUNCTION
infrastructure:test: psql:<stdin>:38: NOTICE:  ok   M4 mirror is global, RLS protected, and inaccessible to browser roles
infrastructure:test:  check 
infrastructure:test: -------
infrastructure:test:  
infrastructure:test: (1 row)
infrastructure:test: 
infrastructure:test: psql:<stdin>:58: NOTICE:  ok   M4 coordination RPCs are service-role-only security definers with pinned search paths
infrastructure:test:  check 
infrastructure:test: -------
infrastructure:test:  
infrastructure:test: (1 row)
infrastructure:test: 
infrastructure:test: psql:<stdin>:75: NOTICE:  ok   M4 mutable records use the repository updated_at trigger invariant
infrastructure:test:  check 
infrastructure:test: -------
infrastructure:test:  
infrastructure:test: (1 row)
infrastructure:test: 
infrastructure:test: BEGIN
infrastructure:test: DO
infrastructure:test: ROLLBACK
infrastructure:test: Running tests/m4-vulnerability-matching-completion.test.sql
infrastructure:test: Timing is off.
infrastructure:test: CREATE FUNCTION
infrastructure:test: psql:<stdin>:46: NOTICE:  ok   M4 result paging and accuracy recording RPCs are service-role-only security definers with pinned search paths
infrastructure:test:  check 
infrastructure:test: -------
infrastructure:test:  
infrastructure:test: (1 row)
infrastructure:test: 
infrastructure:test: BEGIN
infrastructure:test: DO
infrastructure:test: ROLLBACK
infrastructure:test: Running tests/m5-bulk-assessment.test.sql
infrastructure:test: CREATE FUNCTION
infrastructure:test:  check 
infrastructure:test: -------
infrastructure:test:  
infrastructure:test: (1 row)
infrastructure:test: 
infrastructure:test: psql:<stdin>:29: NOTICE:  ok   M5 bulk ledger is tenant-scoped, RLS protected, and browser-private
infrastructure:test:  check 
infrastructure:test: -------
infrastructure:test:  
infrastructure:test: (1 row)
infrastructure:test: 
infrastructure:test: psql:<stdin>:52: NOTICE:  ok   M5 bulk RPCs are service-role-only security definers with pinned paths
infrastructure:test: psql:<stdin>:64: NOTICE:  ok   M5 bulk preview has bounded snapshots and propagation matches identity plus version
infrastructure:test:  check 
infrastructure:test: -------
infrastructure:test:  
infrastructure:test: (1 row)
infrastructure:test: 
infrastructure:test: Running tests/m5-remediation-anchors.test.sql
infrastructure:test: CREATE FUNCTION
infrastructure:test:  check 
infrastructure:test: -------
infrastructure:test:  
infrastructure:test: (1 row)
infrastructure:test: 
infrastructure:test:  check 
infrastructure:test: -------
infrastructure:test:  
infrastructure:test: (1 row)
infrastructure:test: 
infrastructure:test:  check 
infrastructure:test: -------
infrastructure:test:  
infrastructure:test: (1 row)
infrastructure:test: 
infrastructure:test:  check 
infrastructure:test: -------
infrastructure:test:  
infrastructure:test: (1 row)
infrastructure:test: 
infrastructure:test:  check 
infrastructure:test: -------
infrastructure:test:  
infrastructure:test: (1 row)
infrastructure:test: 
infrastructure:test: Running tests/m5-suppression-sla.test.sql
infrastructure:test: CREATE FUNCTION
infrastructure:test:  check 
infrastructure:test: -------
infrastructure:test:  
infrastructure:test: (1 row)
infrastructure:test: 
infrastructure:test: psql:<stdin>:32: NOTICE:  ok   M5-04 state is tenant-scoped, RLS protected, and browser-private
infrastructure:test:  check 
infrastructure:test: -------
infrastructure:test:  
infrastructure:test: (1 row)
infrastructure:test: 
infrastructure:test: psql:<stdin>:44: NOTICE:  ok   M5-04 suppression is finite, append-only, and tenant-bound to a finding
infrastructure:test:  check 
infrastructure:test: -------
infrastructure:test:  
infrastructure:test: (1 row)
infrastructure:test: 
infrastructure:test: psql:<stdin>:57: NOTICE:  ok   M5-04 policies, state versions, and durable event deduplication exist
infrastructure:test:  check 
infrastructure:test: -------
infrastructure:test:  
infrastructure:test: (1 row)
infrastructure:test: 
infrastructure:test: psql:<stdin>:68: NOTICE:  ok   M5-04 mutable triage state retains the repository updated_at trigger invariant
infrastructure:test: psql:<stdin>:84: NOTICE:  ok   M5-04 unconfigured states retain observed severity without read-version churn
infrastructure:test:  check 
infrastructure:test: -------
infrastructure:test:  
infrastructure:test: (1 row)
infrastructure:test: 
infrastructure:test:  check 
infrastructure:test: -------
infrastructure:test:  
infrastructure:test: (1 row)
infrastructure:test: 
infrastructure:test: psql:<stdin>:90: NOTICE:  ok   M5-04 policy setup remains prospective when a detail read first materializes state
infrastructure:test:  check 
infrastructure:test: -------
infrastructure:test:  
infrastructure:test: (1 row)
infrastructure:test: 
infrastructure:test: psql:<stdin>:117: NOTICE:  ok   M5-04 RPCs are pinned security definers and service-role only
infrastructure:test: Running tests/m5-triage-notes.test.sql
infrastructure:test: BEGIN
infrastructure:test: CREATE FUNCTION
infrastructure:test:  check 
infrastructure:test: -------
infrastructure:test:  
infrastructure:test: (1 row)
infrastructure:test: 
infrastructure:test:  check 
infrastructure:test: -------
infrastructure:test:  
infrastructure:test: (1 row)
infrastructure:test: 
infrastructure:test: DO
infrastructure:test: DO
infrastructure:test: ROLLBACK
infrastructure:test: Running tests/m5-triage-queue.test.sql
infrastructure:test: CREATE FUNCTION
infrastructure:test:  check 
infrastructure:test: -------
infrastructure:test:  
infrastructure:test: (1 row)
infrastructure:test: 
infrastructure:test: psql:<stdin>:29: NOTICE:  ok   M5 saved views are RLS protected and service-role only
infrastructure:test:  check 
infrastructure:test: -------
infrastructure:test:  
infrastructure:test: (1 row)
infrastructure:test: 
infrastructure:test: psql:<stdin>:54: NOTICE:  ok   M5 RPCs are security definers with pinned paths and no browser grants
infrastructure:test: psql:<stdin>:64: NOTICE:  ok   M5 saved views use optimistic versions, tenant names, and durable idempotency
infrastructure:test:  check 
infrastructure:test: -------
infrastructure:test:  
infrastructure:test: (1 row)
infrastructure:test: 
infrastructure:test:  check 
infrastructure:test: -------
infrastructure:test:  
infrastructure:test: (1 row)
infrastructure:test: 
infrastructure:test:  check 
infrastructure:test: -------
infrastructure:test:  
infrastructure:test: (1 row)
infrastructure:test: 
infrastructure:test: psql:<stdin>:78: NOTICE:  ok   M5 queue uses active tenant keyset indexes and opaque cursor encoding
infrastructure:test: psql:<stdin>:84: NOTICE:  ok   M5 detail uses the shared reEvaluationState wire key
infrastructure:test: Running tests/m5-vex-assessments-approval.test.sql
infrastructure:test: CREATE FUNCTION
infrastructure:test: psql:<stdin>:31: NOTICE:  ok   M5 VEX state, evidence, policy, history, and command records are private
infrastructure:test:  check 
infrastructure:test: -------
infrastructure:test:  
infrastructure:test: (1 row)
infrastructure:test: 
infrastructure:test: psql:<stdin>:45: NOTICE:  ok   M5 VEX revisions retain tenant current/history and idempotency invariants
infrastructure:test:  check 
infrastructure:test: -------
infrastructure:test:  
infrastructure:test: (1 row)
infrastructure:test: 
infrastructure:test: psql:<stdin>:72: NOTICE:  ok   M5 VEX RPCs are service-only security definers with pinned search paths
infrastructure:test:  check 
infrastructure:test: -------
infrastructure:test:  
infrastructure:test: (1 row)
infrastructure:test: 
infrastructure:test: psql:<stdin>:82: NOTICE:  ok   M5 queue uses the parsed reEvaluation key and VEX approval filters
infrastructure:test:  check 
infrastructure:test: -------
infrastructure:test:  
infrastructure:test: (1 row)
infrastructure:test: 
infrastructure:test: BEGIN
infrastructure:test: psql:<stdin>:273: NOTICE:  ok   VEX submit creates an immutable pending revision with a policy snapshot
infrastructure:test: psql:<stdin>:273: NOTICE:  ok   VEX submit idempotency replays the stored result without a duplicate revision
infrastructure:test: psql:<stdin>:273: NOTICE:  ok   VEX submit rejects stale expected versions without writing audit facts
infrastructure:test: psql:<stdin>:273: NOTICE:  ok   VEX submit enforces the not_affected justification matrix server-side
infrastructure:test: psql:<stdin>:273: NOTICE:  ok   VEX approval enforces separation of duties at the database boundary
infrastructure:test: psql:<stdin>:273: NOTICE:  ok   VEX approval is versioned and audited atomically
infrastructure:test: psql:<stdin>:273: NOTICE:  ok   VEX revision supersedes instead of mutating the prior approved revision
infrastructure:test: psql:<stdin>:273: NOTICE:  ok   VEX policy changes do not silently approve pending assessment snapshots
infrastructure:test: psql:<stdin>:273: NOTICE:  ok   M5 queue filters current VEX approvals and the corrected reEvaluation key
infrastructure:test: DO
infrastructure:test: ROLLBACK
infrastructure:test: Running tests/m5-vex-export-publication.test.sql
infrastructure:test: CREATE FUNCTION
infrastructure:test:  check 
infrastructure:test: -------
infrastructure:test:  
infrastructure:test: (1 row)
infrastructure:test: 
infrastructure:test:  check 
infrastructure:test: -------
infrastructure:test:  
infrastructure:test: (1 row)
infrastructure:test: 
infrastructure:test:  check 
infrastructure:test: -------
infrastructure:test:  
infrastructure:test: (1 row)
infrastructure:test: 
infrastructure:test:  check 
infrastructure:test: -------
infrastructure:test:  
infrastructure:test: (1 row)
infrastructure:test: 
infrastructure:test: Running tests/m6-manual-submission-evidence.test.sql
infrastructure:test: BEGIN
infrastructure:test: CREATE FUNCTION
infrastructure:test:  check 
infrastructure:test: -------
infrastructure:test:  
infrastructure:test: (1 row)
infrastructure:test: 
infrastructure:test:  check 
infrastructure:test: -------
infrastructure:test:  
infrastructure:test: (1 row)
infrastructure:test: 
infrastructure:test: DO
infrastructure:test: ROLLBACK
infrastructure:test: Running tests/m6-reporting-deadline-monitoring.test.sql
infrastructure:test: BEGIN
infrastructure:test: CREATE FUNCTION
infrastructure:test:  check 
infrastructure:test: -------
infrastructure:test:  
infrastructure:test: (1 row)
infrastructure:test: 
infrastructure:test:  check 
infrastructure:test: -------
infrastructure:test:  
infrastructure:test: (1 row)
infrastructure:test: 
infrastructure:test: DO
infrastructure:test: DO
infrastructure:test:  check 
infrastructure:test: -------
infrastructure:test:  
infrastructure:test: (1 row)
infrastructure:test: 
infrastructure:test: ROLLBACK
infrastructure:test: Running tests/m6-reporting-obligations.test.sql
infrastructure:test: BEGIN
infrastructure:test: CREATE FUNCTION
infrastructure:test:  check 
infrastructure:test: -------
infrastructure:test:  
infrastructure:test: (1 row)
infrastructure:test: 
infrastructure:test:  check 
infrastructure:test: -------
infrastructure:test:  
infrastructure:test: (1 row)
infrastructure:test: 
infrastructure:test: DO
infrastructure:test: DO
infrastructure:test:  check 
infrastructure:test: -------
infrastructure:test:  
infrastructure:test: (1 row)
infrastructure:test: 
infrastructure:test: ROLLBACK
infrastructure:test: Running tests/m6-reporting-rehearsals.test.sql
infrastructure:test: BEGIN
infrastructure:test: CREATE FUNCTION
infrastructure:test: DO
infrastructure:test:  check 
infrastructure:test: -------
infrastructure:test:  
infrastructure:test: (1 row)
infrastructure:test: 
infrastructure:test:  check 
infrastructure:test: -------
infrastructure:test:  
infrastructure:test: (1 row)
infrastructure:test: 
infrastructure:test: ROLLBACK
infrastructure:test: Running tests/m6-reporting-stage-drafts.test.sql
infrastructure:test: BEGIN
infrastructure:test: CREATE FUNCTION
infrastructure:test:  check 
infrastructure:test: -------
infrastructure:test:  
infrastructure:test: (1 row)
infrastructure:test: 
infrastructure:test:  check 
infrastructure:test: -------
infrastructure:test:  
infrastructure:test: (1 row)
infrastructure:test: 
infrastructure:test: DO
infrastructure:test: ROLLBACK
infrastructure:test: Running tests/m7-annex-vii-technical-files.test.sql
infrastructure:test: BEGIN
infrastructure:test: CREATE FUNCTION
infrastructure:test:  check 
infrastructure:test: -------
infrastructure:test:  
infrastructure:test: (1 row)
infrastructure:test: 
infrastructure:test:  check 
infrastructure:test: -------
infrastructure:test:  
infrastructure:test: (1 row)
infrastructure:test: 
infrastructure:test:  check 
infrastructure:test: -------
infrastructure:test:  
infrastructure:test: (1 row)
infrastructure:test: 
infrastructure:test: ROLLBACK
infrastructure:test: Running tests/m7-scoped-auditor-snapshot-access.test.sql
infrastructure:test: BEGIN
infrastructure:test: CREATE EXTENSION
infrastructure:test:  plan  
infrastructure:test: -------
infrastructure:test:  1..34
infrastructure:test: (1 row)
infrastructure:test: 
infrastructure:test:                 ok                 
infrastructure:test: -----------------------------------
infrastructure:test:  ok 1 - auditor grant table exists
infrastructure:test: (1 row)
infrastructure:test: 
infrastructure:test:                  ok                  
infrastructure:test: -------------------------------------
infrastructure:test:  ok 2 - auditor session table exists
infrastructure:test: (1 row)
infrastructure:test: 
infrastructure:test:                     ok                    
infrastructure:test: ------------------------------------------
infrastructure:test:  ok 3 - auditor access-event table exists
infrastructure:test: (1 row)
infrastructure:test: 
infrastructure:test:                     ok                    
infrastructure:test: ------------------------------------------
infrastructure:test:  ok 4 - grants use enabled non-forced RLS
infrastructure:test: (1 row)
infrastructure:test: 
infrastructure:test:                      ok                     
infrastructure:test: --------------------------------------------
infrastructure:test:  ok 5 - sessions use enabled non-forced RLS
infrastructure:test: (1 row)
infrastructure:test: 
infrastructure:test:                        ok                        
infrastructure:test: -------------------------------------------------
infrastructure:test:  ok 6 - access events use enabled non-forced RLS
infrastructure:test: (1 row)
infrastructure:test: 
infrastructure:test:                   ok                   
infrastructure:test: ---------------------------------------
infrastructure:test:  ok 7 - service role can manage grants
infrastructure:test: (1 row)
infrastructure:test: 
infrastructure:test:                         ok                        
infrastructure:test: --------------------------------------------------
infrastructure:test:  ok 8 - authenticated cannot read grants directly
infrastructure:test: (1 row)
infrastructure:test: 
infrastructure:test:                     ok                     
infrastructure:test: -------------------------------------------
infrastructure:test:  ok 9 - anon cannot read sessions directly
infrastructure:test: (1 row)
infrastructure:test: 
infrastructure:test:                                 ok                                 
infrastructure:test: -------------------------------------------------------------------
infrastructure:test:  ok 10 - authenticated cannot read dedicated access audit directly
infrastructure:test: (1 row)
infrastructure:test: 
infrastructure:test:                         ok                         
infrastructure:test: ---------------------------------------------------
infrastructure:test:  ok 11 - failed redemption rate-limit index exists
infrastructure:test: (1 row)
infrastructure:test: 
infrastructure:test:                      ok                     
infrastructure:test: --------------------------------------------
infrastructure:test:  ok 12 - grant token hashes are constrained
infrastructure:test: (1 row)
infrastructure:test: 
infrastructure:test:                         ok                         
infrastructure:test: ---------------------------------------------------
infrastructure:test:  ok 13 - grant snapshot reference is tenant-scoped
infrastructure:test: (1 row)
infrastructure:test: 
infrastructure:test:                        ok                        
infrastructure:test: -------------------------------------------------
infrastructure:test:  ok 14 - grant export reference is tenant-scoped
infrastructure:test: (1 row)
infrastructure:test: 
infrastructure:test:                            ok                            
infrastructure:test: ---------------------------------------------------------
infrastructure:test:  ok 15 - grant creation is a pinned security-definer RPC
infrastructure:test: (1 row)
infrastructure:test: 
infrastructure:test:                          ok                          
infrastructure:test: -----------------------------------------------------
infrastructure:test:  ok 16 - redemption is a pinned security-definer RPC
infrastructure:test: (1 row)
infrastructure:test: 
infrastructure:test:                            ok                            
infrastructure:test: ---------------------------------------------------------
infrastructure:test:  ok 17 - auditor access is a pinned security-definer RPC
infrastructure:test: (1 row)
infrastructure:test: 
infrastructure:test:                                ok                                
infrastructure:test: -----------------------------------------------------------------
infrastructure:test:  ok 18 - artifact authorization is a pinned security-definer RPC
infrastructure:test: (1 row)
infrastructure:test: 
infrastructure:test:                    ok                    
infrastructure:test: -----------------------------------------
infrastructure:test:  ok 19 - service role can create a grant
infrastructure:test: (1 row)
infrastructure:test: 
infrastructure:test:                          ok                          
infrastructure:test: -----------------------------------------------------
infrastructure:test:  ok 20 - authenticated cannot create grants directly
infrastructure:test: (1 row)
infrastructure:test: 
infrastructure:test:                  ok                  
infrastructure:test: -------------------------------------
infrastructure:test:  ok 21 - anon cannot redeem directly
infrastructure:test: (1 row)
infrastructure:test: 
infrastructure:test:                               ok                              
infrastructure:test: --------------------------------------------------------------
infrastructure:test:  ok 22 - grant creation checks its dedicated share permission
infrastructure:test: (1 row)
infrastructure:test: 
infrastructure:test:                              ok                             
infrastructure:test: ------------------------------------------------------------
infrastructure:test:  ok 23 - grant creation permits only ready snapshot exports
infrastructure:test: (1 row)
infrastructure:test: 
infrastructure:test:                      ok                      
infrastructure:test: ---------------------------------------------
infrastructure:test:  ok 24 - redemption locks the one-time grant
infrastructure:test: (1 row)
infrastructure:test: 
infrastructure:test:                           ok                          
infrastructure:test: ------------------------------------------------------
infrastructure:test:  ok 25 - redeemed links cannot create another session
infrastructure:test: (1 row)
infrastructure:test: 
infrastructure:test:                                         ok                                         
infrastructure:test: -----------------------------------------------------------------------------------
infrastructure:test:  ok 26 - redemption failures are rate-limited without storing a raw client address
infrastructure:test: (1 row)
infrastructure:test: 
infrastructure:test:                        ok                        
infrastructure:test: -------------------------------------------------
infrastructure:test:  ok 27 - every auditor view rechecks grant state
infrastructure:test: (1 row)
infrastructure:test: 
infrastructure:test:                              ok                             
infrastructure:test: ------------------------------------------------------------
infrastructure:test:  ok 28 - artifact authorization rechecks session revocation
infrastructure:test: (1 row)
infrastructure:test: 
infrastructure:test:                                    ok                                    
infrastructure:test: -------------------------------------------------------------------------
infrastructure:test:  ok 29 - artifact authorization writes dedicated delivery audit evidence
infrastructure:test: (1 row)
infrastructure:test: 
infrastructure:test:                             ok                            
infrastructure:test: ----------------------------------------------------------
infrastructure:test:  ok 30 - auditor view payload never exposes storage paths
infrastructure:test: (1 row)
infrastructure:test: 
infrastructure:test:                                     ok                                    
infrastructure:test: --------------------------------------------------------------------------
infrastructure:test:  ok 31 - auditor scope is frozen snapshot content with supersession state
infrastructure:test: (1 row)
infrastructure:test: 
infrastructure:test:                            is                           
infrastructure:test: --------------------------------------------------------
infrastructure:test:  ok 32 - unknown redemption token is safely unavailable
infrastructure:test: (1 row)
infrastructure:test: 
infrastructure:test:                           is                           
infrastructure:test: -------------------------------------------------------
infrastructure:test:  ok 33 - unknown auditor session is safely unavailable
infrastructure:test: (1 row)
infrastructure:test: 
infrastructure:test:                            is                           
infrastructure:test: --------------------------------------------------------
infrastructure:test:  ok 34 - unknown artifact session is safely unavailable
infrastructure:test: (1 row)
infrastructure:test: 
infrastructure:test:  finish 
infrastructure:test: --------
infrastructure:test: (0 rows)
infrastructure:test: 
infrastructure:test: ROLLBACK
infrastructure:test: Running tests/m7-structured-cybersecurity-risk-register.test.sql
infrastructure:test: BEGIN
infrastructure:test: CREATE FUNCTION
infrastructure:test:  check 
infrastructure:test: -------
infrastructure:test:  
infrastructure:test: (1 row)
infrastructure:test: 
infrastructure:test:  check 
infrastructure:test: -------
infrastructure:test:  
infrastructure:test: (1 row)
infrastructure:test: 
infrastructure:test:  check 
infrastructure:test: -------
infrastructure:test:  
infrastructure:test: (1 row)
infrastructure:test: 
infrastructure:test:  check 
infrastructure:test: -------
infrastructure:test:  
infrastructure:test: (1 row)
infrastructure:test: 
infrastructure:test:  check 
infrastructure:test: -------
infrastructure:test:  
infrastructure:test: (1 row)
infrastructure:test: 
infrastructure:test:  check 
infrastructure:test: -------
infrastructure:test:  
infrastructure:test: (1 row)
infrastructure:test: 
infrastructure:test: ROLLBACK
infrastructure:test: Running tests/m7-technical-file-snapshots-exports.test.sql
infrastructure:test: BEGIN
infrastructure:test: CREATE EXTENSION
infrastructure:test:  plan  
infrastructure:test: -------
infrastructure:test:  1..47
infrastructure:test: (1 row)
infrastructure:test: 
infrastructure:test:               ok              
infrastructure:test: ------------------------------
infrastructure:test:  ok 1 - snapshot table exists
infrastructure:test: (1 row)
infrastructure:test: 
infrastructure:test:                ok               
infrastructure:test: --------------------------------
infrastructure:test:  ok 2 - export job table exists
infrastructure:test: (1 row)
infrastructure:test: 
infrastructure:test:                       ok                      
infrastructure:test: ----------------------------------------------
infrastructure:test:  ok 3 - snapshots have enabled non-forced RLS
infrastructure:test: (1 row)
infrastructure:test: 
infrastructure:test:                        ok                       
infrastructure:test: ------------------------------------------------
infrastructure:test:  ok 4 - export jobs have enabled non-forced RLS
infrastructure:test: (1 row)
infrastructure:test: 
infrastructure:test:                     ok                    
infrastructure:test: ------------------------------------------
infrastructure:test:  ok 5 - service role can manage snapshots
infrastructure:test: (1 row)
infrastructure:test: 
infrastructure:test:                      ok                     
infrastructure:test: --------------------------------------------
infrastructure:test:  ok 6 - service role can manage export jobs
infrastructure:test: (1 row)
infrastructure:test: 
infrastructure:test:                          ok                          
infrastructure:test: -----------------------------------------------------
infrastructure:test:  ok 7 - authenticated cannot read snapshots directly
infrastructure:test: (1 row)
infrastructure:test: 
infrastructure:test:                           ok                           
infrastructure:test: -------------------------------------------------------
infrastructure:test:  ok 8 - authenticated cannot read export jobs directly
infrastructure:test: (1 row)
infrastructure:test: 
infrastructure:test:                    ok                   
infrastructure:test: ----------------------------------------
infrastructure:test:  ok 9 - snapshot purpose is constrained
infrastructure:test: (1 row)
infrastructure:test: 
infrastructure:test:                   ok                  
infrastructure:test: --------------------------------------
infrastructure:test:  ok 10 - export status is constrained
infrastructure:test: (1 row)
infrastructure:test: 
infrastructure:test:                          ok                          
infrastructure:test: -----------------------------------------------------
infrastructure:test:  ok 11 - ready export requires all artifact metadata
infrastructure:test: (1 row)
infrastructure:test: 
infrastructure:test:                      ok                     
infrastructure:test: --------------------------------------------
infrastructure:test:  ok 12 - generating export requires a lease
infrastructure:test: (1 row)
infrastructure:test: 
infrastructure:test:                   ok                   
infrastructure:test: ---------------------------------------
infrastructure:test:  ok 13 - snapshot product index exists
infrastructure:test: (1 row)
infrastructure:test: 
infrastructure:test:                 ok                
infrastructure:test: ----------------------------------
infrastructure:test:  ok 14 - queued work index exists
infrastructure:test: (1 row)
infrastructure:test: 
infrastructure:test:                     ok                     
infrastructure:test: -------------------------------------------
infrastructure:test:  ok 15 - snapshot export bucket is private
infrastructure:test: (1 row)
infrastructure:test: 
infrastructure:test:                             is                            
infrastructure:test: ----------------------------------------------------------
infrastructure:test:  ok 16 - snapshot export bucket enforces the 25MB ceiling
infrastructure:test: (1 row)
infrastructure:test: 
infrastructure:test:                             ok                             
infrastructure:test: -----------------------------------------------------------
infrastructure:test:  ok 17 - snapshot creator is a pinned security-definer RPC
infrastructure:test: (1 row)
infrastructure:test: 
infrastructure:test:                            ok                            
infrastructure:test: ---------------------------------------------------------
infrastructure:test:  ok 18 - export creator is a pinned security-definer RPC
infrastructure:test: (1 row)
infrastructure:test: 
infrastructure:test:                             ok                             
infrastructure:test: -----------------------------------------------------------
infrastructure:test:  ok 19 - worker claim RPC is a pinned security-definer RPC
infrastructure:test: (1 row)
infrastructure:test: 
infrastructure:test:                     ok                     
infrastructure:test: -------------------------------------------
infrastructure:test:  ok 20 - service role can create snapshots
infrastructure:test: (1 row)
infrastructure:test: 
infrastructure:test:                            ok                           
infrastructure:test: --------------------------------------------------------
infrastructure:test:  ok 21 - authenticated cannot create snapshots directly
infrastructure:test: (1 row)
infrastructure:test: 
infrastructure:test:                              ok                             
infrastructure:test: ------------------------------------------------------------
infrastructure:test:  ok 22 - snapshot creator locks the technical-file revision
infrastructure:test: (1 row)
infrastructure:test: 
infrastructure:test:                        ok                        
infrastructure:test: -------------------------------------------------
infrastructure:test:  ok 23 - snapshot creation audits inside the RPC
infrastructure:test: (1 row)
infrastructure:test: 
infrastructure:test:                         ok                         
infrastructure:test: ---------------------------------------------------
infrastructure:test:  ok 24 - export creation stores an idempotency key
infrastructure:test: (1 row)
infrastructure:test: 
infrastructure:test:                                   ok                                   
infrastructure:test: -----------------------------------------------------------------------
infrastructure:test:  ok 25 - download authorization records after the signed URL is issued
infrastructure:test: (1 row)
infrastructure:test: 
infrastructure:test:                            ok                           
infrastructure:test: --------------------------------------------------------
infrastructure:test:  ok 26 - export detail is a pinned security-definer RPC
infrastructure:test: (1 row)
infrastructure:test: 
infrastructure:test:                               ok                               
infrastructure:test: ---------------------------------------------------------------
infrastructure:test:  ok 27 - public export JSON never exposes private object paths
infrastructure:test: (1 row)
infrastructure:test: 
infrastructure:test:                             ok                             
infrastructure:test: -----------------------------------------------------------
infrastructure:test:  ok 28 - snapshot payload uses the contract schema version
infrastructure:test: (1 row)
infrastructure:test: 
infrastructure:test:                             ok                             
infrastructure:test: -----------------------------------------------------------
infrastructure:test:  ok 29 - snapshot JSON includes the bounded payload length
infrastructure:test: (1 row)
infrastructure:test: 
infrastructure:test:                     ok                     
infrastructure:test: -------------------------------------------
infrastructure:test:  ok 30 - worker failure is audited durably
infrastructure:test: (1 row)
infrastructure:test: 
infrastructure:test:                                      ok                                     
infrastructure:test: ----------------------------------------------------------------------------
infrastructure:test:  ok 31 - export failure codes match the worker and contract terminal states
infrastructure:test: (1 row)
infrastructure:test: 
infrastructure:test:                       ok                      
infrastructure:test: ----------------------------------------------
infrastructure:test:  ok 32 - snapshot immutability trigger exists
infrastructure:test: (1 row)
infrastructure:test: 
infrastructure:test:                         ok                         
infrastructure:test: ---------------------------------------------------
infrastructure:test:  ok 33 - snapshot trigger rejects payload mutation
infrastructure:test: (1 row)
infrastructure:test: 
infrastructure:test:                                ok                               
infrastructure:test: ----------------------------------------------------------------
infrastructure:test:  ok 34 - snapshot supersession requires the same technical file
infrastructure:test: (1 row)
infrastructure:test: 
infrastructure:test:                                        ok                                       
infrastructure:test: --------------------------------------------------------------------------------
infrastructure:test:  ok 35 - snapshot supersession is product-bound and one-way to a later snapshot
infrastructure:test: (1 row)
infrastructure:test: 
infrastructure:test:                                 ok                                 
infrastructure:test: -------------------------------------------------------------------
infrastructure:test:  ok 36 - snapshot readiness uses the readiness contract status key
infrastructure:test: (1 row)
infrastructure:test: 
infrastructure:test:                                       ok                                       
infrastructure:test: -------------------------------------------------------------------------------
infrastructure:test:  ok 37 - snapshot creation persists and compares an idempotency command digest
infrastructure:test: (1 row)
infrastructure:test: 
infrastructure:test:                                    ok                                    
infrastructure:test: -------------------------------------------------------------------------
infrastructure:test:  ok 38 - snapshot creation does not take global cross-tenant table locks
infrastructure:test: (1 row)
infrastructure:test: 
infrastructure:test:                        ok                       
infrastructure:test: ------------------------------------------------
infrastructure:test:  ok 39 - expired export leases can be reclaimed
infrastructure:test: (1 row)
infrastructure:test: 
infrastructure:test:                                     is                                    
infrastructure:test: --------------------------------------------------------------------------
infrastructure:test:  ok 40 - snapshot timestamps are RFC3339 without literal quote characters
infrastructure:test: (1 row)
infrastructure:test: 
infrastructure:test:                               ok                               
infrastructure:test: ---------------------------------------------------------------
infrastructure:test:  ok 41 - snapshot payload uses the RFC3339 timestamp formatter
infrastructure:test: (1 row)
infrastructure:test: 
infrastructure:test:                             is                            
infrastructure:test: ----------------------------------------------------------
infrastructure:test:  ok 42 - unverified tenant actor cannot create a snapshot
infrastructure:test: (1 row)
infrastructure:test: 
infrastructure:test: SELECT 1
infrastructure:test: INSERT 0 1
infrastructure:test:                                            is                                            
infrastructure:test: -----------------------------------------------------------------------------------------
infrastructure:test:  ok 43 - worker failure code accepted by the RPC reaches a durable failed terminal state
infrastructure:test: (1 row)
infrastructure:test: 
infrastructure:test:                                is                                
infrastructure:test: -----------------------------------------------------------------
infrastructure:test:  ok 44 - terminal failed export stores the contract failure code
infrastructure:test: (1 row)
infrastructure:test: 
infrastructure:test:                                    throws_ok                                    
infrastructure:test: --------------------------------------------------------------------------------
infrastructure:test:  ok 45 - new failure-code constraint rejects legacy values outside the contract
infrastructure:test: (1 row)
infrastructure:test: 
infrastructure:test: SELECT 1
infrastructure:test:                     is                     
infrastructure:test: -------------------------------------------
infrastructure:test:  ok 46 - first snapshot command is created
infrastructure:test: (1 row)
infrastructure:test: 
infrastructure:test:                                     is                                    
infrastructure:test: --------------------------------------------------------------------------
infrastructure:test:  ok 47 - same snapshot idempotency key with a changed command is rejected
infrastructure:test: (1 row)
infrastructure:test: 
infrastructure:test:  finish 
infrastructure:test: --------
infrastructure:test: (0 rows)
infrastructure:test: 
infrastructure:test: ROLLBACK
infrastructure:test: Running tests/m7-version-pinned-evidence-readiness.test.sql
infrastructure:test: BEGIN
infrastructure:test: CREATE EXTENSION
infrastructure:test:  plan  
infrastructure:test: -------
infrastructure:test:  1..25
infrastructure:test: (1 row)
infrastructure:test: 
infrastructure:test:                         ok                        
infrastructure:test: --------------------------------------------------
infrastructure:test:  ok 1 - append-only evidence review ledger exists
infrastructure:test: (1 row)
infrastructure:test: 
infrastructure:test:                        ok                        
infrastructure:test: -------------------------------------------------
infrastructure:test:  ok 2 - review ledger has enabled non-forced RLS
infrastructure:test: (1 row)
infrastructure:test: 
infrastructure:test:                       ok                      
infrastructure:test: ----------------------------------------------
infrastructure:test:  ok 3 - service role has review ledger access
infrastructure:test: (1 row)
infrastructure:test: 
infrastructure:test:                            ok                            
infrastructure:test: ---------------------------------------------------------
infrastructure:test:  ok 4 - authenticated has no direct review ledger access
infrastructure:test: (1 row)
infrastructure:test: 
infrastructure:test:                           ok                          
infrastructure:test: ------------------------------------------------------
infrastructure:test:  ok 5 - general description requires product evidence
infrastructure:test: (1 row)
infrastructure:test: 
infrastructure:test:                            ok                           
infrastructure:test: --------------------------------------------------------
infrastructure:test:  ok 6 - support section accepts only its support record
infrastructure:test: (1 row)
infrastructure:test: 
infrastructure:test:                                ok                               
infrastructure:test: ----------------------------------------------------------------
infrastructure:test:  ok 7 - vulnerability handling accepts triage and risk evidence
infrastructure:test: (1 row)
infrastructure:test: 
infrastructure:test:                             ok                            
infrastructure:test: ----------------------------------------------------------
infrastructure:test:  ok 8 - SBOM section accepts only immutable SBOM evidence
infrastructure:test: (1 row)
infrastructure:test: 
infrastructure:test:                             ok                            
infrastructure:test: ----------------------------------------------------------
infrastructure:test:  ok 9 - risk-register source kind constraint is validated
infrastructure:test: (1 row)
infrastructure:test: 
infrastructure:test:                              ok                             
infrastructure:test: ------------------------------------------------------------
infrastructure:test:  ok 10 - source links persist fingerprints and review state
infrastructure:test: (1 row)
infrastructure:test: 
infrastructure:test:                  ok                  
infrastructure:test: -------------------------------------
infrastructure:test:  ok 11 - reverse lookup index exists
infrastructure:test: (1 row)
infrastructure:test: 
infrastructure:test:                 ok                 
infrastructure:test: -----------------------------------
infrastructure:test:  ok 12 - stale lookup index exists
infrastructure:test: (1 row)
infrastructure:test: 
infrastructure:test:                         ok                        
infrastructure:test: --------------------------------------------------
infrastructure:test:  ok 13 - readiness RPC is pinned security definer
infrastructure:test: (1 row)
infrastructure:test: 
infrastructure:test:                    ok                    
infrastructure:test: -----------------------------------------
infrastructure:test:  ok 14 - service role can read readiness
infrastructure:test: (1 row)
infrastructure:test: 
infrastructure:test:                        ok                        
infrastructure:test: -------------------------------------------------
infrastructure:test:  ok 15 - authenticated cannot call readiness RPC
infrastructure:test: (1 row)
infrastructure:test: 
infrastructure:test:                          ok                          
infrastructure:test: -----------------------------------------------------
infrastructure:test:  ok 16 - stale review RPC is pinned security definer
infrastructure:test: (1 row)
infrastructure:test: 
infrastructure:test:                            ok                           
infrastructure:test: --------------------------------------------------------
infrastructure:test:  ok 17 - M8 reverse projection is service-role callable
infrastructure:test: (1 row)
infrastructure:test: 
infrastructure:test:                                         ok                                        
infrastructure:test: ----------------------------------------------------------------------------------
infrastructure:test:  ok 18 - reverse projection exposes pinned link metadata without product metadata
infrastructure:test: (1 row)
infrastructure:test: 
infrastructure:test:                                ok                                
infrastructure:test: -----------------------------------------------------------------
infrastructure:test:  ok 19 - material-change implementation persists a replay digest
infrastructure:test: (1 row)
infrastructure:test: 
infrastructure:test:                                  ok                                  
infrastructure:test: ---------------------------------------------------------------------
infrastructure:test:  ok 20 - review implementation persists a replayable review identity
infrastructure:test: (1 row)
infrastructure:test: 
infrastructure:test:                                         ok                                         
infrastructure:test: -----------------------------------------------------------------------------------
infrastructure:test:  ok 21 - manual-reference reviews do not dereference an unassigned source snapshot
infrastructure:test: (1 row)
infrastructure:test: 
infrastructure:test:                              ok                              
infrastructure:test: -------------------------------------------------------------
infrastructure:test:  ok 22 - material-change replay is serialized by command key
infrastructure:test: (1 row)
infrastructure:test: 
infrastructure:test:                          ok                         
infrastructure:test: ----------------------------------------------------
infrastructure:test:  ok 23 - review replay is serialized by command key
infrastructure:test: (1 row)
infrastructure:test: 
infrastructure:test:                             is                            
infrastructure:test: ----------------------------------------------------------
infrastructure:test:  ok 24 - unverified tenant actor cannot inspect readiness
infrastructure:test: (1 row)
infrastructure:test: 
infrastructure:test:                               is                              
infrastructure:test: --------------------------------------------------------------
infrastructure:test:  ok 25 - unverified tenant actor cannot inspect reverse links
infrastructure:test: (1 row)
infrastructure:test: 
infrastructure:test:  finish 
infrastructure:test: --------
infrastructure:test: (0 rows)
infrastructure:test: 
infrastructure:test: ROLLBACK
infrastructure:test: Running tests/m7-versioned-declarations-of-conformity.test.sql
infrastructure:test: BEGIN
infrastructure:test: CREATE EXTENSION
infrastructure:test:  plan  
infrastructure:test: -------
infrastructure:test:  1..28
infrastructure:test: (1 row)
infrastructure:test: 
infrastructure:test:                     ok                    
infrastructure:test: ------------------------------------------
infrastructure:test:  ok 1 - declaration template table exists
infrastructure:test: (1 row)
infrastructure:test: 
infrastructure:test:                ok                
infrastructure:test: ---------------------------------
infrastructure:test:  ok 2 - declaration table exists
infrastructure:test: (1 row)
infrastructure:test: 
infrastructure:test:                        ok                        
infrastructure:test: -------------------------------------------------
infrastructure:test:  ok 3 - declarations have enabled non-forced RLS
infrastructure:test: (1 row)
infrastructure:test: 
infrastructure:test:                      ok                      
infrastructure:test: ---------------------------------------------
infrastructure:test:  ok 4 - service role can manage declarations
infrastructure:test: (1 row)
infrastructure:test: 
infrastructure:test:                             ok                            
infrastructure:test: ----------------------------------------------------------
infrastructure:test:  ok 5 - authenticated cannot access declarations directly
infrastructure:test: (1 row)
infrastructure:test: 
infrastructure:test:                   ok                  
infrastructure:test: --------------------------------------
infrastructure:test:  ok 6 - declaration bucket is private
infrastructure:test: (1 row)
infrastructure:test: 
infrastructure:test:                 ok                 
infrastructure:test: -----------------------------------
infrastructure:test:  ok 7 - Annex V template is pinned
infrastructure:test: (1 row)
infrastructure:test: 
infrastructure:test:                                 ok                                
infrastructure:test: ------------------------------------------------------------------
infrastructure:test:  ok 8 - only one current issued declaration can exist per product
infrastructure:test: (1 row)
infrastructure:test: 
infrastructure:test:                              ok                             
infrastructure:test: ------------------------------------------------------------
infrastructure:test:  ok 9 - notified-body route requires certificate references
infrastructure:test: (1 row)
infrastructure:test: 
infrastructure:test:                        ok                       
infrastructure:test: ------------------------------------------------
infrastructure:test:  ok 10 - issue RPC is a pinned security-definer
infrastructure:test: (1 row)
infrastructure:test: 
infrastructure:test:                         ok                        
infrastructure:test: --------------------------------------------------
infrastructure:test:  ok 11 - reissue RPC is a pinned security-definer
infrastructure:test: (1 row)
infrastructure:test: 
infrastructure:test:                      ok                      
infrastructure:test: ---------------------------------------------
infrastructure:test:  ok 12 - authenticated cannot issue directly
infrastructure:test: (1 row)
infrastructure:test: 
infrastructure:test:                        ok                       
infrastructure:test: ------------------------------------------------
infrastructure:test:  ok 13 - service role can issue through the RPC
infrastructure:test: (1 row)
infrastructure:test: 
infrastructure:test:                       ok                       
infrastructure:test: -----------------------------------------------
infrastructure:test:  ok 14 - issue checks the dedicated permission
infrastructure:test: (1 row)
infrastructure:test: 
infrastructure:test:                          ok                          
infrastructure:test: -----------------------------------------------------
infrastructure:test:  ok 15 - preview rechecks current evidence readiness
infrastructure:test: (1 row)
infrastructure:test: 
infrastructure:test:                            ok                            
infrastructure:test: ---------------------------------------------------------
infrastructure:test:  ok 16 - issue preparation writes durable audit evidence
infrastructure:test: (1 row)
infrastructure:test: 
infrastructure:test:                              ok                              
infrastructure:test: -------------------------------------------------------------
infrastructure:test:  ok 17 - issuance finalization writes durable audit evidence
infrastructure:test: (1 row)
infrastructure:test: 
infrastructure:test:                                   ok                                   
infrastructure:test: -----------------------------------------------------------------------
infrastructure:test:  ok 18 - public declaration JSON never exposes the private object path
infrastructure:test: (1 row)
infrastructure:test: 
infrastructure:test:                            ok                           
infrastructure:test: --------------------------------------------------------
infrastructure:test:  ok 19 - issued declaration immutability trigger exists
infrastructure:test: (1 row)
infrastructure:test: 
infrastructure:test:                                   ok                                  
infrastructure:test: ----------------------------------------------------------------------
infrastructure:test:  ok 20 - timestamp trigger runs before declaration immutability guard
infrastructure:test: (1 row)
infrastructure:test: 
infrastructure:test:                         ok                         
infrastructure:test: ---------------------------------------------------
infrastructure:test:  ok 21 - trigger protects issued payload and bytes
infrastructure:test: (1 row)
infrastructure:test: 
infrastructure:test:                                 ok                                
infrastructure:test: ------------------------------------------------------------------
infrastructure:test:  ok 22 - issued declaration fixture exists for immutability probe
infrastructure:test: (1 row)
infrastructure:test: 
infrastructure:test:                             throws_ok                            
infrastructure:test: -----------------------------------------------------------------
infrastructure:test:  ok 23 - issued no-op update cannot change timestamp after guard
infrastructure:test: (1 row)
infrastructure:test: 
infrastructure:test:                           is                          
infrastructure:test: ------------------------------------------------------
infrastructure:test:  ok 24 - cross-tenant unverified preview is forbidden
infrastructure:test: (1 row)
infrastructure:test: 
infrastructure:test:                       is                      
infrastructure:test: ----------------------------------------------
infrastructure:test:  ok 25 - unverified tenant actor cannot issue
infrastructure:test: (1 row)
infrastructure:test: 
infrastructure:test:                          throws_ok                          
infrastructure:test: ------------------------------------------------------------
infrastructure:test:  ok 26 - cross-tenant invalid references cannot be inserted
infrastructure:test: (1 row)
infrastructure:test: 
infrastructure:test:                                   ok                                   
infrastructure:test: -----------------------------------------------------------------------
infrastructure:test:  ok 27 - issue locks its declaration before checking preview freshness
infrastructure:test: (1 row)
infrastructure:test: 
infrastructure:test:                        ok                        
infrastructure:test: -------------------------------------------------
infrastructure:test:  ok 28 - reissue serializes competing successors
infrastructure:test: (1 row)
infrastructure:test: 
infrastructure:test:  finish 
infrastructure:test: --------
infrastructure:test: (0 rows)
infrastructure:test: 
infrastructure:test: ROLLBACK
infrastructure:test: Running tests/m8-evidence-bulk-intake-classification-contract.test.sql
infrastructure:test: BEGIN
infrastructure:test: CREATE EXTENSION
infrastructure:test:  plan 
infrastructure:test: ------
infrastructure:test:  1..5
infrastructure:test: (1 row)
infrastructure:test: 
infrastructure:test:                   ok                   
infrastructure:test: ---------------------------------------
infrastructure:test:  ok 1 - bulk batch creation RPC exists
infrastructure:test: (1 row)
infrastructure:test: 
infrastructure:test:                          ok                          
infrastructure:test: -----------------------------------------------------
infrastructure:test:  ok 2 - bulk classification is derived by the server
infrastructure:test: (1 row)
infrastructure:test: 
infrastructure:test:                                      ok                                      
infrastructure:test: -----------------------------------------------------------------------------
infrastructure:test:  ok 3 - contract-shaped items need not carry a client classification payload
infrastructure:test: (1 row)
infrastructure:test: 
infrastructure:test:                                        ok                                       
infrastructure:test: --------------------------------------------------------------------------------
infrastructure:test:  ok 4 - bulk completion accepts only a bounded inspected failure-code allowlist
infrastructure:test: (1 row)
infrastructure:test: 
infrastructure:test:                                    ok                                   
infrastructure:test: ------------------------------------------------------------------------
infrastructure:test:  ok 5 - a failed bulk completion durably records a safe item error code
infrastructure:test: (1 row)
infrastructure:test: 
infrastructure:test:  finish 
infrastructure:test: --------
infrastructure:test: (0 rows)
infrastructure:test: 
infrastructure:test: ROLLBACK
infrastructure:test: Running tests/m8-evidence-intake.test.sql
infrastructure:test: BEGIN
infrastructure:test: CREATE EXTENSION
infrastructure:test:  plan  
infrastructure:test: -------
infrastructure:test:  1..27
infrastructure:test: (1 row)
infrastructure:test: 
infrastructure:test:                       ok                       
infrastructure:test: -----------------------------------------------
infrastructure:test:  ok 1 - logical evidence document table exists
infrastructure:test: (1 row)
infrastructure:test: 
infrastructure:test:                        ok                       
infrastructure:test: ------------------------------------------------
infrastructure:test:  ok 2 - immutable evidence version table exists
infrastructure:test: (1 row)
infrastructure:test: 
infrastructure:test:                   ok                  
infrastructure:test: --------------------------------------
infrastructure:test:  ok 3 - durable scan job table exists
infrastructure:test: (1 row)
infrastructure:test: 
infrastructure:test:                     ok                     
infrastructure:test: -------------------------------------------
infrastructure:test:  ok 4 - durable notification outbox exists
infrastructure:test: (1 row)
infrastructure:test: 
infrastructure:test:                 ok                 
infrastructure:test: -----------------------------------
infrastructure:test:  ok 5 - evidence bucket is private
infrastructure:test: (1 row)
infrastructure:test: 
infrastructure:test:                    is                   
infrastructure:test: ----------------------------------------
infrastructure:test:  ok 6 - evidence bucket limit is 50 MiB
infrastructure:test: (1 row)
infrastructure:test: 
infrastructure:test:                              is                              
infrastructure:test: -------------------------------------------------------------
infrastructure:test:  ok 7 - taxonomy maps explicitly to evidence retention class
infrastructure:test: (1 row)
infrastructure:test: 
infrastructure:test:                         is                        
infrastructure:test: --------------------------------------------------
infrastructure:test:  ok 8 - unknown taxonomy has no retention mapping
infrastructure:test: (1 row)
infrastructure:test: 
infrastructure:test:                      ok                      
infrastructure:test: ---------------------------------------------
infrastructure:test:  ok 9 - versions have enabled non-forced RLS
infrastructure:test: (1 row)
infrastructure:test: 
infrastructure:test:                         ok                        
infrastructure:test: --------------------------------------------------
infrastructure:test:  ok 10 - service role has evidence version access
infrastructure:test: (1 row)
infrastructure:test: 
infrastructure:test:                              ok                              
infrastructure:test: -------------------------------------------------------------
infrastructure:test:  ok 11 - authenticated has no direct evidence version access
infrastructure:test: (1 row)
infrastructure:test: 
infrastructure:test:                             ok                            
infrastructure:test: ----------------------------------------------------------
infrastructure:test:  ok 12 - reservation RPC has pinned security-definer path
infrastructure:test: (1 row)
infrastructure:test: 
infrastructure:test:                      ok                     
infrastructure:test: --------------------------------------------
infrastructure:test:  ok 13 - service role can finalize evidence
infrastructure:test: (1 row)
infrastructure:test: 
infrastructure:test:                        ok                       
infrastructure:test: ------------------------------------------------
infrastructure:test:  ok 14 - authenticated cannot finalize evidence
infrastructure:test: (1 row)
infrastructure:test: 
infrastructure:test:                              ok                             
infrastructure:test: ------------------------------------------------------------
infrastructure:test:  ok 15 - finalization queues scan pending rather than clean
infrastructure:test: (1 row)
infrastructure:test: 
infrastructure:test:                      ok                     
infrastructure:test: --------------------------------------------
infrastructure:test:  ok 16 - scan recording supports quarantine
infrastructure:test: (1 row)
infrastructure:test: 
infrastructure:test:                         is                        
infrastructure:test: --------------------------------------------------
infrastructure:test:  ok 17 - unverified actor cannot request download
infrastructure:test: (1 row)
infrastructure:test: 
infrastructure:test:                          ok                          
infrastructure:test: -----------------------------------------------------
infrastructure:test:  ok 18 - M7 source kind constraint remains validated
infrastructure:test: (1 row)
infrastructure:test: 
infrastructure:test:                        ok                        
infrastructure:test: -------------------------------------------------
infrastructure:test:  ok 19 - M7 snapshot resolves evidence documents
infrastructure:test: (1 row)
infrastructure:test: 
infrastructure:test:                         ok                        
infrastructure:test: --------------------------------------------------
infrastructure:test:  ok 20 - M7 snapshot reports quarantined evidence
infrastructure:test: (1 row)
infrastructure:test: 
infrastructure:test:                       ok                       
infrastructure:test: -----------------------------------------------
infrastructure:test:  ok 21 - expired evidence cannot be downloaded
infrastructure:test: (1 row)
infrastructure:test: 
infrastructure:test:                               ok                              
infrastructure:test: --------------------------------------------------------------
infrastructure:test:  ok 22 - test report section permits clean evidence documents
infrastructure:test: (1 row)
infrastructure:test: 
infrastructure:test:                   ok                   
infrastructure:test: ---------------------------------------
infrastructure:test:  ok 23 - notification claim RPC exists
infrastructure:test: (1 row)
infrastructure:test: 
infrastructure:test:                                ok                                
infrastructure:test: -----------------------------------------------------------------
infrastructure:test:  ok 24 - notification claim RPC has pinned security-definer path
infrastructure:test: (1 row)
infrastructure:test: 
infrastructure:test:                           ok                          
infrastructure:test: ------------------------------------------------------
infrastructure:test:  ok 25 - notification completion is service-role only
infrastructure:test: (1 row)
infrastructure:test: 
infrastructure:test:                             ok                             
infrastructure:test: -----------------------------------------------------------
infrastructure:test:  ok 26 - finalization rejects null measured content claims
infrastructure:test: (1 row)
infrastructure:test: 
infrastructure:test:                                ok                                
infrastructure:test: -----------------------------------------------------------------
infrastructure:test:  ok 27 - list RPC returns shared list envelope and linkage count
infrastructure:test: (1 row)
infrastructure:test: 
infrastructure:test:  finish 
infrastructure:test: --------
infrastructure:test: (0 rows)
infrastructure:test: 
infrastructure:test: ROLLBACK
infrastructure:test: Running tests/m8-evidence-ocr-search.test.sql
infrastructure:test: BEGIN
infrastructure:test: CREATE EXTENSION
infrastructure:test:  plan  
infrastructure:test: -------
infrastructure:test:  1..31
infrastructure:test: (1 row)
infrastructure:test: 
infrastructure:test:                                 ok                                
infrastructure:test: ------------------------------------------------------------------
infrastructure:test:  ok 1 - derived text is isolated from immutable evidence versions
infrastructure:test: (1 row)
infrastructure:test: 
infrastructure:test:                   ok                  
infrastructure:test: --------------------------------------
infrastructure:test:  ok 2 - durable extraction jobs exist
infrastructure:test: (1 row)
infrastructure:test: 
infrastructure:test:                        ok                       
infrastructure:test: ------------------------------------------------
infrastructure:test:  ok 3 - derived text has enabled non-forced RLS
infrastructure:test: (1 row)
infrastructure:test: 
infrastructure:test:                          ok                         
infrastructure:test: ----------------------------------------------------
infrastructure:test:  ok 4 - extraction jobs have enabled non-forced RLS
infrastructure:test: (1 row)
infrastructure:test: 
infrastructure:test:                            ok                            
infrastructure:test: ---------------------------------------------------------
infrastructure:test:  ok 5 - only service role can access extracted text rows
infrastructure:test: (1 row)
infrastructure:test: 
infrastructure:test:                          ok                          
infrastructure:test: -----------------------------------------------------
infrastructure:test:  ok 6 - only service role can access extraction jobs
infrastructure:test: (1 row)
infrastructure:test: 
infrastructure:test:                           ok                           
infrastructure:test: -------------------------------------------------------
infrastructure:test:  ok 7 - derived text remains version and tenant linked
infrastructure:test: (1 row)
infrastructure:test: 
infrastructure:test:                                ok                                
infrastructure:test: -----------------------------------------------------------------
infrastructure:test:  ok 8 - completed derived text has a partial GIN full-text index
infrastructure:test: (1 row)
infrastructure:test: 
infrastructure:test:                                 ok                                 
infrastructure:test: -------------------------------------------------------------------
infrastructure:test:  ok 9 - M8-03 introduces no vector, trigram, or unaccent extension
infrastructure:test: (1 row)
infrastructure:test: 
infrastructure:test:                           ok                           
infrastructure:test: -------------------------------------------------------
infrastructure:test:  ok 10 - full-text vector is a database-derived column
infrastructure:test: (1 row)
infrastructure:test: 
infrastructure:test:                                 ok                                 
infrastructure:test: -------------------------------------------------------------------
infrastructure:test:  ok 11 - search vector derives from text rather than browser input
infrastructure:test: (1 row)
infrastructure:test: 
infrastructure:test:                  ok                  
infrastructure:test: -------------------------------------
infrastructure:test:  ok 12 - extraction claim RPC exists
infrastructure:test: (1 row)
infrastructure:test: 
infrastructure:test:                     ok                    
infrastructure:test: ------------------------------------------
infrastructure:test:  ok 13 - extraction completion RPC exists
infrastructure:test: (1 row)
infrastructure:test: 
infrastructure:test:                      ok                     
infrastructure:test: --------------------------------------------
infrastructure:test:  ok 14 - manual extraction retry RPC exists
infrastructure:test: (1 row)
infrastructure:test: 
infrastructure:test:                         ok                        
infrastructure:test: --------------------------------------------------
infrastructure:test:  ok 15 - version-scoped extracted-text RPC exists
infrastructure:test: (1 row)
infrastructure:test: 
infrastructure:test:                                ok                                
infrastructure:test: -----------------------------------------------------------------
infrastructure:test:  ok 16 - product-scoped search RPC supports bounded keyset input
infrastructure:test: (1 row)
infrastructure:test: 
infrastructure:test:                            ok                            
infrastructure:test: ---------------------------------------------------------
infrastructure:test:  ok 17 - claim RPC pins its security-definer search path
infrastructure:test: (1 row)
infrastructure:test: 
infrastructure:test:                               ok                              
infrastructure:test: --------------------------------------------------------------
infrastructure:test:  ok 18 - completion RPC pins its security-definer search path
infrastructure:test: (1 row)
infrastructure:test: 
infrastructure:test:                             ok                            
infrastructure:test: ----------------------------------------------------------
infrastructure:test:  ok 19 - search RPC pins its security-definer search path
infrastructure:test: (1 row)
infrastructure:test: 
infrastructure:test:                                 ok                                 
infrastructure:test: -------------------------------------------------------------------
infrastructure:test:  ok 20 - search is service-role mediated, never browser-executable
infrastructure:test: (1 row)
infrastructure:test: 
infrastructure:test:                       ok                       
infrastructure:test: -----------------------------------------------
infrastructure:test:  ok 21 - manual retry is service-role mediated
infrastructure:test: (1 row)
infrastructure:test: 
infrastructure:test:                                           ok                                          
infrastructure:test: --------------------------------------------------------------------------------------
infrastructure:test:  ok 22 - existing additive custom-role and override helper knows evidence permissions
infrastructure:test: (1 row)
infrastructure:test: 
infrastructure:test:                                    ok                                   
infrastructure:test: ------------------------------------------------------------------------
infrastructure:test:  ok 23 - search defaults to current versions unless history is explicit
infrastructure:test: (1 row)
infrastructure:test: 
infrastructure:test:                                  ok                                  
infrastructure:test: ---------------------------------------------------------------------
infrastructure:test:  ok 24 - search excludes unclean and expired evidence before ranking
infrastructure:test: (1 row)
infrastructure:test: 
infrastructure:test:                                             ok                                            
infrastructure:test: ------------------------------------------------------------------------------------------
infrastructure:test:  ok 25 - search constrains version applicability to the requested product before matching
infrastructure:test: (1 row)
infrastructure:test: 
infrastructure:test:                                 ok                                 
infrastructure:test: -------------------------------------------------------------------
infrastructure:test:  ok 26 - search rechecks caller permission inside the database RPC
infrastructure:test: (1 row)
infrastructure:test: 
infrastructure:test:                                     ok                                    
infrastructure:test: --------------------------------------------------------------------------
infrastructure:test:  ok 27 - search returns plain snippet text rather than FTS-generated HTML
infrastructure:test: (1 row)
infrastructure:test: 
infrastructure:test:                                   ok                                   
infrastructure:test: -----------------------------------------------------------------------
infrastructure:test:  ok 28 - claim recovers exhausted leases and prevents duplicate claims
infrastructure:test: (1 row)
infrastructure:test: 
infrastructure:test:                                         ok                                        
infrastructure:test: ----------------------------------------------------------------------------------
infrastructure:test:  ok 29 - stale jobs cannot overwrite a different source hash or extractor version
infrastructure:test: (1 row)
infrastructure:test: 
infrastructure:test:                                 ok                                 
infrastructure:test: -------------------------------------------------------------------
infrastructure:test:  ok 30 - clean scan completion transactionally enqueues extraction
infrastructure:test: (1 row)
infrastructure:test: 
infrastructure:test:                               is                               
infrastructure:test: ---------------------------------------------------------------
infrastructure:test:  ok 31 - invalid short query is rejected before data selection
infrastructure:test: (1 row)
infrastructure:test: 
infrastructure:test:  finish 
infrastructure:test: --------
infrastructure:test: (0 rows)
infrastructure:test: 
infrastructure:test: ROLLBACK
infrastructure:test: Running tests/m8-evidence-retention-deletion-holds.test.sql
infrastructure:test: BEGIN
infrastructure:test: CREATE EXTENSION
infrastructure:test:  plan  
infrastructure:test: -------
infrastructure:test:  1..30
infrastructure:test: (1 row)
infrastructure:test: 
infrastructure:test:                                           ok                                          
infrastructure:test: --------------------------------------------------------------------------------------
infrastructure:test:  ok 1 - each immutable evidence version has a durable retention protection projection
infrastructure:test: (1 row)
infrastructure:test: 
infrastructure:test:                            ok                           
infrastructure:test: --------------------------------------------------------
infrastructure:test:  ok 2 - legal holds are durable document-scoped records
infrastructure:test: (1 row)
infrastructure:test: 
infrastructure:test:                                  ok                                 
infrastructure:test: --------------------------------------------------------------------
infrastructure:test:  ok 3 - reviewed deletion is durable rather than an automatic purge
infrastructure:test: (1 row)
infrastructure:test: 
infrastructure:test:                                ok                                
infrastructure:test: -----------------------------------------------------------------
infrastructure:test:  ok 4 - physical cleanup is tracked independently for safe retry
infrastructure:test: (1 row)
infrastructure:test: 
infrastructure:test:                                         ok                                        
infrastructure:test: ----------------------------------------------------------------------------------
infrastructure:test:  ok 5 - evidence documents keep a lifecycle state without deleting audit metadata
infrastructure:test: (1 row)
infrastructure:test: 
infrastructure:test:                       ok                       
infrastructure:test: -----------------------------------------------
infrastructure:test:  ok 6 - legal holds use enabled non-forced RLS
infrastructure:test: (1 row)
infrastructure:test: 
infrastructure:test:                     ok                     
infrastructure:test: -------------------------------------------
infrastructure:test:  ok 7 - holds remain service-role mediated
infrastructure:test: (1 row)
infrastructure:test: 
infrastructure:test:                            ok                            
infrastructure:test: ---------------------------------------------------------
infrastructure:test:  ok 8 - deletion requests have an idempotency constraint
infrastructure:test: (1 row)
infrastructure:test: 
infrastructure:test:                               ok                               
infrastructure:test: ---------------------------------------------------------------
infrastructure:test:  ok 9 - a released hold retains actor, time and release reason
infrastructure:test: (1 row)
infrastructure:test: 
infrastructure:test:                            ok                           
infrastructure:test: --------------------------------------------------------
infrastructure:test:  ok 10 - active legal holds have a focused lookup index
infrastructure:test: (1 row)
infrastructure:test: 
infrastructure:test:                        ok                        
infrastructure:test: -------------------------------------------------
infrastructure:test:  ok 11 - retention projection refresh RPC exists
infrastructure:test: (1 row)
infrastructure:test: 
infrastructure:test:                  ok                  
infrastructure:test: -------------------------------------
infrastructure:test:  ok 12 - retention review RPC exists
infrastructure:test: (1 row)
infrastructure:test: 
infrastructure:test:                   ok                   
infrastructure:test: ---------------------------------------
infrastructure:test:  ok 13 - legal-hold history RPC exists
infrastructure:test: (1 row)
infrastructure:test: 
infrastructure:test:                    ok                    
infrastructure:test: -----------------------------------------
infrastructure:test:  ok 14 - legal hold placement RPC exists
infrastructure:test: (1 row)
infrastructure:test: 
infrastructure:test:                   ok                   
infrastructure:test: ---------------------------------------
infrastructure:test:  ok 15 - legal hold release RPC exists
infrastructure:test: (1 row)
infrastructure:test: 
infrastructure:test:                         ok                         
infrastructure:test: ---------------------------------------------------
infrastructure:test:  ok 16 - explicit deletion confirmation RPC exists
infrastructure:test: (1 row)
infrastructure:test: 
infrastructure:test:                 ok                
infrastructure:test: ----------------------------------
infrastructure:test:  ok 17 - cleanup claim RPC exists
infrastructure:test: (1 row)
infrastructure:test: 
infrastructure:test:                   ok                   
infrastructure:test: ---------------------------------------
infrastructure:test:  ok 18 - cleanup completion RPC exists
infrastructure:test: (1 row)
infrastructure:test: 
infrastructure:test:                                  ok                                  
infrastructure:test: ---------------------------------------------------------------------
infrastructure:test:  ok 19 - destructive confirmation has a pinned security-definer path
infrastructure:test: (1 row)
infrastructure:test: 
infrastructure:test:                             ok                             
infrastructure:test: -----------------------------------------------------------
infrastructure:test:  ok 20 - destructive confirmation is service-role mediated
infrastructure:test: (1 row)
infrastructure:test: 
infrastructure:test:                                                ok                                               
infrastructure:test: ------------------------------------------------------------------------------------------------
infrastructure:test:  ok 21 - the projection consumes persisted M2 protection and status rather than date arithmetic
infrastructure:test: (1 row)
infrastructure:test: 
infrastructure:test:                                  ok                                  
infrastructure:test: ---------------------------------------------------------------------
infrastructure:test:  ok 22 - archived linked products remain part of evidence protection
infrastructure:test: (1 row)
infrastructure:test: 
infrastructure:test:                                  ok                                  
infrastructure:test: ---------------------------------------------------------------------
infrastructure:test:  ok 23 - protection refresh preserves the strongest known protection
infrastructure:test: (1 row)
infrastructure:test: 
infrastructure:test:                                             ok                                            
infrastructure:test: ------------------------------------------------------------------------------------------
infrastructure:test:  ok 24 - confirmation locks the evidence document against concurrent replacement or holds
infrastructure:test: (1 row)
infrastructure:test: 
infrastructure:test:                                 ok                                
infrastructure:test: ------------------------------------------------------------------
infrastructure:test:  ok 25 - confirmation checks active holds in the same transaction
infrastructure:test: (1 row)
infrastructure:test: 
infrastructure:test:                                          ok                                         
infrastructure:test: ------------------------------------------------------------------------------------
infrastructure:test:  ok 26 - confirmation blocks document references retained by technical-file sources
infrastructure:test: (1 row)
infrastructure:test: 
infrastructure:test:                                      ok                                     
infrastructure:test: ----------------------------------------------------------------------------
infrastructure:test:  ok 27 - access revocation and deletion intent are durably audited together
infrastructure:test: (1 row)
infrastructure:test: 
infrastructure:test:                                       ok                                      
infrastructure:test: ------------------------------------------------------------------------------
infrastructure:test:  ok 28 - cleanup rechecks protection before exposing an object deletion claim
infrastructure:test: (1 row)
infrastructure:test: 
infrastructure:test:                                      ok                                     
infrastructure:test: ----------------------------------------------------------------------------
infrastructure:test:  ok 29 - cleanup completion accepts the worker’s idempotent deleted outcome
infrastructure:test: (1 row)
infrastructure:test: 
infrastructure:test:                                         ok                                        
infrastructure:test: ----------------------------------------------------------------------------------
infrastructure:test:  ok 30 - the live review RPC exposes every required conservative-protection field
infrastructure:test: (1 row)
infrastructure:test: 
infrastructure:test:  finish 
infrastructure:test: --------
infrastructure:test: (0 rows)
infrastructure:test: 
infrastructure:test: ROLLBACK
infrastructure:test: Running tests/m8-evidence-validity-reuse-alerts.test.sql
infrastructure:test: BEGIN
infrastructure:test: CREATE EXTENSION
infrastructure:test:  plan  
infrastructure:test: -------
infrastructure:test:  1..37
infrastructure:test: (1 row)
infrastructure:test: 
infrastructure:test:                                            ok                                            
infrastructure:test: -----------------------------------------------------------------------------------------
infrastructure:test:  ok 1 - organization settings stores expiry intervals without a duplicate settings table
infrastructure:test: (1 row)
infrastructure:test: 
infrastructure:test:                               ok                               
infrastructure:test: ---------------------------------------------------------------
infrastructure:test:  ok 2 - expiry settings have an optimistic concurrency version
infrastructure:test: (1 row)
infrastructure:test: 
infrastructure:test:                                 is                                
infrastructure:test: ------------------------------------------------------------------
infrastructure:test:  ok 3 - new organization defaults use 30/14/7/1 expiry thresholds
infrastructure:test: (1 row)
infrastructure:test: 
infrastructure:test:                                     ok                                    
infrastructure:test: --------------------------------------------------------------------------
infrastructure:test:  ok 4 - threshold validation rejects duplicate and out-of-range intervals
infrastructure:test: (1 row)
infrastructure:test: 
infrastructure:test:                              is                             
infrastructure:test: ------------------------------------------------------------
infrastructure:test:  ok 5 - missing validity is never inferred as valid forever
infrastructure:test: (1 row)
infrastructure:test: 
infrastructure:test:                                  is                                 
infrastructure:test: --------------------------------------------------------------------
infrastructure:test:  ok 6 - open-ended validity is explicit and has no expiry threshold
infrastructure:test: (1 row)
infrastructure:test: 
infrastructure:test:                            is                           
infrastructure:test: --------------------------------------------------------
infrastructure:test:  ok 7 - validity expiry remains distinct from retention
infrastructure:test: (1 row)
infrastructure:test: 
infrastructure:test:                  is                 
infrastructure:test: ------------------------------------
infrastructure:test:  ok 8 - future validity is explicit
infrastructure:test: (1 row)
infrastructure:test: 
infrastructure:test:                               is                              
infrastructure:test: --------------------------------------------------------------
infrastructure:test:  ok 9 - largest configured threshold determines expiring soon
infrastructure:test: (1 row)
infrastructure:test: 
infrastructure:test:                                is                               
infrastructure:test: ----------------------------------------------------------------
infrastructure:test:  ok 10 - evidence outside configured thresholds remains current
infrastructure:test: (1 row)
infrastructure:test: 
infrastructure:test:                                ok                                
infrastructure:test: -----------------------------------------------------------------
infrastructure:test:  ok 11 - validity notifications dedupe per version and threshold
infrastructure:test: (1 row)
infrastructure:test: 
infrastructure:test:                                      ok                                     
infrastructure:test: ----------------------------------------------------------------------------
infrastructure:test:  ok 12 - outbox records validity events and terminal unavailable recipients
infrastructure:test: (1 row)
infrastructure:test: 
infrastructure:test:                             ok                            
infrastructure:test: ----------------------------------------------------------
infrastructure:test:  ok 13 - notification outbox keeps enabled non-forced RLS
infrastructure:test: (1 row)
infrastructure:test: 
infrastructure:test:                     ok                    
infrastructure:test: ------------------------------------------
infrastructure:test:  ok 14 - outbox remains service-role-only
infrastructure:test: (1 row)
infrastructure:test: 
infrastructure:test:                    ok                    
infrastructure:test: -----------------------------------------
infrastructure:test:  ok 15 - expiry interval read RPC exists
infrastructure:test: (1 row)
infrastructure:test: 
infrastructure:test:                                ok                                
infrastructure:test: -----------------------------------------------------------------
infrastructure:test:  ok 16 - idempotent optimistic expiry interval update RPC exists
infrastructure:test: (1 row)
infrastructure:test: 
infrastructure:test:                          ok                         
infrastructure:test: ----------------------------------------------------
infrastructure:test:  ok 17 - durable validity reconciliation RPC exists
infrastructure:test: (1 row)
infrastructure:test: 
infrastructure:test:                       ok                       
infrastructure:test: -----------------------------------------------
infrastructure:test:  ok 18 - lease claim and completion RPCs exist
infrastructure:test: (1 row)
infrastructure:test: 
infrastructure:test:                      ok                      
infrastructure:test: ---------------------------------------------
infrastructure:test:  ok 19 - bounded tenant traversal RPC exists
infrastructure:test: (1 row)
infrastructure:test: 
infrastructure:test:                          ok                         
infrastructure:test: ----------------------------------------------------
infrastructure:test:  ok 20 - version-pinned reuse projection RPC exists
infrastructure:test: (1 row)
infrastructure:test: 
infrastructure:test:                            ok                            
infrastructure:test: ---------------------------------------------------------
infrastructure:test:  ok 21 - validity-filtered evidence list overload exists
infrastructure:test: (1 row)
infrastructure:test: 
infrastructure:test:                                  ok                                  
infrastructure:test: ---------------------------------------------------------------------
infrastructure:test:  ok 22 - settings mutation has a pinned security-definer search path
infrastructure:test: (1 row)
infrastructure:test: 
infrastructure:test:                                   ok                                  
infrastructure:test: ----------------------------------------------------------------------
infrastructure:test:  ok 23 - notification claim has a pinned security-definer search path
infrastructure:test: (1 row)
infrastructure:test: 
infrastructure:test:                         ok                         
infrastructure:test: ---------------------------------------------------
infrastructure:test:  ok 24 - reuse projection is service-role mediated
infrastructure:test: (1 row)
infrastructure:test: 
infrastructure:test:                       ok                       
infrastructure:test: -----------------------------------------------
infrastructure:test:  ok 25 - tenant traversal is service-role only
infrastructure:test: (1 row)
infrastructure:test: 
infrastructure:test:                                             ok                                            
infrastructure:test: ------------------------------------------------------------------------------------------
infrastructure:test:  ok 26 - reuse projection requires evidence access and gates technical targets separately
infrastructure:test: (1 row)
infrastructure:test: 
infrastructure:test:                                            ok                                            
infrastructure:test: -----------------------------------------------------------------------------------------
infrastructure:test:  ok 27 - reuse resolves an immutable linked version rather than retargeting the document
infrastructure:test: (1 row)
infrastructure:test: 
infrastructure:test:                                             ok                                            
infrastructure:test: ------------------------------------------------------------------------------------------
infrastructure:test:  ok 28 - reuse excludes inactive technical-file targets just as its count projection does
infrastructure:test: (1 row)
infrastructure:test: 
infrastructure:test:                                       ok                                       
infrastructure:test: -------------------------------------------------------------------------------
infrastructure:test:  ok 29 - framework mapping contract is honestly empty while M10 is unavailable
infrastructure:test: (1 row)
infrastructure:test: 
infrastructure:test:                                      ok                                      
infrastructure:test: -----------------------------------------------------------------------------
infrastructure:test:  ok 30 - list applies validity filtering and returns matching linkage counts
infrastructure:test: (1 row)
infrastructure:test: 
infrastructure:test:                                                        ok                                                       
infrastructure:test: ----------------------------------------------------------------------------------------------------------------
infrastructure:test:  ok 31 - next cursor is the final selected row only when another page exists, so keyset pages do not skip a row
infrastructure:test: (1 row)
infrastructure:test: 
infrastructure:test:                                       ok                                       
infrastructure:test: -------------------------------------------------------------------------------
infrastructure:test:  ok 32 - reconciliation excludes evidence applicable only to archived products
infrastructure:test: (1 row)
infrastructure:test: 
infrastructure:test:                                  ok                                  
infrastructure:test: ---------------------------------------------------------------------
infrastructure:test:  ok 33 - settings update persists and serializes idempotent commands
infrastructure:test: (1 row)
infrastructure:test: 
infrastructure:test:                                        ok                                        
infrastructure:test: ---------------------------------------------------------------------------------
infrastructure:test:  ok 34 - claimed expiry dates are UTC timestamps accepted by the worker boundary
infrastructure:test: (1 row)
infrastructure:test: 
infrastructure:test:                              is                             
infrastructure:test: ------------------------------------------------------------
infrastructure:test:  ok 35 - cross-tenant/unverified interval reads fail closed
infrastructure:test: (1 row)
infrastructure:test: 
infrastructure:test:                            is                            
infrastructure:test: ---------------------------------------------------------
infrastructure:test:  ok 36 - cross-tenant/unverified reuse reads fail closed
infrastructure:test: (1 row)
infrastructure:test: 
infrastructure:test:                                    is                                   
infrastructure:test: ------------------------------------------------------------------------
infrastructure:test:  ok 37 - empty foreign tenant queue does not disclose notification data
infrastructure:test: (1 row)
infrastructure:test: 
infrastructure:test:  finish 
infrastructure:test: --------
infrastructure:test: (0 rows)
infrastructure:test: 
infrastructure:test: ROLLBACK
infrastructure:test: Running tests/m8-evidence-versions-delivery.test.sql
infrastructure:test: BEGIN
infrastructure:test: CREATE EXTENSION
infrastructure:test:  plan  
infrastructure:test: -------
infrastructure:test:  1..27
infrastructure:test: (1 row)
infrastructure:test: 
infrastructure:test:                                     ok                                    
infrastructure:test: --------------------------------------------------------------------------
infrastructure:test:  ok 1 - access grants are durable records rather than storage signed URLs
infrastructure:test: (1 row)
infrastructure:test: 
infrastructure:test:                         ok                        
infrastructure:test: --------------------------------------------------
infrastructure:test:  ok 2 - access grants have enabled non-forced RLS
infrastructure:test: (1 row)
infrastructure:test: 
infrastructure:test:                              ok                              
infrastructure:test: -------------------------------------------------------------
infrastructure:test:  ok 3 - only service role receives access-grant table access
infrastructure:test: (1 row)
infrastructure:test: 
infrastructure:test:                              ok                              
infrastructure:test: -------------------------------------------------------------
infrastructure:test:  ok 4 - authenticated users cannot read bearer grant records
infrastructure:test: (1 row)
infrastructure:test: 
infrastructure:test:                            ok                           
infrastructure:test: --------------------------------------------------------
infrastructure:test:  ok 5 - grant document and version must belong together
infrastructure:test: (1 row)
infrastructure:test: 
infrastructure:test:                    ok                   
infrastructure:test: ----------------------------------------
infrastructure:test:  ok 6 - evidence bucket remains private
infrastructure:test: (1 row)
infrastructure:test: 
infrastructure:test:                                 ok                                 
infrastructure:test: -------------------------------------------------------------------
infrastructure:test:  ok 7 - safe preview images are allowed while SVG remains rejected
infrastructure:test: (1 row)
infrastructure:test: 
infrastructure:test:                         ok                         
infrastructure:test: ---------------------------------------------------
infrastructure:test:  ok 8 - finalization accepts verified WebP content
infrastructure:test: (1 row)
infrastructure:test: 
infrastructure:test:                     ok                     
infrastructure:test: -------------------------------------------
infrastructure:test:  ok 9 - replacement reservation RPC exists
infrastructure:test: (1 row)
infrastructure:test: 
infrastructure:test:                  ok                 
infrastructure:test: ------------------------------------
infrastructure:test:  ok 10 - version history RPC exists
infrastructure:test: (1 row)
infrastructure:test: 
infrastructure:test:                    ok                    
infrastructure:test: -----------------------------------------
infrastructure:test:  ok 11 - access authorization RPC exists
infrastructure:test: (1 row)
infrastructure:test: 
infrastructure:test:                   ok                  
infrastructure:test: --------------------------------------
infrastructure:test:  ok 12 - access redemption RPC exists
infrastructure:test: (1 row)
infrastructure:test: 
infrastructure:test:                   ok                  
infrastructure:test: --------------------------------------
infrastructure:test:  ok 13 - integrity failure RPC exists
infrastructure:test: (1 row)
infrastructure:test: 
infrastructure:test:                              ok                              
infrastructure:test: -------------------------------------------------------------
infrastructure:test:  ok 14 - replacement RPC uses a pinned security-definer path
infrastructure:test: (1 row)
infrastructure:test: 
infrastructure:test:                              ok                             
infrastructure:test: ------------------------------------------------------------
infrastructure:test:  ok 15 - redemption RPC uses a pinned security-definer path
infrastructure:test: (1 row)
infrastructure:test: 
infrastructure:test:                        ok                       
infrastructure:test: ------------------------------------------------
infrastructure:test:  ok 16 - authorization RPC is service-role only
infrastructure:test: (1 row)
infrastructure:test: 
infrastructure:test:                      ok                     
infrastructure:test: --------------------------------------------
infrastructure:test:  ok 17 - integrity RPC is service-role only
infrastructure:test: (1 row)
infrastructure:test: 
infrastructure:test:                                        ok                                        
infrastructure:test: ---------------------------------------------------------------------------------
infrastructure:test:  ok 18 - replacement locks the document and detects stale current-version writes
infrastructure:test: (1 row)
infrastructure:test: 
infrastructure:test:                                   ok                                   
infrastructure:test: -----------------------------------------------------------------------
infrastructure:test:  ok 19 - replacement assigns deterministic append-only version numbers
infrastructure:test: (1 row)
infrastructure:test: 
infrastructure:test:                              ok                              
infrastructure:test: -------------------------------------------------------------
infrastructure:test:  ok 20 - authorization verifies version-pinned product scope
infrastructure:test: (1 row)
infrastructure:test: 
infrastructure:test:                                    ok                                   
infrastructure:test: ------------------------------------------------------------------------
infrastructure:test:  ok 21 - redemption records byte delivery separately from authorization
infrastructure:test: (1 row)
infrastructure:test: 
infrastructure:test:                           ok                          
infrastructure:test: ------------------------------------------------------
infrastructure:test:  ok 22 - redemption rejects out-of-bounds byte ranges
infrastructure:test: (1 row)
infrastructure:test: 
infrastructure:test:                                 ok                                 
infrastructure:test: -------------------------------------------------------------------
infrastructure:test:  ok 23 - integrity failures enqueue responsible-owner notification
infrastructure:test: (1 row)
infrastructure:test: 
infrastructure:test:                                      ok                                     
infrastructure:test: ----------------------------------------------------------------------------
infrastructure:test:  ok 24 - integrity failure terminally records the correlated delivery grant
infrastructure:test: (1 row)
infrastructure:test: 
infrastructure:test:                                    ok                                    
infrastructure:test: -------------------------------------------------------------------------
infrastructure:test:  ok 25 - notification claim identifies integrity versus quarantine alert
infrastructure:test: (1 row)
infrastructure:test: 
infrastructure:test:                                    ok                                   
infrastructure:test: ------------------------------------------------------------------------
infrastructure:test:  ok 26 - authorization and issuance are durably audited in the same RPC
infrastructure:test: (1 row)
infrastructure:test: 
infrastructure:test:                              ok                             
infrastructure:test: ------------------------------------------------------------
infrastructure:test:  ok 27 - version history is newest-first and product-scoped
infrastructure:test: (1 row)
infrastructure:test: 
infrastructure:test:  finish 
infrastructure:test: --------
infrastructure:test: (0 rows)
infrastructure:test: 
infrastructure:test: ROLLBACK
infrastructure:test: Running tests/m9-02-supplier-evidence-portal.test.sql
infrastructure:test: BEGIN
infrastructure:test: CREATE EXTENSION
infrastructure:test:  plan  
infrastructure:test: -------
infrastructure:test:  1..27
infrastructure:test: (1 row)
infrastructure:test: 
infrastructure:test:              ok              
infrastructure:test: -----------------------------
infrastructure:test:  ok 1 - request table exists
infrastructure:test: (1 row)
infrastructure:test: 
infrastructure:test:                    ok                   
infrastructure:test: ----------------------------------------
infrastructure:test:  ok 2 - immutable revision table exists
infrastructure:test: (1 row)
infrastructure:test: 
infrastructure:test:                 ok                 
infrastructure:test: -----------------------------------
infrastructure:test:  ok 3 - revision item table exists
infrastructure:test: (1 row)
infrastructure:test: 
infrastructure:test:                     ok                    
infrastructure:test: ------------------------------------------
infrastructure:test:  ok 4 - hash-only invitation table exists
infrastructure:test: (1 row)
infrastructure:test: 
infrastructure:test:                     ok                    
infrastructure:test: ------------------------------------------
infrastructure:test:  ok 5 - external attribution table exists
infrastructure:test: (1 row)
infrastructure:test: 
infrastructure:test:                      ok                      
infrastructure:test: ---------------------------------------------
infrastructure:test:  ok 6 - requests have enabled non-forced RLS
infrastructure:test: (1 row)
infrastructure:test: 
infrastructure:test:                        ok                       
infrastructure:test: ------------------------------------------------
infrastructure:test:  ok 7 - invitations have enabled non-forced RLS
infrastructure:test: (1 row)
infrastructure:test: 
infrastructure:test:                       ok                       
infrastructure:test: -----------------------------------------------
infrastructure:test:  ok 8 - anonymous has no direct request access
infrastructure:test: (1 row)
infrastructure:test: 
infrastructure:test:                           ok                          
infrastructure:test: ------------------------------------------------------
infrastructure:test:  ok 9 - authenticated has no direct submission access
infrastructure:test: (1 row)
infrastructure:test: 
infrastructure:test:                       ok                       
infrastructure:test: -----------------------------------------------
infrastructure:test:  ok 10 - service role owns request persistence
infrastructure:test: (1 row)
infrastructure:test: 
infrastructure:test:                       ok                       
infrastructure:test: -----------------------------------------------
infrastructure:test:  ok 11 - invitation persists a token hash only
infrastructure:test: (1 row)
infrastructure:test: 
infrastructure:test:                             ok                            
infrastructure:test: ----------------------------------------------------------
infrastructure:test:  ok 12 - no raw invitation or session token column exists
infrastructure:test: (1 row)
infrastructure:test: 
infrastructure:test:                            ok                           
infrastructure:test: --------------------------------------------------------
infrastructure:test:  ok 13 - preview RPC has a pinned security-definer path
infrastructure:test: (1 row)
infrastructure:test: 
infrastructure:test:                          ok                          
infrastructure:test: -----------------------------------------------------
infrastructure:test:  ok 14 - service role can redeem a scoped invitation
infrastructure:test: (1 row)
infrastructure:test: 
infrastructure:test:                                 ok                                
infrastructure:test: ------------------------------------------------------------------
infrastructure:test:  ok 15 - authenticated cannot redeem a portal invitation directly
infrastructure:test: (1 row)
infrastructure:test: 
infrastructure:test:                      is                      
infrastructure:test: ---------------------------------------------
infrastructure:test:  ok 16 - unknown invitation is not disclosed
infrastructure:test: (1 row)
infrastructure:test: 
infrastructure:test:                        is                        
infrastructure:test: -------------------------------------------------
infrastructure:test:  ok 17 - guessed portal session is not disclosed
infrastructure:test: (1 row)
infrastructure:test: 
infrastructure:test:                                    is                                    
infrastructure:test: -------------------------------------------------------------------------
infrastructure:test:  ok 18 - sibling request item cannot be reserved without a valid session
infrastructure:test: (1 row)
infrastructure:test: 
infrastructure:test:                      is                      
infrastructure:test: ---------------------------------------------
infrastructure:test:  ok 19 - unscoped internal preview is denied
infrastructure:test: (1 row)
infrastructure:test: 
infrastructure:test:                                    ok                                   
infrastructure:test: ------------------------------------------------------------------------
infrastructure:test:  ok 20 - issue derives its preview fingerprint from the canonical draft
infrastructure:test: (1 row)
infrastructure:test: 
infrastructure:test:                          ok                          
infrastructure:test: -----------------------------------------------------
infrastructure:test:  ok 21 - issue command retains an idempotency digest
infrastructure:test: (1 row)
infrastructure:test: 
infrastructure:test:                          ok                         
infrastructure:test: ----------------------------------------------------
infrastructure:test:  ok 22 - clean scans remain pending internal review
infrastructure:test: (1 row)
infrastructure:test: 
infrastructure:test:                              ok                              
infrastructure:test: -------------------------------------------------------------
infrastructure:test:  ok 23 - quarantined scans become supplier-visible rejection
infrastructure:test: (1 row)
infrastructure:test: 
infrastructure:test:                                        ok                                       
infrastructure:test: --------------------------------------------------------------------------------
infrastructure:test:  ok 24 - reissue revokes prior active sessions before creating a new invitation
infrastructure:test: (1 row)
infrastructure:test: 
infrastructure:test:                                             ok                                             
infrastructure:test: -------------------------------------------------------------------------------------------
infrastructure:test:  ok 25 - completion has its own M8 idempotency scope rather than requiring the reserve key
infrastructure:test: (1 row)
infrastructure:test: 
infrastructure:test:                                               ok                                              
infrastructure:test: ----------------------------------------------------------------------------------------------
infrastructure:test:  ok 26 - an already queued scoped upload can safely replay finalization after a lost response
infrastructure:test: (1 row)
infrastructure:test: 
infrastructure:test:                                        ok                                       
infrastructure:test: --------------------------------------------------------------------------------
infrastructure:test:  ok 27 - a scoped queued submission can be inspected only to retry finalization
infrastructure:test: (1 row)
infrastructure:test: 
infrastructure:test:  finish 
infrastructure:test: --------
infrastructure:test: (0 rows)
infrastructure:test: 
infrastructure:test: ROLLBACK
infrastructure:test: Running tests/m9-03-supplier-evidence-review.test.sql
infrastructure:test: BEGIN
infrastructure:test: CREATE EXTENSION
infrastructure:test:  plan  
infrastructure:test: -------
infrastructure:test:  1..42
infrastructure:test: (1 row)
infrastructure:test: 
infrastructure:test:                        ok                        
infrastructure:test: -------------------------------------------------
infrastructure:test:  ok 1 - immutable supplier-review history exists
infrastructure:test: (1 row)
infrastructure:test: 
infrastructure:test:                         ok                        
infrastructure:test: --------------------------------------------------
infrastructure:test:  ok 2 - review history has enabled non-forced RLS
infrastructure:test: (1 row)
infrastructure:test: 
infrastructure:test:                          ok                          
infrastructure:test: -----------------------------------------------------
infrastructure:test:  ok 3 - anonymous callers cannot read review history
infrastructure:test: (1 row)
infrastructure:test: 
infrastructure:test:                                 ok                                
infrastructure:test: ------------------------------------------------------------------
infrastructure:test:  ok 4 - authenticated callers cannot read review history directly
infrastructure:test: (1 row)
infrastructure:test: 
infrastructure:test:                      ok                      
infrastructure:test: ---------------------------------------------
infrastructure:test:  ok 5 - service role persists review history
infrastructure:test: (1 row)
infrastructure:test: 
infrastructure:test:                           ok                           
infrastructure:test: -------------------------------------------------------
infrastructure:test:  ok 6 - request has an explicit aggregate review state
infrastructure:test: (1 row)
infrastructure:test: 
infrastructure:test:                        ok                       
infrastructure:test: ------------------------------------------------
infrastructure:test:  ok 7 - invitation has a durable delivery state
infrastructure:test: (1 row)
infrastructure:test: 
infrastructure:test:                             ok                             
infrastructure:test: -----------------------------------------------------------
infrastructure:test:  ok 8 - follow-up item keeps immutable source-item lineage
infrastructure:test: (1 row)
infrastructure:test: 
infrastructure:test:                            ok                           
infrastructure:test: --------------------------------------------------------
infrastructure:test:  ok 9 - a submission may have only one immutable review
infrastructure:test: (1 row)
infrastructure:test: 
infrastructure:test:                                  ok                                  
infrastructure:test: ---------------------------------------------------------------------
infrastructure:test:  ok 10 - review retries are attributed to a reviewer idempotency key
infrastructure:test: (1 row)
infrastructure:test: 
infrastructure:test:             ok             
infrastructure:test: ---------------------------
infrastructure:test:  ok 11 - review RPC exists
infrastructure:test: (1 row)
infrastructure:test: 
infrastructure:test:               ok               
infrastructure:test: -------------------------------
infrastructure:test:  ok 12 - re-request RPC exists
infrastructure:test: (1 row)
infrastructure:test: 
infrastructure:test:              ok              
infrastructure:test: -----------------------------
infrastructure:test:  ok 13 - delivery RPC exists
infrastructure:test: (1 row)
infrastructure:test: 
infrastructure:test:                 ok                
infrastructure:test: ----------------------------------
infrastructure:test:  ok 14 - review-detail RPC exists
infrastructure:test: (1 row)
infrastructure:test: 
infrastructure:test:                ok                
infrastructure:test: ---------------------------------
infrastructure:test:  ok 15 - review queue RPC exists
infrastructure:test: (1 row)
infrastructure:test: 
infrastructure:test:                       ok                       
infrastructure:test: -----------------------------------------------
infrastructure:test:  ok 16 - filtered safe request-list RPC exists
infrastructure:test: (1 row)
infrastructure:test: 
infrastructure:test:                           ok                           
infrastructure:test: -------------------------------------------------------
infrastructure:test:  ok 17 - review RPC has a pinned security-definer path
infrastructure:test: (1 row)
infrastructure:test: 
infrastructure:test:                             ok                             
infrastructure:test: -----------------------------------------------------------
infrastructure:test:  ok 18 - re-request RPC has a pinned security-definer path
infrastructure:test: (1 row)
infrastructure:test: 
infrastructure:test:                            ok                            
infrastructure:test: ---------------------------------------------------------
infrastructure:test:  ok 19 - delivery RPC has a pinned security-definer path
infrastructure:test: (1 row)
infrastructure:test: 
infrastructure:test:                          ok                         
infrastructure:test: ----------------------------------------------------
infrastructure:test:  ok 20 - service role can review submitted evidence
infrastructure:test: (1 row)
infrastructure:test: 
infrastructure:test:                                  ok                                  
infrastructure:test: ---------------------------------------------------------------------
infrastructure:test:  ok 21 - authenticated callers cannot invoke the review RPC directly
infrastructure:test: (1 row)
infrastructure:test: 
infrastructure:test:                          ok                          
infrastructure:test: -----------------------------------------------------
infrastructure:test:  ok 22 - service role can create a scoped re-request
infrastructure:test: (1 row)
infrastructure:test: 
infrastructure:test:                                 ok                                 
infrastructure:test: -------------------------------------------------------------------
infrastructure:test:  ok 23 - authenticated callers cannot invoke a re-request directly
infrastructure:test: (1 row)
infrastructure:test: 
infrastructure:test:                              ok                             
infrastructure:test: ------------------------------------------------------------
infrastructure:test:  ok 24 - service role can use filtered safe request listing
infrastructure:test: (1 row)
infrastructure:test: 
infrastructure:test:                             ok                            
infrastructure:test: ----------------------------------------------------------
infrastructure:test:  ok 25 - review rejects versions that are no longer clean
infrastructure:test: (1 row)
infrastructure:test: 
infrastructure:test:                                            ok                                            
infrastructure:test: -----------------------------------------------------------------------------------------
infrastructure:test:  ok 26 - review uses the rendered submission revision as an optimistic-concurrency check
infrastructure:test: (1 row)
infrastructure:test: 
infrastructure:test:                                                ok                                               
infrastructure:test: ------------------------------------------------------------------------------------------------
infrastructure:test:  ok 27 - rendered submission revision retains microseconds for the optimistic-concurrency check
infrastructure:test: (1 row)
infrastructure:test: 
infrastructure:test:                                       ok                                      
infrastructure:test: ------------------------------------------------------------------------------
infrastructure:test:  ok 28 - review rechecks active reviewer authority after locking the decision
infrastructure:test: (1 row)
infrastructure:test: 
infrastructure:test:                                ok                               
infrastructure:test: ----------------------------------------------------------------
infrastructure:test:  ok 29 - rejection reason validation is inside the atomic write
infrastructure:test: (1 row)
infrastructure:test: 
infrastructure:test:                                 ok                                
infrastructure:test: ------------------------------------------------------------------
infrastructure:test:  ok 30 - per-item state keeps acceptance distinct from scan state
infrastructure:test: (1 row)
infrastructure:test: 
infrastructure:test:                                         ok                                        
infrastructure:test: ----------------------------------------------------------------------------------
infrastructure:test:  ok 31 - re-request persists item lineage instead of overwriting the old revision
infrastructure:test: (1 row)
infrastructure:test: 
infrastructure:test:                                    ok                                    
infrastructure:test: -------------------------------------------------------------------------
infrastructure:test:  ok 32 - re-request rejects pending or accepted source items server-side
infrastructure:test: (1 row)
infrastructure:test: 
infrastructure:test:                                         ok                                        
infrastructure:test: ----------------------------------------------------------------------------------
infrastructure:test:  ok 33 - re-request revokes prior scoped invitations before issuing a replacement
infrastructure:test: (1 row)
infrastructure:test: 
infrastructure:test:                          ok                         
infrastructure:test: ----------------------------------------------------
infrastructure:test:  ok 34 - delivery state is not silently overwritten
infrastructure:test: (1 row)
infrastructure:test: 
infrastructure:test:                                          ok                                         
infrastructure:test: ------------------------------------------------------------------------------------
infrastructure:test:  ok 35 - invitation JSON exposes supplier-request delivery failure state internally
infrastructure:test: (1 row)
infrastructure:test: 
infrastructure:test:                              ok                              
infrastructure:test: -------------------------------------------------------------
infrastructure:test:  ok 36 - request summary JSON exposes aggregate review state
infrastructure:test: (1 row)
infrastructure:test: 
infrastructure:test:                                ok                                
infrastructure:test: -----------------------------------------------------------------
infrastructure:test:  ok 37 - review detail JSON exposes review checklist projections
infrastructure:test: (1 row)
infrastructure:test: 
infrastructure:test:                             ok                            
infrastructure:test: ----------------------------------------------------------
infrastructure:test:  ok 38 - submission JSON exposes immutable review history
infrastructure:test: (1 row)
infrastructure:test: 
infrastructure:test:                                         ok                                         
infrastructure:test: -----------------------------------------------------------------------------------
infrastructure:test:  ok 39 - ordinary request detail does not expose reviewer-only notes or provenance
infrastructure:test: (1 row)
infrastructure:test: 
infrastructure:test:                                                 ok                                                 
infrastructure:test: ---------------------------------------------------------------------------------------------------
infrastructure:test:  ok 40 - portal checklist projection always supplies the nullable re-request reason contract field
infrastructure:test: (1 row)
infrastructure:test: 
infrastructure:test:                              ok                             
infrastructure:test: ------------------------------------------------------------
infrastructure:test:  ok 41 - follow-up SQL limits match the shared Zod contract
infrastructure:test: (1 row)
infrastructure:test: 
infrastructure:test:                                    ok                                    
infrastructure:test: -------------------------------------------------------------------------
infrastructure:test:  ok 42 - re-request replay digest excludes regenerated invitation expiry
infrastructure:test: (1 row)
infrastructure:test: 
infrastructure:test:  finish 
infrastructure:test: --------
infrastructure:test: (0 rows)
infrastructure:test: 
infrastructure:test: ROLLBACK
infrastructure:test: Running tests/m9-04-supplier-evidence-reminders-metrics.test.sql
infrastructure:test: BEGIN
infrastructure:test: CREATE EXTENSION
infrastructure:test:  plan  
infrastructure:test: -------
infrastructure:test:  1..29
infrastructure:test: (1 row)
infrastructure:test: 
infrastructure:test:                        has_table                       
infrastructure:test: -------------------------------------------------------
infrastructure:test:  ok 1 - M9-04 uses a dedicated durable reminder ledger
infrastructure:test: (1 row)
infrastructure:test: 
infrastructure:test:                       has_column                      
infrastructure:test: ------------------------------------------------------
infrastructure:test:  ok 2 - organization settings retain reminder cadence
infrastructure:test: (1 row)
infrastructure:test: 
infrastructure:test:                  has_column                 
infrastructure:test: --------------------------------------------
infrastructure:test:  ok 3 - settings use optimistic concurrency
infrastructure:test: (1 row)
infrastructure:test: 
infrastructure:test:                   col_is_pk                   
infrastructure:test: ----------------------------------------------
infrastructure:test:  ok 4 - delivery has an immutable primary key
infrastructure:test: (1 row)
infrastructure:test: 
infrastructure:test:                                    ok                                    
infrastructure:test: -------------------------------------------------------------------------
infrastructure:test:  ok 5 - logical reminder dedupe includes the immutable due-date snapshot
infrastructure:test: (1 row)
infrastructure:test: 
infrastructure:test:                    ok                   
infrastructure:test: ----------------------------------------
infrastructure:test:  ok 6 - reminder ledger has RLS enabled
infrastructure:test: (1 row)
infrastructure:test: 
infrastructure:test:                              ok                             
infrastructure:test: ------------------------------------------------------------
infrastructure:test:  ok 7 - authenticated users cannot directly read the ledger
infrastructure:test: (1 row)
infrastructure:test: 
infrastructure:test:                ok                
infrastructure:test: ---------------------------------
infrastructure:test:  ok 8 - default cadence is valid
infrastructure:test: (1 row)
infrastructure:test: 
infrastructure:test:                       ok                       
infrastructure:test: -----------------------------------------------
infrastructure:test:  ok 9 - duplicate cadence offsets are rejected
infrastructure:test: (1 row)
infrastructure:test: 
infrastructure:test:                            ok                            
infrastructure:test: ---------------------------------------------------------
infrastructure:test:  ok 10 - a cadence requires an overdue escalation offset
infrastructure:test: (1 row)
infrastructure:test: 
infrastructure:test:                ok                
infrastructure:test: ---------------------------------
infrastructure:test:  ok 11 - zero offset is rejected
infrastructure:test: (1 row)
infrastructure:test: 
infrastructure:test:                 ok                
infrastructure:test: ----------------------------------
infrastructure:test:  ok 12 - settings read RPC exists
infrastructure:test: (1 row)
infrastructure:test: 
infrastructure:test:                  ok                 
infrastructure:test: ------------------------------------
infrastructure:test:  ok 13 - settings update RPC exists
infrastructure:test: (1 row)
infrastructure:test: 
infrastructure:test:                     ok                     
infrastructure:test: -------------------------------------------
infrastructure:test:  ok 14 - durable reconciliation RPC exists
infrastructure:test: (1 row)
infrastructure:test: 
infrastructure:test:                         ok                         
infrastructure:test: ---------------------------------------------------
infrastructure:test:  ok 15 - bounded organization traversal RPC exists
infrastructure:test: (1 row)
infrastructure:test: 
infrastructure:test:                ok                
infrastructure:test: ---------------------------------
infrastructure:test:  ok 16 - worker claim RPC exists
infrastructure:test: (1 row)
infrastructure:test: 
infrastructure:test:                       ok                       
infrastructure:test: -----------------------------------------------
infrastructure:test:  ok 17 - prepare RPC accepts only a token hash
infrastructure:test: (1 row)
infrastructure:test: 
infrastructure:test:                        ok                        
infrastructure:test: -------------------------------------------------
infrastructure:test:  ok 18 - completion RPC records provider outcome
infrastructure:test: (1 row)
infrastructure:test: 
infrastructure:test:                                        ok                                       
infrastructure:test: --------------------------------------------------------------------------------
infrastructure:test:  ok 19 - manual retry RPC verifies the nested request id and optimistic version
infrastructure:test: (1 row)
infrastructure:test: 
infrastructure:test:                     ok                    
infrastructure:test: ------------------------------------------
infrastructure:test:  ok 20 - tenant-scoped metrics RPC exists
infrastructure:test: (1 row)
infrastructure:test: 
infrastructure:test:                   ok                   
infrastructure:test: ---------------------------------------
infrastructure:test:  ok 21 - overdue drill-down RPC exists
infrastructure:test: (1 row)
infrastructure:test: 
infrastructure:test:                             ok                             
infrastructure:test: -----------------------------------------------------------
infrastructure:test:  ok 22 - claim RPC has pinned security-definer search path
infrastructure:test: (1 row)
infrastructure:test: 
infrastructure:test:                    ok                    
infrastructure:test: -----------------------------------------
infrastructure:test:  ok 23 - worker RPC is service-role-only
infrastructure:test: (1 row)
infrastructure:test: 
infrastructure:test:                         ok                        
infrastructure:test: --------------------------------------------------
infrastructure:test:  ok 24 - reconciliation obsoletes prior revisions
infrastructure:test: (1 row)
infrastructure:test: 
infrastructure:test:                             ok                            
infrastructure:test: ----------------------------------------------------------
infrastructure:test:  ok 25 - catch-up does not flood missed pre-due reminders
infrastructure:test: (1 row)
infrastructure:test: 
infrastructure:test:                                        ok                                        
infrastructure:test: ---------------------------------------------------------------------------------
infrastructure:test:  ok 26 - supplier reminder preparation validates token hashes before persistence
infrastructure:test: (1 row)
infrastructure:test: 
infrastructure:test:                                  ok                                  
infrastructure:test: ---------------------------------------------------------------------
infrastructure:test:  ok 27 - overdue escalation uses deterministic active-owner fallback
infrastructure:test: (1 row)
infrastructure:test: 
infrastructure:test:                                    ok                                   
infrastructure:test: ------------------------------------------------------------------------
infrastructure:test:  ok 28 - claim enforces the delivered supplier reminder frequency bound
infrastructure:test: (1 row)
infrastructure:test: 
infrastructure:test:                                     ok                                     
infrastructure:test: ---------------------------------------------------------------------------
infrastructure:test:  ok 29 - turnaround excludes evidence finalized before invitation delivery
infrastructure:test: (1 row)
infrastructure:test: 
infrastructure:test:  finish 
infrastructure:test: --------
infrastructure:test: (0 rows)
infrastructure:test: 
infrastructure:test: ROLLBACK
infrastructure:test: Running tests/m9-05-supplier-document-extraction.test.sql
infrastructure:test: BEGIN
infrastructure:test: CREATE EXTENSION
infrastructure:test:  plan  
infrastructure:test: -------
infrastructure:test:  1..34
infrastructure:test: (1 row)
infrastructure:test: 
infrastructure:test:                 ok                 
infrastructure:test: -----------------------------------
infrastructure:test:  ok 1 - inference runs are durable
infrastructure:test: (1 row)
infrastructure:test: 
infrastructure:test:                   ok                  
infrastructure:test: --------------------------------------
infrastructure:test:  ok 2 - field suggestions are durable
infrastructure:test: (1 row)
infrastructure:test: 
infrastructure:test:                ok               
infrastructure:test: --------------------------------
infrastructure:test:  ok 3 - runs use non-forced RLS
infrastructure:test: (1 row)
infrastructure:test: 
infrastructure:test:                 ok                
infrastructure:test: ----------------------------------
infrastructure:test:  ok 4 - fields use non-forced RLS
infrastructure:test: (1 row)
infrastructure:test: 
infrastructure:test:                   ok                  
infrastructure:test: --------------------------------------
infrastructure:test:  ok 5 - runs are not directly exposed
infrastructure:test: (1 row)
infrastructure:test: 
infrastructure:test:                    ok                   
infrastructure:test: ----------------------------------------
infrastructure:test:  ok 6 - fields are not directly exposed
infrastructure:test: (1 row)
infrastructure:test: 
infrastructure:test:                  ok                 
infrastructure:test: ------------------------------------
infrastructure:test:  ok 7 - service role owns run state
infrastructure:test: (1 row)
infrastructure:test: 
infrastructure:test:                   ok                  
infrastructure:test: --------------------------------------
infrastructure:test:  ok 8 - service role owns suggestions
infrastructure:test: (1 row)
infrastructure:test: 
infrastructure:test:                ok                
infrastructure:test: ---------------------------------
infrastructure:test:  ok 9 - OCR page map is additive
infrastructure:test: (1 row)
infrastructure:test: 
infrastructure:test:             ok            
infrastructure:test: --------------------------
infrastructure:test:  ok 10 - start RPC exists
infrastructure:test: (1 row)
infrastructure:test: 
infrastructure:test:                ok                
infrastructure:test: ---------------------------------
infrastructure:test:  ok 11 - worker claim RPC exists
infrastructure:test: (1 row)
infrastructure:test: 
infrastructure:test:                     ok                     
infrastructure:test: -------------------------------------------
infrastructure:test:  ok 12 - lease-bound completion RPC exists
infrastructure:test: (1 row)
infrastructure:test: 
infrastructure:test:                      ok                     
infrastructure:test: --------------------------------------------
infrastructure:test:  ok 13 - lease-bound worker read RPC exists
infrastructure:test: (1 row)
infrastructure:test: 
infrastructure:test:                   ok                   
infrastructure:test: ---------------------------------------
infrastructure:test:  ok 14 - on-demand page-map RPC exists
infrastructure:test: (1 row)
infrastructure:test: 
infrastructure:test:                      ok                      
infrastructure:test: ---------------------------------------------
infrastructure:test:  ok 15 - new OCR completion accepts page map
infrastructure:test: (1 row)
infrastructure:test: 
infrastructure:test:                    ok                   
infrastructure:test: ----------------------------------------
infrastructure:test:  ok 16 - bounded scoped read RPC exists
infrastructure:test: (1 row)
infrastructure:test: 
infrastructure:test:                      ok                      
infrastructure:test: ---------------------------------------------
infrastructure:test:  ok 17 - unbounded read overload was removed
infrastructure:test: (1 row)
infrastructure:test: 
infrastructure:test:                     ok                    
infrastructure:test: ------------------------------------------
infrastructure:test:  ok 18 - atomic field decision RPC exists
infrastructure:test: (1 row)
infrastructure:test: 
infrastructure:test:                ok                
infrastructure:test: ---------------------------------
infrastructure:test:  ok 19 - manual field RPC exists
infrastructure:test: (1 row)
infrastructure:test: 
infrastructure:test:                        ok                        
infrastructure:test: -------------------------------------------------
infrastructure:test:  ok 20 - ordinary sessions cannot bypass the API
infrastructure:test: (1 row)
infrastructure:test: 
infrastructure:test:                        ok                       
infrastructure:test: ------------------------------------------------
infrastructure:test:  ok 21 - service role can make scoped decisions
infrastructure:test: (1 row)
infrastructure:test: 
infrastructure:test:                          is                         
infrastructure:test: ----------------------------------------------------
infrastructure:test:  ok 22 - unverified identity cannot read extraction
infrastructure:test: (1 row)
infrastructure:test: 
infrastructure:test:                          is                          
infrastructure:test: -----------------------------------------------------
infrastructure:test:  ok 23 - tenant substitution cannot queue extraction
infrastructure:test: (1 row)
infrastructure:test: 
infrastructure:test:                                is                               
infrastructure:test: ----------------------------------------------------------------
infrastructure:test:  ok 24 - product and actor substitution cannot read suggestions
infrastructure:test: (1 row)
infrastructure:test: 
infrastructure:test:                                 is                                
infrastructure:test: ------------------------------------------------------------------
infrastructure:test:  ok 25 - unauthorized read is denied before pagination validation
infrastructure:test: (1 row)
infrastructure:test: 
infrastructure:test:                     ok                    
infrastructure:test: ------------------------------------------
infrastructure:test:  ok 26 - page map permits blank OCR pages
infrastructure:test: (1 row)
infrastructure:test: 
infrastructure:test:                      ok                      
infrastructure:test: ---------------------------------------------
infrastructure:test:  ok 27 - page map rejects missing first page
infrastructure:test: (1 row)
infrastructure:test: 
infrastructure:test:                     ok                    
infrastructure:test: ------------------------------------------
infrastructure:test:  ok 28 - page map rejects duplicate pages
infrastructure:test: (1 row)
infrastructure:test: 
infrastructure:test:                       is                      
infrastructure:test: ----------------------------------------------
infrastructure:test:  ok 29 - unknown run cannot attach a page map
infrastructure:test: (1 row)
infrastructure:test: 
infrastructure:test:                                  is                                 
infrastructure:test: --------------------------------------------------------------------
infrastructure:test:  ok 30 - truncated OCR without a page map reaches legacy completion
infrastructure:test: (1 row)
infrastructure:test: 
infrastructure:test:                                    is                                   
infrastructure:test: ------------------------------------------------------------------------
infrastructure:test:  ok 31 - truncated OCR with an empty page map reaches legacy completion
infrastructure:test: (1 row)
infrastructure:test: 
infrastructure:test:                            is                           
infrastructure:test: --------------------------------------------------------
infrastructure:test:  ok 32 - nontruncated OCR requires a locatable page map
infrastructure:test: (1 row)
infrastructure:test: 
infrastructure:test:                                        ok                                       
infrastructure:test: --------------------------------------------------------------------------------
infrastructure:test:  ok 33 - service role cannot bypass the confidence gate through the legacy core
infrastructure:test: (1 row)
infrastructure:test: 
infrastructure:test:                                                       ok                                                       
infrastructure:test: ---------------------------------------------------------------------------------------------------------------
infrastructure:test:  ok 34 - service role can satisfy the existing organization-settings reminder check while configuring local AI
infrastructure:test: (1 row)
infrastructure:test: 
infrastructure:test:  finish 
infrastructure:test: --------
infrastructure:test: (0 rows)
infrastructure:test: 
infrastructure:test: ROLLBACK
infrastructure:test: Running tests/m9-06-supplier-sbom-alias-composite.test.sql
infrastructure:test: BEGIN
infrastructure:test: DO
infrastructure:test: ROLLBACK
infrastructure:test: Running tests/m9-06-supplier-sbom-bridge.test.sql
infrastructure:test: BEGIN
infrastructure:test: CREATE EXTENSION
infrastructure:test:  plan  
infrastructure:test: -------
infrastructure:test:  1..21
infrastructure:test: (1 row)
infrastructure:test: 
infrastructure:test:                       ok                       
infrastructure:test: -----------------------------------------------
infrastructure:test:  ok 1 - M9 checklist item links one M3 request
infrastructure:test: (1 row)
infrastructure:test: 
infrastructure:test:                    ok                    
infrastructure:test: -----------------------------------------
infrastructure:test:  ok 2 - M3 grant binds the M9 invitation
infrastructure:test: (1 row)
infrastructure:test: 
infrastructure:test:                 ok                 
infrastructure:test: -----------------------------------
infrastructure:test:  ok 3 - M3 grant binds the M9 item
infrastructure:test: (1 row)
infrastructure:test: 
infrastructure:test:                       ok                       
infrastructure:test: -----------------------------------------------
infrastructure:test:  ok 4 - M3 request link has scoped foreign key
infrastructure:test: (1 row)
infrastructure:test: 
infrastructure:test:                     ok                     
infrastructure:test: -------------------------------------------
infrastructure:test:  ok 5 - M3 grant has scoped M9 foreign key
infrastructure:test: (1 row)
infrastructure:test: 
infrastructure:test:                        ok                       
infrastructure:test: ------------------------------------------------
infrastructure:test:  ok 6 - M3 grant has scoped M9 item foreign key
infrastructure:test: (1 row)
infrastructure:test: 
infrastructure:test:                        ok                       
infrastructure:test: ------------------------------------------------
infrastructure:test:  ok 7 - narrow linked session activation exists
infrastructure:test: (1 row)
infrastructure:test: 
infrastructure:test:                          ok                         
infrastructure:test: ----------------------------------------------------
infrastructure:test:  ok 8 - anonymous cannot activate linked M3 session
infrastructure:test: (1 row)
infrastructure:test: 
infrastructure:test:                            ok                           
infrastructure:test: --------------------------------------------------------
infrastructure:test:  ok 9 - authenticated cannot activate linked M3 session
infrastructure:test: (1 row)
infrastructure:test: 
infrastructure:test:                          ok                          
infrastructure:test: -----------------------------------------------------
infrastructure:test:  ok 10 - service role can activate linked M3 session
infrastructure:test: (1 row)
infrastructure:test: 
infrastructure:test:                      is                     
infrastructure:test: --------------------------------------------
infrastructure:test:  ok 11 - guessed session cannot activate M3
infrastructure:test: (1 row)
infrastructure:test: 
infrastructure:test:                         ok                         
infrastructure:test: ---------------------------------------------------
infrastructure:test:  ok 12 - M3 reservation rechecks linked M9 session
infrastructure:test: (1 row)
infrastructure:test: 
infrastructure:test:                            ok                            
infrastructure:test: ---------------------------------------------------------
infrastructure:test:  ok 13 - M3 upload inspection rechecks linked M9 session
infrastructure:test: (1 row)
infrastructure:test: 
infrastructure:test:                          ok                         
infrastructure:test: ----------------------------------------------------
infrastructure:test:  ok 14 - M3 finalization rechecks linked M9 session
infrastructure:test: (1 row)
infrastructure:test: 
infrastructure:test:                       ok                      
infrastructure:test: ----------------------------------------------
infrastructure:test:  ok 15 - M9 draft validates scoped M3 request
infrastructure:test: (1 row)
infrastructure:test: 
infrastructure:test:                      ok                      
infrastructure:test: ---------------------------------------------
infrastructure:test:  ok 16 - M9 issue binds M3 grants atomically
infrastructure:test: (1 row)
infrastructure:test: 
infrastructure:test:                         ok                         
infrastructure:test: ---------------------------------------------------
infrastructure:test:  ok 17 - legacy evidence upload refuses SBOM items
infrastructure:test: (1 row)
infrastructure:test: 
infrastructure:test:                               ok                               
infrastructure:test: ---------------------------------------------------------------
infrastructure:test:  ok 18 - component mismatch has bounded supplier-safe guidance
infrastructure:test: (1 row)
infrastructure:test: 
infrastructure:test:                            ok                            
infrastructure:test: ---------------------------------------------------------
infrastructure:test:  ok 19 - completed deduplicated source leaves processing
infrastructure:test: (1 row)
infrastructure:test: 
infrastructure:test:                               ok                               
infrastructure:test: ---------------------------------------------------------------
infrastructure:test:  ok 20 - composite scope admits only accepted supplier aliases
infrastructure:test: (1 row)
infrastructure:test: 
infrastructure:test:                              ok                              
infrastructure:test: -------------------------------------------------------------
infrastructure:test:  ok 21 - composite source persists accepted alias provenance
infrastructure:test: (1 row)
infrastructure:test: 
infrastructure:test:  finish 
infrastructure:test: --------
infrastructure:test: (0 rows)
infrastructure:test: 
infrastructure:test: ROLLBACK
infrastructure:test: Running tests/m9-06-supplier-sbom-flow.test.sql
infrastructure:test: BEGIN
infrastructure:test: SELECT 1
infrastructure:test: INSERT 0 1
infrastructure:test: INSERT 0 1
infrastructure:test: INSERT 0 1
infrastructure:test: INSERT 0 1
infrastructure:test: INSERT 0 1
infrastructure:test: SELECT 1
infrastructure:test: DO
infrastructure:test: ROLLBACK
infrastructure:test: Running tests/m9-supplier-registry.test.sql
infrastructure:test: CREATE FUNCTION
infrastructure:test: psql:<stdin>:19: NOTICE:  ok   M9-01 creates tenant-private supplier registry tables
infrastructure:test:  check 
infrastructure:test: -------
infrastructure:test:  
infrastructure:test: (1 row)
infrastructure:test: 
infrastructure:test: psql:<stdin>:35: NOTICE:  ok   M9-01 registry tables use RLS and do not expose browser privileges
infrastructure:test:  check 
infrastructure:test: -------
infrastructure:test:  
infrastructure:test: (1 row)
infrastructure:test: 
infrastructure:test:  check 
infrastructure:test: -------
infrastructure:test:  
infrastructure:test: (1 row)
infrastructure:test: 
infrastructure:test: psql:<stdin>:41: NOTICE:  ok   M9-01 archive-only records do not grant service-role DELETE
infrastructure:test: psql:<stdin>:47: NOTICE:  ok   M9-01 responsibility identity is exact and restrictive
infrastructure:test:  check 
infrastructure:test: -------
infrastructure:test:  
infrastructure:test: (1 row)
infrastructure:test: 
infrastructure:test:  check 
infrastructure:test: -------
infrastructure:test:  
infrastructure:test: (1 row)
infrastructure:test: 
infrastructure:test: psql:<stdin>:52: NOTICE:  ok   M9-01 supplier-request link is composite tenant-scoped and restrictive
infrastructure:test: psql:<stdin>:75: NOTICE:  ok   M9-01 authoritative RPCs are security-definer and service-role-only
infrastructure:test:  check 
infrastructure:test: -------
infrastructure:test:  
infrastructure:test: (1 row)
infrastructure:test: 
infrastructure:test: psql:<stdin>:82: NOTICE:  ok   M9-01 response projections retain no contact audit metadata and use occurrenceId
infrastructure:test:  check 
infrastructure:test: -------
infrastructure:test:  
infrastructure:test: (1 row)
infrastructure:test: 
infrastructure:test: psql:<stdin>:88: NOTICE:  ok   M9-01 serializes same-name review and protects product visibility
infrastructure:test:  check 
infrastructure:test: -------
infrastructure:test:  
infrastructure:test: (1 row)
infrastructure:test: 
infrastructure:test:  check 
infrastructure:test: -------
infrastructure:test:  
infrastructure:test: (1 row)
infrastructure:test: 
infrastructure:test: psql:<stdin>:94: NOTICE:  ok   M9-01 supersession advances only the same canonical component
infrastructure:test: Running tests/mfa-recovery.test.sql
infrastructure:test: Timing is off.
infrastructure:test: CREATE FUNCTION
infrastructure:test:  check 
infrastructure:test: -------
infrastructure:test:  
infrastructure:test: (1 row)
infrastructure:test: 
infrastructure:test: psql:<stdin>:20: NOTICE:  ok   MFA recovery operation table exists
infrastructure:test: psql:<stdin>:31: NOTICE:  ok   MFA recovery RPCs exist
infrastructure:test:  check 
infrastructure:test: -------
infrastructure:test:  
infrastructure:test: (1 row)
infrastructure:test: 
infrastructure:test: psql:<stdin>:46: NOTICE:  ok   MFA recovery table has RLS and no public policies
infrastructure:test:  check 
infrastructure:test: -------
infrastructure:test:  
infrastructure:test: (1 row)
infrastructure:test: 
infrastructure:test:  check 
infrastructure:test: -------
infrastructure:test:  
infrastructure:test: (1 row)
infrastructure:test: 
infrastructure:test: psql:<stdin>:59: NOTICE:  ok   MFA recovery table is service-role only
infrastructure:test:  check 
infrastructure:test: -------
infrastructure:test:  
infrastructure:test: (1 row)
infrastructure:test: 
infrastructure:test: psql:<stdin>:112: NOTICE:  ok   MFA recovery RPCs are service-role only
infrastructure:test: psql:<stdin>:123: NOTICE:  ok   MFA recovery operations cannot store raw code material
infrastructure:test:  check 
infrastructure:test: -------
infrastructure:test:  
infrastructure:test: (1 row)
infrastructure:test: 
infrastructure:test: BEGIN
infrastructure:test: psql:<stdin>:404: NOTICE:  ok   malformed MFA recovery code hash is invalid
infrastructure:test: psql:<stdin>:404: NOTICE:  ok   unknown MFA recovery code hash is invalid
infrastructure:test: psql:<stdin>:404: NOTICE:  ok   consumed code without an operation is invalid
infrastructure:test: psql:<stdin>:404: NOTICE:  ok   another user cannot claim an MFA recovery code
infrastructure:test: psql:<stdin>:404: NOTICE:  ok   MFA recovery fails closed without an auth profile
infrastructure:test: psql:<stdin>:404: NOTICE:  ok   matching unused code creates one claimed operation
infrastructure:test: psql:<stdin>:404: NOTICE:  ok   an overlapping retry observes the claimed operation in progress
infrastructure:test: psql:<stdin>:404: NOTICE:  ok   a different valid code observes the one live user operation
infrastructure:test: psql:<stdin>:404: NOTICE:  ok   an expired worker lease makes a claimed operation retryable
infrastructure:test: psql:<stdin>:404: NOTICE:  ok   another user cannot transition an MFA recovery operation
infrastructure:test: psql:<stdin>:404: NOTICE:  ok   completion rejects the claimed prior state
infrastructure:test: psql:<stdin>:404: NOTICE:  ok   provider failure persists a sanitized retryable state
infrastructure:test: psql:<stdin>:404: NOTICE:  ok   retry resumes the same failed operation
infrastructure:test: psql:<stdin>:404: NOTICE:  ok   factor removal advances a claimed or failed operation
infrastructure:test: psql:<stdin>:404: NOTICE:  ok   factor removal rejects an already advanced state
infrastructure:test: psql:<stdin>:404: NOTICE:  ok   failure rejects the factors-removed state
infrastructure:test: psql:<stdin>:404: NOTICE:  ok   completion deletes codes and records audit atomically
infrastructure:test: psql:<stdin>:404: NOTICE:  ok   completion rejects completed replay
infrastructure:test: psql:<stdin>:404: NOTICE:  ok   factor transition rejects completed replay
infrastructure:test: psql:<stdin>:404: NOTICE:  ok   failure transition rejects completed replay
infrastructure:test: DO
infrastructure:test: ROLLBACK
infrastructure:test:                 result                
infrastructure:test: --------------------------------------
infrastructure:test:  MFA recovery saga: ALL CHECKS PASSED
infrastructure:test: (1 row)
infrastructure:test: 
infrastructure:test: Running tests/password-reset.test.sql
infrastructure:test: Timing is off.
infrastructure:test: CREATE FUNCTION
infrastructure:test:  check 
infrastructure:test: -------
infrastructure:test:  
infrastructure:test: (1 row)
infrastructure:test: 
infrastructure:test: psql:<stdin>:20: NOTICE:  ok   atomic password-reset RPC exists
infrastructure:test:  check 
infrastructure:test: -------
infrastructure:test:  
infrastructure:test: (1 row)
infrastructure:test: 
infrastructure:test: psql:<stdin>:33: NOTICE:  ok   atomic password-reset RPC is service-role only
infrastructure:test: BEGIN
infrastructure:test: psql:<stdin>:167: NOTICE:  ok   malformed password-reset token is invalid
infrastructure:test: psql:<stdin>:167: NOTICE:  ok   unknown password-reset token is invalid
infrastructure:test: psql:<stdin>:167: NOTICE:  ok   consumed password-reset token is invalid and inert
infrastructure:test: psql:<stdin>:167: NOTICE:  ok   expired password-reset token remains unconsumed and inert
infrastructure:test: psql:<stdin>:167: NOTICE:  ok   password-reset token without auth profile fails closed
infrastructure:test: psql:<stdin>:167: NOTICE:  ok   password-reset token consumes and revokes sessions atomically
infrastructure:test: psql:<stdin>:167: NOTICE:  ok   password-reset token cannot be replayed
infrastructure:test: DO
infrastructure:test: ROLLBACK
infrastructure:test:                    result                    
infrastructure:test: ---------------------------------------------
infrastructure:test:  Password reset atomicity: ALL CHECKS PASSED
infrastructure:test: (1 row)
infrastructure:test: 
infrastructure:test: Running tests/rls.test.sql
infrastructure:test: Timing is off.
infrastructure:test: CREATE FUNCTION
infrastructure:test: CREATE TABLE
infrastructure:test: INSERT 0 1
infrastructure:test: psql:<stdin>:92: NOTICE:  ok   no table privileges leak to anon/authenticated/PUBLIC
infrastructure:test: psql:<stdin>:92: NOTICE:  ok   every public table has RLS enabled
infrastructure:test: psql:<stdin>:92: NOTICE:  ok   users has a server-side email verification state
infrastructure:test: psql:<stdin>:92: NOTICE:  ok   every organization has a permissions version
infrastructure:test: psql:<stdin>:92: NOTICE:  ok   every public function pins search_path
infrastructure:test: psql:<stdin>:92: NOTICE:  ok   no table uses FORCE row level security
infrastructure:test: psql:<stdin>:92: NOTICE:  ok   every updated_at column has its trigger
infrastructure:test: DO
infrastructure:test: psql:<stdin>:104: NOTICE:  ok   seeded users are marked email-verified
infrastructure:test: DO
infrastructure:test: psql:<stdin>:122: NOTICE:  ok   auth_login_attempts has no policy at all
infrastructure:test: psql:<stdin>:122: NOTICE:  ok   auth_email_verifications has no policy at all
infrastructure:test: psql:<stdin>:122: NOTICE:  ok   auth_recovery_tokens has no policy at all
infrastructure:test: psql:<stdin>:122: NOTICE:  ok   auth_mfa_recovery_codes has no policy at all
infrastructure:test: DO
infrastructure:test: BEGIN
infrastructure:test: psql:<stdin>:177: NOTICE:  ok   organization_members selectable without 42P17
infrastructure:test: psql:<stdin>:177: NOTICE:  ok   seed users visible through shared-org policy
infrastructure:test: psql:<stdin>:177: NOTICE:  ok   own organization visible
infrastructure:test: psql:<stdin>:177: NOTICE:  ok   custom roles visible to a member
infrastructure:test: DO
infrastructure:test: ROLLBACK
infrastructure:test: BEGIN
infrastructure:test: psql:<stdin>:219: NOTICE:  ok   cannot see another organization
infrastructure:test: psql:<stdin>:219: NOTICE:  ok   cannot see another organization's members
infrastructure:test: psql:<stdin>:219: NOTICE:  ok   cannot see a user from another organization
infrastructure:test: DO
infrastructure:test: ROLLBACK
infrastructure:test: BEGIN
infrastructure:test: psql:<stdin>:264: NOTICE:  ok   permissions version bumps on an RBAC write
infrastructure:test: psql:<stdin>:264: NOTICE:  ok   a role change does NOT end existing sessions
infrastructure:test: psql:<stdin>:264: NOTICE:  ok   deactivation ends every session at once
infrastructure:test: DO
infrastructure:test: ROLLBACK
infrastructure:test: BEGIN
infrastructure:test: psql:<stdin>:287: NOTICE:  ok   demoting the last owner is rejected
infrastructure:test: DO
infrastructure:test: ROLLBACK
infrastructure:test: BEGIN
infrastructure:test: psql:<stdin>:328: NOTICE:  ok   only one pending invitation per (org, email)
infrastructure:test: psql:<stdin>:328: NOTICE:  ok   re-invite after decline is allowed
infrastructure:test: psql:<stdin>:328: NOTICE:  ok   token_hash must be a full sha256
infrastructure:test: DO
infrastructure:test: ROLLBACK
infrastructure:test:  check 
infrastructure:test: -------
infrastructure:test:  
infrastructure:test: (1 row)
infrastructure:test: 
infrastructure:test: psql:<stdin>:337: NOTICE:  ok   atomic invitation RPC exists
infrastructure:test: psql:<stdin>:356: NOTICE:  ok   atomic invitation RPC is service-role only
infrastructure:test:  check 
infrastructure:test: -------
infrastructure:test:  
infrastructure:test: (1 row)
infrastructure:test: 
infrastructure:test:  check 
infrastructure:test: -------
infrastructure:test:  
infrastructure:test: (1 row)
infrastructure:test: 
infrastructure:test: psql:<stdin>:363: NOTICE:  ok   atomic invitation revoke RPC exists
infrastructure:test: psql:<stdin>:382: NOTICE:  ok   atomic invitation revoke RPC is service-role only
infrastructure:test:  check 
infrastructure:test: -------
infrastructure:test:  
infrastructure:test: (1 row)
infrastructure:test: 
infrastructure:test: BEGIN
infrastructure:test: psql:<stdin>:610: NOTICE:  ok   expired invitation is rejected
infrastructure:test: psql:<stdin>:610: NOTICE:  ok   expired invitation is durably marked expired
infrastructure:test: psql:<stdin>:610: NOTICE:  ok   revoked invitation is not pending
infrastructure:test: psql:<stdin>:610: NOTICE:  ok   unknown invitation hash is not found
infrastructure:test: psql:<stdin>:610: NOTICE:  ok   malformed invitation hash is not found
infrastructure:test: psql:<stdin>:610: NOTICE:  ok   missing invitation user is rejected
infrastructure:test: psql:<stdin>:610: NOTICE:  ok   invitation email mismatch is rejected
infrastructure:test: psql:<stdin>:610: NOTICE:  ok   pending invitation is accepted
infrastructure:test: psql:<stdin>:610: NOTICE:  ok   accepted invitation returns its organization
infrastructure:test: psql:<stdin>:610: NOTICE:  ok   acceptance creates exactly one membership with the invited role
infrastructure:test: psql:<stdin>:610: NOTICE:  ok   acceptance records its timestamp
infrastructure:test: psql:<stdin>:610: NOTICE:  ok   acceptance writes exactly one audit row
infrastructure:test: psql:<stdin>:610: NOTICE:  ok   second acceptance is idempotent
infrastructure:test: psql:<stdin>:610: NOTICE:  ok   idempotent acceptance does not duplicate effects
infrastructure:test: psql:<stdin>:610: NOTICE:  ok   accepted invitation without membership fails closed
infrastructure:test: psql:<stdin>:610: NOTICE:  ok   accepting as an existing member does not duplicate membership
infrastructure:test: psql:<stdin>:610: NOTICE:  ok   missing invitation cannot be revoked
infrastructure:test: psql:<stdin>:610: NOTICE:  ok   cross-organization revoke does not reveal invitation existence
infrastructure:test: psql:<stdin>:610: NOTICE:  ok   missing revoke actor is rejected
infrastructure:test: psql:<stdin>:610: NOTICE:  ok   revoke actor email mismatch is rejected
infrastructure:test: psql:<stdin>:610: NOTICE:  ok   accepted invitation cannot be revoked
infrastructure:test: psql:<stdin>:610: NOTICE:  ok   pending invitation is revoked
infrastructure:test: psql:<stdin>:610: NOTICE:  ok   revocation records status and one audit row atomically
infrastructure:test: psql:<stdin>:610: NOTICE:  ok   second revocation is not replayed
infrastructure:test: psql:<stdin>:610: NOTICE:  ok   second revocation does not duplicate its audit row
infrastructure:test: DO
infrastructure:test: ROLLBACK
infrastructure:test: psql:<stdin>:621: NOTICE:  ok   atomic email verification RPC exists
infrastructure:test:  check 
infrastructure:test: -------
infrastructure:test:  
infrastructure:test: (1 row)
infrastructure:test: 
infrastructure:test: psql:<stdin>:640: NOTICE:  ok   atomic email verification RPC is service-role only
infrastructure:test:  check 
infrastructure:test: -------
infrastructure:test:  
infrastructure:test: (1 row)
infrastructure:test: 
infrastructure:test: BEGIN
infrastructure:test: psql:<stdin>:841: NOTICE:  ok   first wrong email code is invalid
infrastructure:test: psql:<stdin>:841: NOTICE:  ok   two wrong email codes increment exactly twice
infrastructure:test: psql:<stdin>:841: NOTICE:  ok   fifth wrong email code consumes the final attempt
infrastructure:test: psql:<stdin>:841: NOTICE:  ok   sixth email-code attempt is exhausted without increment
infrastructure:test: psql:<stdin>:841: NOTICE:  ok   caller cannot raise the email-code guessing budget
infrastructure:test: psql:<stdin>:841: NOTICE:  ok   expired email code cannot verify the user
infrastructure:test: psql:<stdin>:841: NOTICE:  ok   email code cannot verify another user
infrastructure:test: psql:<stdin>:841: NOTICE:  ok   correct email code verifies and consumes atomically
infrastructure:test: psql:<stdin>:841: NOTICE:  ok   consumed email code cannot be replayed
infrastructure:test: psql:<stdin>:841: NOTICE:  ok   signup code cannot verify a changed email address
infrastructure:test: psql:<stdin>:841: NOTICE:  ok   malformed email-code hash leaves a live code untouched
infrastructure:test: psql:<stdin>:841: NOTICE:  ok   invalid email-code attempt limit leaves a live code untouched
infrastructure:test: DO
infrastructure:test: ROLLBACK
infrastructure:test: psql:<stdin>:841: NOTICE:  ok   null email-code attempt limit leaves a live code untouched
infrastructure:test: BEGIN
infrastructure:test: psql:<stdin>:867: NOTICE:  ok   menu_permissions rejects a mismatched target
infrastructure:test: psql:<stdin>:867: NOTICE:  ok   a well-formed base_role menu rule is accepted
infrastructure:test: DO
infrastructure:test: ROLLBACK
infrastructure:test: BEGIN
infrastructure:test: psql:<stdin>:911: NOTICE:  ok   not locked before the threshold
infrastructure:test: psql:<stdin>:911: NOTICE:  ok   and is_login_locked agrees
infrastructure:test: psql:<stdin>:911: NOTICE:  ok   locked on the fifth failure
infrastructure:test: psql:<stdin>:911: NOTICE:  ok   is_login_locked reports the lock
infrastructure:test: psql:<stdin>:911: NOTICE:  ok   lockout is case-insensitive
infrastructure:test: psql:<stdin>:911: NOTICE:  ok   a successful sign-in clears the lock
infrastructure:test: psql:<stdin>:911: NOTICE:  ok   failures outside the window restart the count
infrastructure:test: DO
infrastructure:test: ROLLBACK
infrastructure:test: psql:<stdin>:937: NOTICE:  ok   suite left no privileges behind
infrastructure:test: psql:<stdin>:937: NOTICE:  ok   suite left no extra organizations behind
infrastructure:test: psql:<stdin>:937: NOTICE:  ok   suite left no invitations behind
infrastructure:test: DO
infrastructure:test: 
infrastructure:test: RLS + schema invariants: ALL CHECKS PASSED
infrastructure:test: Running tests/session-registration.test.sql
infrastructure:test: BEGIN
infrastructure:test: CREATE FUNCTION
infrastructure:test: psql:<stdin>:12: NOTICE:  ok the primary key uniquely binds organization and session
infrastructure:test:  check 
infrastructure:test: -------
infrastructure:test:  
infrastructure:test: (1 row)
infrastructure:test: 
infrastructure:test:  check 
infrastructure:test: -------
infrastructure:test:  
infrastructure:test: (1 row)
infrastructure:test: 
infrastructure:test: psql:<stdin>:15: NOTICE:  ok registration has no redundant secondary uniqueness arbiter
infrastructure:test:  check 
infrastructure:test: -------
infrastructure:test:  
infrastructure:test: (1 row)
infrastructure:test: 
infrastructure:test: psql:<stdin>:18: NOTICE:  ok session lookup index remains available
infrastructure:test: psql:<stdin>:24: NOTICE:  ok registration remains service-role only with pinned search path
infrastructure:test:  check 
infrastructure:test: -------
infrastructure:test:  
infrastructure:test: (1 row)
infrastructure:test: 
infrastructure:test: psql:<stdin>:52: NOTICE:  ok initial verified member registration succeeds
infrastructure:test: psql:<stdin>:52: NOTICE:  ok same user refresh preserves existing issued-at update behavior
infrastructure:test: psql:<stdin>:52: NOTICE:  ok another organization member cannot overwrite session identity
infrastructure:test: psql:<stdin>:52: NOTICE:  ok rejected substitution preserves identity and issued-at
infrastructure:test: DO
infrastructure:test: psql:<stdin>:52: NOTICE:  ok foreign organization membership is rejected
infrastructure:test: ROLLBACK
@repo/design-system:test: cache hit, replaying logs a201e1994b6ef251
@repo/design-system:test: 
@repo/design-system:test: > @repo/design-system@0.0.0 test /Users/abjmac003/Documents/GitHub/CRA/packages/design-system
@repo/design-system:test: > vitest run
@repo/design-system:test: 
@repo/design-system:test: 
@repo/design-system:test:  RUN  v3.2.7 /Users/abjmac003/Documents/GitHub/CRA/packages/design-system
@repo/design-system:test: 
@repo/design-system:test:  ✓ src/theme.spec.ts (9 tests) 68ms
@repo/design-system:test: 
@repo/design-system:test:  Test Files  1 passed (1)
@repo/design-system:test:       Tests  9 passed (9)
@repo/design-system:test:    Start at  11:16:25
@repo/design-system:test:    Duration  3.76s (transform 156ms, setup 0ms, collect 112ms, tests 68ms, environment 2.31s, prepare 505ms)
@repo/design-system:test: 
@repo/contracts:build: cache hit, replaying logs 7c0f5bed2687b4cf
@repo/contracts:build: 
@repo/contracts:build: > @repo/contracts@0.0.0 build /Users/abjmac003/Documents/GitHub/CRA/packages/contracts
@repo/contracts:build: > tsc
@repo/contracts:build: 
@repo/ui:test: cache hit, replaying logs d5cf296d4cd5dd4c
@repo/ui:test: 
@repo/ui:test: > @repo/ui@0.0.0 test /Users/abjmac003/Documents/GitHub/CRA/packages/ui
@repo/ui:test: > vitest run
@repo/ui:test: 
@repo/ui:test: 
@repo/ui:test:  RUN  v3.2.7 /Users/abjmac003/Documents/GitHub/CRA/packages/ui
@repo/ui:test: 
@repo/ui:test:  ✓ src/components/editor/editor.spec.tsx (3 tests) 977ms
@repo/ui:test:    ✓ Editor > runs formatting commands and submits current HTML  734ms
@repo/ui:test:  ✓ src/components/combobox/combobox.spec.tsx (2 tests) 803ms
@repo/ui:test:    ✓ Combobox > searches keywords, selects, clears, and returns focus  761ms
@repo/ui:test:  ✓ src/components/modal/modal.spec.tsx (2 tests) 761ms
@repo/ui:test:    ✓ Modal > opens with focusable content and closes from its named control  565ms
@repo/ui:test:  ✓ src/components/alert/alert.spec.tsx (3 tests) 855ms
@repo/ui:test:    ✓ Alert > announces content and invokes confirmation  536ms
@repo/ui:test:  ✓ src/components/data-table/data-table.spec.tsx (3 tests) 975ms
@repo/ui:test:    ✓ DataTable > renders semantic rows, controlled selection, sorting, and pagination  765ms
@repo/ui:test:  ✓ src/components/pagination/pagination.spec.tsx (4 tests) 1226ms
@repo/ui:test:    ✓ Pagination > clamps the current page and disables the upper bound  392ms
@repo/ui:test:    ✓ Pagination > emits exact next, numbered, first, and last pages  443ms
@repo/ui:test:    ✓ Pagination > renders the page-size control and exact row range  374ms
@repo/ui:test:  ✓ src/components/select/select.spec.tsx (3 tests) 1422ms
@repo/ui:test:    ✓ Select > opens from its label and emits the chosen value  1361ms
@repo/ui:test:  ✓ src/components/time-picker/time-picker.spec.tsx (2 tests) 1388ms
@repo/ui:test:    ✓ TimePicker > formats valid 12-hour and 24-hour values  322ms
@repo/ui:test:    ✓ TimePicker > opens selectors and wires helper/error/disabled semantics  1065ms
@repo/ui:test:  ✓ src/components/otp-input/otp-input.spec.tsx (3 tests) 730ms
@repo/ui:test:    ✓ OtpInput > accepts digits, advances focus, and completes once  672ms
@repo/ui:test:  ✓ src/components/checkbox/checkbox.spec.tsx (4 tests) 893ms
@repo/ui:test:    ✓ Checkbox > toggles from its associated label and returns the checked payload  634ms
@repo/ui:test:  ✓ src/components/breadcrumbs/breadcrumbs.spec.tsx (3 tests) 867ms
@repo/ui:test:    ✓ Breadcrumbs > marks the current item and keeps navigable ancestors  477ms
@repo/ui:test:    ✓ Breadcrumbs > collapses and expands a deep trail with an exact accessible count  384ms
@repo/ui:test:  ✓ src/components/app-shell/top-nav.spec.tsx (2 tests) 803ms
@repo/ui:test:    ✓ TopNav > renders default actions with exact callbacks and unread name  720ms
@repo/ui:test:  ✓ src/components/tabs/tabs.spec.tsx (4 tests) 756ms
@repo/ui:test:    ✓ Tabs > exposes selection and switches panels from keyboard  473ms
@repo/ui:test:  ✓ src/components/radio/radio.spec.tsx (2 tests) 699ms
@repo/ui:test:    ✓ RadioGroup > selects by label and reports exact values  675ms
@repo/ui:test:  ✓ src/components/form/form.spec.tsx (2 tests) 1066ms
@repo/ui:test:    ✓ form helpers > blocks invalid data, summarizes errors, and submits parsed values  1062ms
@repo/ui:test:  ✓ src/components/data-table/selection-column.spec.tsx (2 tests) 819ms
@repo/ui:test:    ✓ selectionColumn > maps partial page selection to an indeterminate header  811ms
@repo/ui:test:  ✓ src/components/input/input.spec.tsx (3 tests) 463ms
@repo/ui:test:    ✓ Input > associates its generated label and helper text  444ms
@repo/ui:test:  ✓ src/components/input/search-input.spec.tsx (3 tests) 948ms
@repo/ui:test:    ✓ SearchInput > updates, clears, and restores focus when uncontrolled  901ms
@repo/ui:test:  ✓ src/components/input/password-input.spec.tsx (3 tests) 691ms
@repo/ui:test:    ✓ PasswordInput > reveals and hides an uncontrolled password accessibly  624ms
@repo/ui:test:  ✓ src/components/avatar/avatar.spec.tsx (8 tests) 732ms
@repo/ui:test:  ✓ src/components/switch/switch.spec.tsx (2 tests) 795ms
@repo/ui:test:    ✓ Switch > toggles through the associated label  756ms
@repo/ui:test:  ✓ src/components/card/card.spec.tsx (5 tests) 488ms
@repo/ui:test:    ✓ Card > publishes visual context and renders its semantic parts  438ms
@repo/ui:test:  ✓ src/components/chip/chip.spec.tsx (2 tests) 592ms
@repo/ui:test:    ✓ Chip > renders an avatar and removes the named selection  537ms
@repo/ui:test:  ✓ src/components/date-picker/date-picker.spec.tsx (4 tests) 2313ms
@repo/ui:test:    ✓ DatePicker > commits typed valid dates and preserves invalid drafts  1130ms
@repo/ui:test:    ✓ DatePicker > opens its accessible calendar and supports disabled errors  403ms
@repo/ui:test:    ✓ DatePicker > keeps an accent foreground when the selected day is today  323ms
@repo/ui:test:    ✓ DatePicker > keeps the active-color cue for a today that is not selected  449ms
@repo/ui:test:  ✓ src/components/chart/charts.spec.tsx (2 tests) 404ms
@repo/ui:test:  ✓ src/components/tag/tag.spec.tsx (4 tests) 55ms
@repo/ui:test:  ✓ src/components/stat-card/stat-card.spec.tsx (2 tests) 731ms
@repo/ui:test:    ✓ StatCard > renders the final numeric value for reduced motion  686ms
@repo/ui:test:  ✓ src/components/chart/chart.spec.tsx (2 tests) 542ms
@repo/ui:test:    ✓ Chart > owns one accessible chart instance and applies defaults  378ms
@repo/ui:test:  ✓ src/components/chart/chart-palette.spec.ts (5 tests) 215ms
@repo/ui:test:  ✓ src/lib/cn.spec.ts (3 tests) 17ms
@repo/ui:test:  ✓ src/components/button/button.spec.tsx (6 tests) 190ms
@repo/ui:test: 
@repo/ui:test:  Test Files  31 passed (31)
@repo/ui:test:       Tests  98 passed (98)
@repo/ui:test:    Start at  11:44:50
@repo/ui:test:    Duration  26.34s (transform 6.08s, setup 35.15s, collect 48.08s, tests 24.22s, environment 57.66s, prepare 11.62s)
@repo/ui:test: 
@repo/contracts:test: cache hit, replaying logs 5cfa0b2d9f886ac9
@repo/contracts:test: 
@repo/contracts:test: > @repo/contracts@0.0.0 test /Users/abjmac003/Documents/GitHub/CRA/packages/contracts
@repo/contracts:test: > vitest run
@repo/contracts:test: 
@repo/contracts:test: 
@repo/contracts:test:  RUN  v3.2.7 /Users/abjmac003/Documents/GitHub/CRA/packages/contracts
@repo/contracts:test: 
@repo/contracts:test:  ✓ src/vulnerabilities/schemas/vulnerability-manual-finding.schema.spec.ts (3 tests) 4ms
@repo/contracts:test:  ✓ src/http.spec.ts (7 tests) 3ms
@repo/contracts:test:  ✓ src/vulnerabilities/schemas/vulnerability-triage-note.schema.spec.ts (5 tests) 11ms
@repo/contracts:test:  ✓ src/products/schemas/product-classification.spec.ts (5 tests) 9ms
@repo/contracts:test:  ✓ src/findings.spec.ts (6 tests) 12ms
@repo/contracts:test:  ✓ src/technical-files/schemas/technical-file.schema.spec.ts (5 tests) 5ms
@repo/contracts:test:  ✓ src/roles.spec.ts (10 tests) 13ms
@repo/contracts:test:  ✓ src/vulnerabilities/schemas/vulnerability-triage.schema.spec.ts (10 tests) 155ms
@repo/contracts:test:  ✓ src/vulnerabilities/schemas/vulnerability-reachability.schema.spec.ts (6 tests) 21ms
@repo/contracts:test:  ✓ src/permissions.spec.ts (49 tests) 19ms
@repo/contracts:test:  ✓ src/technical-files/schemas/technical-file-readiness.schema.spec.ts (7 tests) 21ms
@repo/contracts:test:  ✓ src/vulnerabilities/schemas/vulnerability-assessment-bulk.schema.spec.ts (7 tests) 16ms
@repo/contracts:test:  ✓ src/sboms/schemas/sbom-supplier.schema.spec.ts (4 tests) 11ms
@repo/contracts:test:  ✓ src/evidence/schemas/evidence-bulk-intake.schema.spec.ts (3 tests) 43ms
@repo/contracts:test:  ✓ src/vulnerabilities/schemas/vulnerability-assessment.schema.spec.ts (5 tests) 13ms
@repo/contracts:test:  ✓ src/products.spec.ts (27 tests) 78ms
@repo/contracts:test:  ✓ src/organizations.spec.ts (64 tests) 41ms
@repo/contracts:test:  ✓ src/evidence/schemas/evidence.schema.spec.ts (14 tests) 81ms
@repo/contracts:test:  ✓ src/connectors/schemas/connectors.spec.ts (13 tests) 60ms
@repo/contracts:test:  ✓ src/vulnerabilities/schemas/vulnerability-feed.schema.spec.ts (11 tests) 26ms
@repo/contracts:test:  ✓ src/sboms/schemas/sbom-export.schema.spec.ts (3 tests) 14ms
@repo/contracts:test:  ✓ src/suppliers/schemas/supplier-registry.spec.ts (6 tests) 9ms
@repo/contracts:test:  ✓ src/supplier-evidence/schemas/supplier-document-extraction.spec.ts (6 tests) 8ms
@repo/contracts:test:  ✓ src/frameworks/schemas/control.schema.spec.ts (5 tests) 37ms
@repo/contracts:test:  ✓ src/invitations.spec.ts (16 tests) 12ms
@repo/contracts:test:  ✓ src/evidence/schemas/evidence-retention-deletion.schema.spec.ts (5 tests) 68ms
@repo/contracts:test:  ✓ src/sboms/schemas/sbom-diff.schema.spec.ts (3 tests) 4ms
@repo/contracts:test:  ✓ src/reporting/schemas/reporting-obligations.schema.spec.ts (11 tests) 21ms
@repo/contracts:test:  ✓ src/evidence/schemas/evidence-watermark-export.schema.spec.ts (2 tests) 22ms
@repo/contracts:test:  ✓ src/technical-files/schemas/technical-file-declaration.schema.spec.ts (5 tests) 6ms
@repo/contracts:test:  ✓ src/frameworks/schemas/framework.schema.spec.ts (8 tests) 21ms
@repo/contracts:test:  ✓ src/supplier-evidence/schemas/supplier-evidence.spec.ts (11 tests) 55ms
@repo/contracts:test:  ✓ src/vulnerabilities/schemas/vulnerability-enrichment.schema.spec.ts (2 tests) 15ms
@repo/contracts:test:  ✓ src/vulnerabilities/schemas/vulnerability-vex-export.schema.spec.ts (6 tests) 26ms
@repo/contracts:test:  ✓ src/products/schemas/m2-v2-substantial-modification-and-artifact.spec.ts (13 tests) 22ms
@repo/contracts:test:  ✓ src/sboms/schemas/sbom-quality.schema.spec.ts (8 tests) 16ms
@repo/contracts:test:  ✓ src/vulnerabilities/schemas/vulnerability-matching.schema.spec.ts (7 tests) 14ms
@repo/contracts:test:  ✓ src/legal-entity.spec.ts (12 tests) 19ms
@repo/contracts:test:  ✓ src/products/policies/product-classification-policy.spec.ts (11 tests) 4ms
@repo/contracts:test:  ✓ src/api-boundaries.spec.ts (18 tests) 12ms
@repo/contracts:test:  ✓ src/sboms/schemas/sbom-normalization.schema.spec.ts (2 tests) 15ms
@repo/contracts:test:  ✓ src/organization-branding.spec.ts (9 tests) 10ms
@repo/contracts:test:  ✓ src/sboms/schemas/sbom-composite.schema.spec.ts (4 tests) 8ms
@repo/contracts:test:  ✓ src/pagination.spec.ts (18 tests) 34ms
@repo/contracts:test:  ✓ src/menu.spec.ts (15 tests) 7ms
@repo/contracts:test:  ✓ src/vulnerabilities/schemas/vulnerability-remediation.schema.spec.ts (4 tests) 7ms
@repo/contracts:test:  ✓ src/reporting/schemas/reporting-stage-drafts.schema.spec.ts (6 tests) 7ms
@repo/contracts:test:  ✓ src/frameworks/schemas/upgrade.schema.spec.ts (3 tests) 6ms
@repo/contracts:test:  ✓ src/sboms/schemas/sbom.schema.spec.ts (10 tests) 18ms
@repo/contracts:test:  ✓ src/products/schemas/product-owner-options.spec.ts (9 tests) 4ms
@repo/contracts:test:  ✓ src/reporting/schemas/reporting-stage-evidence.schema.spec.ts (4 tests) 7ms
@repo/contracts:test:  ✓ src/frameworks/schemas/custom-framework.schema.spec.ts (4 tests) 19ms
@repo/contracts:test:  ✓ src/technical-files/schemas/technical-file-snapshot.schema.spec.ts (5 tests) 5ms
@repo/contracts:test:  ✓ src/sboms/schemas/sbom-validation.schema.spec.ts (8 tests) 9ms
@repo/contracts:test:  ✓ src/risk-registers/schemas/risk-register.schema.spec.ts (6 tests) 9ms
@repo/contracts:test:  ✓ src/users.spec.ts (9 tests) 11ms
@repo/contracts:test:  ✓ src/technical-files/schemas/technical-file-auditor-access.schema.spec.ts (4 tests) 3ms
@repo/contracts:test:  ✓ src/products/schemas/support-period-history-query.spec.ts (5 tests) 2ms
@repo/contracts:test: 
@repo/contracts:test:  Test Files  58 passed (58)
@repo/contracts:test:       Tests  544 passed (544)
@repo/contracts:test:    Start at  16:28:14
@repo/contracts:test:    Duration  3.10s (transform 1.47s, setup 0ms, collect 11.33s, tests 1.23s, environment 6ms, prepare 4.39s)
@repo/contracts:test: 
api:test: cache miss, executing f609e9603ed4ee88
api:test: 
api:test: > api@0.0.1 test /Users/abjmac003/Documents/GitHub/CRA/apps/api
api:test: > jest
api:test: 
api:test: PASS src/sboms/infrastructure/sbom-quality-wire.spec.ts
api:test: PASS src/sboms/infrastructure/supabase-sbom-quality-persistence.spec.ts
api:test: PASS src/vulnerability-finding-review-notification-worker.spec.ts
api:test: PASS src/vulnerability-triage-alert-worker.spec.ts
api:test: PASS src/common/http/controller-response-contracts.spec.ts
api:test: PASS src/vulnerability-kev-alert-worker.spec.ts
api:test: PASS src/common/security/security.module.spec.ts
api:test: PASS src/auth/public-routes.spec.ts
api:test: PASS src/permissions/permission-coverage.spec.ts
api:test: PASS src/sboms/validation/bsi-profile-extractor-scale.spec.ts
api:test: PASS src/sboms/validation/bsi-profile-extractor.spec.ts
api:test: PASS src/supplier-evidence-reminder-worker.spec.ts
api:test: PASS src/sboms/worker/sbom-ingest-streaming.spec.ts
api:test: PASS src/sboms/validation/sbom-validation-worker.spec.ts
api:test: PASS src/sboms/application/sbom-export-serializer.spec.ts
api:test: [Nest] 21163  - 09/28/2026, 5:06:03 PM    WARN [SbomIngestWorker] Object(2) {
api:test:   message: 'sbom ingest cycle could not persist state',
api:test:   error: {
api:test:     name: 'Error',
api:test:     code: null,
api:test:     providerCode: null
api:test:   }
api:test: }
api:test: [Nest] 21163  - 09/28/2026, 5:06:03 PM    WARN [SbomIngestWorker] Object(2) {
api:test:   message: 'sbom normalization begin transition failed',
api:test:   error: {
api:test:     name: 'Error',
api:test:     code: '40001',
api:test:     providerCode: 'postgres'
api:test:   }
api:test: }
api:test: [Nest] 21163  - 09/28/2026, 5:06:03 PM    WARN [SbomIngestWorker] Object(2) {
api:test:   message: 'sbom ingest cycle could not persist state',
api:test:   error: {
api:test:     name: 'Error',
api:test:     code: '40001',
api:test:     providerCode: 'postgres'
api:test:   }
api:test: }
api:test: [Nest] 21163  - 09/28/2026, 5:06:03 PM    WARN [SbomIngestWorker] Object(2) {
api:test:   message: 'sbom normalization begin transition failed',
api:test:   error: {
api:test:     name: 'string',
api:test:     code: null,
api:test:     providerCode: null
api:test:   }
api:test: }
api:test: [Nest] 21163  - 09/28/2026, 5:06:03 PM    WARN [SbomIngestWorker] Object(2) {
api:test:   message: 'sbom ingest cycle could not persist state',
api:test:   error: {
api:test:     name: 'string',
api:test:     code: null,
api:test:     providerCode: null
api:test:   }
api:test: }
api:test: PASS src/sboms/normalization/sbom-normalizer-licenses.spec.ts
api:test: PASS src/sboms/validation/sbom-streaming-validator.spec.ts
api:test: [Nest] 21161  - 09/28/2026, 5:06:04 PM   ERROR [MfaService] MFA recovery failed for user 11111111-1111-4111-8111-111111111111 with sanitized code auth_unavailable
api:test: [Nest] 21161  - 09/28/2026, 5:06:04 PM   ERROR [MfaService] MFA recovery failed for user 11111111-1111-4111-8111-111111111111 with sanitized code auth_unavailable
api:test: [Nest] 21161  - 09/28/2026, 5:06:04 PM   ERROR [MfaService] MFA recovery failed for user 11111111-1111-4111-8111-111111111111 with sanitized code auth_unavailable
api:test: [Nest] 21161  - 09/28/2026, 5:06:04 PM   ERROR [MfaService] MFA recovery failed for user 11111111-1111-4111-8111-111111111111 with sanitized code auth_unavailable
api:test: [Nest] 21161  - 09/28/2026, 5:06:04 PM   ERROR [MfaService] MFA recovery failed for user 11111111-1111-4111-8111-111111111111 with sanitized code auth_unavailable
api:test: [Nest] 21161  - 09/28/2026, 5:06:04 PM   ERROR [MfaService] MFA recovery failed for user 11111111-1111-4111-8111-111111111111 with sanitized code auth_unavailable
api:test: [Nest] 21161  - 09/28/2026, 5:06:04 PM   ERROR [MfaService] MFA recovery failed for user 11111111-1111-4111-8111-111111111111 with sanitized code auth_unavailable
api:test: [Nest] 21161  - 09/28/2026, 5:06:04 PM   ERROR [MfaService] MFA recovery failed for user 11111111-1111-4111-8111-111111111111 with sanitized code auth_unavailable
api:test: [Nest] 21161  - 09/28/2026, 5:06:04 PM   ERROR [MfaService] MFA recovery failed for user 11111111-1111-4111-8111-111111111111 with sanitized code auth_unavailable
api:test: [Nest] 21161  - 09/28/2026, 5:06:04 PM   ERROR [MfaService] MFA recovery failed for user 11111111-1111-4111-8111-111111111111 with sanitized code auth_unavailable
api:test: [Nest] 21161  - 09/28/2026, 5:06:04 PM   ERROR [MfaService] MFA recovery failed for user 11111111-1111-4111-8111-111111111111 with sanitized code auth_unavailable
api:test: PASS src/sboms/validation/sbom-validator.spec.ts
api:test: PASS src/main.spec.ts
api:test: PASS src/sboms/application/sbom-export-use-cases.spec.ts
api:test: PASS src/vulnerability-vex-publication-worker.spec.ts
api:test: PASS src/common/security/module-boundaries.spec.ts
api:test: PASS src/sboms/validation/bounded-json-tokens.spec.ts
api:test: PASS src/sboms/quality/bsi-profile-evaluator.spec.ts
api:test: PASS src/sboms/infrastructure/supabase-bsi-evidence.adapter.spec.ts
api:test: PASS src/findings/triage/infrastructure/supabase-vulnerability-triage.repository.spec.ts
api:test: PASS src/vulnerabilities/vulnerabilities.controller.spec.ts
api:test: PASS src/organizations/tenant-administration/worker/export-source-registry.architecture.spec.ts
api:test: PASS src/products/imports/product-release-import-format.spec.ts
api:test: [Nest] 21161  - 09/28/2026, 5:06:04 PM   ERROR [MfaService] MFA recovery failed for user 11111111-1111-4111-8111-111111111111 with sanitized code auth_unavailable
api:test: [Nest] 21161  - 09/28/2026, 5:06:04 PM   ERROR [MfaService] MFA recovery failed for user 11111111-1111-4111-8111-111111111111 with sanitized code auth_unavailable
api:test: [Nest] 21161  - 09/28/2026, 5:06:04 PM   ERROR [MfaService] MFA recovery failed for user 11111111-1111-4111-8111-111111111111 with sanitized code auth_unavailable
api:test: [Nest] 21161  - 09/28/2026, 5:06:04 PM   ERROR [MfaService] MFA recovery failed for user 11111111-1111-4111-8111-111111111111 with sanitized code auth_unavailable
api:test: [Nest] 21161  - 09/28/2026, 5:06:04 PM   ERROR [MfaService] MFA recovery failed for user 11111111-1111-4111-8111-111111111111 with sanitized code auth_unavailable
api:test: [Nest] 21161  - 09/28/2026, 5:06:04 PM   ERROR [MfaService] MFA recovery failed for user 11111111-1111-4111-8111-111111111111 with sanitized code auth_unavailable
api:test: [Nest] 21161  - 09/28/2026, 5:06:04 PM   ERROR [MfaService] MFA recovery failed for user 11111111-1111-4111-8111-111111111111 with sanitized code auth_unavailable
api:test: [Nest] 21161  - 09/28/2026, 5:06:04 PM   ERROR [MfaService] MFA recovery failed for user 11111111-1111-4111-8111-111111111111 with sanitized code auth_unavailable
api:test: PASS src/findings/findings.controller.spec.ts
api:test: [Nest] 21161  - 09/28/2026, 5:06:04 PM   ERROR [MfaService] MFA recovery failed for user 11111111-1111-4111-8111-111111111111 with sanitized code auth_unavailable
api:test: [Nest] 21161  - 09/28/2026, 5:06:04 PM   ERROR [MfaService] MFA recovery failed for user 11111111-1111-4111-8111-111111111111 with sanitized code auth_unavailable
api:test: [Nest] 21161  - 09/28/2026, 5:06:04 PM   ERROR [MfaService] MFA recovery failed for user 11111111-1111-4111-8111-111111111111 with sanitized code auth_unavailable
api:test: [Nest] 21161  - 09/28/2026, 5:06:04 PM   ERROR [MfaService] MFA recovery failed for user 11111111-1111-4111-8111-111111111111 with sanitized code auth_unavailable
api:test: [Nest] 21161  - 09/28/2026, 5:06:04 PM   ERROR [MfaService] MFA recovery failed for user 11111111-1111-4111-8111-111111111111 with sanitized code auth_unavailable
api:test: [Nest] 21161  - 09/28/2026, 5:06:04 PM   ERROR [MfaService] MFA recovery failed for user 11111111-1111-4111-8111-111111111111 with sanitized code auth_unavailable
api:test: [Nest] 21161  - 09/28/2026, 5:06:04 PM   ERROR [MfaService] MFA recovery failed for user 11111111-1111-4111-8111-111111111111 with sanitized code auth_unavailable
api:test: [Nest] 21161  - 09/28/2026, 5:06:04 PM   ERROR [MfaService] MFA recovery failed for user 11111111-1111-4111-8111-111111111111 with sanitized code auth_unavailable
api:test: [Nest] 21161  - 09/28/2026, 5:06:04 PM   ERROR [MfaService] MFA recovery failed for user 11111111-1111-4111-8111-111111111111 with sanitized code auth_unavailable
api:test: [Nest] 21161  - 09/28/2026, 5:06:04 PM   ERROR [MfaService] MFA recovery failed for user 11111111-1111-4111-8111-111111111111 with sanitized code auth_unavailable
api:test: PASS src/auth/mfa/mfa.service.recovery.spec.ts
api:test: PASS src/vulnerabilities/vulnerabilities.module.spec.ts
api:test: PASS src/vulnerabilities/worker/vulnerability-feed-worker.spec.ts
api:test: PASS src/sboms/infrastructure/supabase-sbom.repository.spec.ts
api:test: PASS src/ai/ai-gateway.spec.ts
api:test: PASS src/permissions/infrastructure/supabase-role.repository.spec.ts
api:test: PASS src/products/products.module.spec.ts
api:test: PASS src/findings/exports/vex-export-generator.spec.ts
api:test: PASS src/ai/supplier-document-extraction.worker.spec.ts
api:test: PASS src/vulnerabilities/infrastructure/http-vulnerability-feed.providers.spec.ts
api:test: PASS src/supplier-evidence/supplier-evidence-sbom.controller.spec.ts
api:test: PASS src/vulnerabilities/infrastructure/supabase-vulnerability-matching.repository.spec.ts
api:test: PASS src/evidence/infrastructure/evidence-watermark-renderer.spec.ts
api:test: PASS src/common/pipes/controller-validation.integration.spec.ts
api:test: PASS src/findings/assessments/infrastructure/supabase-vulnerability-assessment.repository.spec.ts
api:test: PASS src/vulnerabilities/infrastructure/supabase-vulnerability-reachability-ingestion.repository.spec.ts
api:test: PASS src/sboms/sbom.controller.spec.ts
api:test: PASS src/vulnerabilities/infrastructure/supabase-vulnerability-enrichment.repository.spec.ts
api:test: PASS src/findings/triage/vulnerability-triage.controller.spec.ts
api:test: PASS src/vulnerabilities/offline-bundle-imports.controller.spec.ts
api:test: PASS src/reporting/reporting-rehearsal.controller.spec.ts
api:test: PASS src/supplier-evidence/infrastructure/supabase-supplier-evidence-sbom.repository.spec.ts
api:test: PASS src/products/product-classifications.controller.spec.ts
api:test: PASS src/products/products.controller.spec.ts
api:test: PASS src/reporting/reporting-obligation.controller.spec.ts
api:test: PASS src/organizations/organizations.module.spec.ts
api:test: PASS src/frameworks/frameworks.module.spec.ts
api:test: PASS src/supplier-evidence/infrastructure/supabase-supplier-evidence.repository.spec.ts
api:test: PASS src/vulnerabilities/vulnerability-manual-findings.controller.spec.ts
api:test: PASS src/connectors/connectors.controller.spec.ts
api:test: PASS src/technical-files/infrastructure/supabase-technical-file-snapshot.repository.spec.ts
api:test: PASS src/sboms/validation/sbom-spool.spec.ts
api:test: PASS src/sboms/worker/sbom-ingest-worker.spec.ts
api:test: PASS src/products/worker/supabase-product-compliance-worker.adapter.spec.ts
api:test: PASS src/sboms/normalization/sbom-normalizer.spec.ts (6.52 s)
api:test: PASS src/organizations/tenant-administration/worker/supabase-tenant-export-artifact-snapshot.adapter.spec.ts
api:test: [Nest] 21163  - 09/28/2026, 5:06:06 PM    WARN [SbomIngestWorker] Object(2) {
api:test:   message: 'sbom ingest cycle could not persist state',
api:test:   error: {
api:test:     name: 'Error',
api:test:     code: null,
api:test:     providerCode: null
api:test:   }
api:test: }
api:test: [Nest] 21160  - 09/28/2026, 5:06:06 PM     LOG [SupabaseProductComplianceWorkerAdapter] security_update_artifact_cleanup_deferred artifact=00000000-0000-4000-8000-000000000005 outcome=shared_object
api:test: [Nest] 21160  - 09/28/2026, 5:06:06 PM     LOG [SupabaseProductComplianceWorkerAdapter] security_update_artifact_cleanup_deferred artifact=00000000-0000-4000-8000-000000000005 outcome=legal_hold
api:test: [Nest] 21160  - 09/28/2026, 5:06:06 PM     LOG [SupabaseProductComplianceWorkerAdapter] security_update_artifact_cleanup_deferred artifact=00000000-0000-4000-8000-000000000005 outcome=not_due
api:test: [Nest] 21160  - 09/28/2026, 5:06:06 PM     LOG [SupabaseProductComplianceWorkerAdapter] security_update_artifact_cleanup_deferred artifact=00000000-0000-4000-8000-000000000005 outcome=already_completed
api:test: PASS src/supplier-evidence/supplier-evidence.controller.spec.ts
api:test: PASS src/organizations/tenant-administration/infrastructure/supabase-tenant-administration.repository.spec.ts
api:test: PASS src/sboms/infrastructure/supabase-sbom-export.repository.spec.ts
api:test: PASS src/findings/exports/infrastructure/supabase-vulnerability-vex-export.repository.spec.ts
api:test: PASS src/invitations/invitations.module.spec.ts
api:test: PASS src/products/infrastructure/supabase-product.repository.spec.ts
api:test: PASS src/vulnerabilities/infrastructure/mail-vulnerability-kev-alert-notifier.adapter.spec.ts
api:test: PASS src/findings/exports/vulnerability-vex-export.controller.spec.ts
api:test: PASS src/findings/assessments/bulk/infrastructure/supabase-vulnerability-assessment-bulk.repository.spec.ts
api:test: PASS src/auth/infrastructure/auth-primary-adapters.spec.ts
api:test: PASS src/sboms/infrastructure/supabase-sbom-diff-findings.spec.ts
api:test: PASS src/ai/evaluation/run-supplier-document-evaluation.spec.ts
api:test: PASS src/organizations/branding/branding.controller.spec.ts
api:test: PASS src/sboms/normalization/sbom-normalizer-boundaries.spec.ts
api:test: PASS src/vulnerabilities/application/offline-bundle-preflight.service.spec.ts
api:test: PASS src/technical-files/worker/technical-file-snapshot-export-worker.spec.ts
api:test: PASS src/products/product-owners.controller.spec.ts
api:test: PASS src/evidence/infrastructure/supabase-evidence.repository.spec.ts
api:test: PASS src/products/products.service.spec.ts
api:test: PASS src/products/imports/product-imports.controller.spec.ts
api:test: PASS src/organizations/legal-entities/infrastructure/supabase-legal-entity.repository.spec.ts
api:test: PASS src/products/infrastructure/supabase-product-compliance.repository.spec.ts
api:test: PASS src/products/application/product-use-cases.spec.ts
api:test: PASS src/vulnerabilities/infrastructure/supabase-offline-bundle.repository.spec.ts
api:test: PASS src/auth/supabase-auth-tenant-scope.spec.ts
api:test: PASS src/frameworks/infrastructure/supabase-custom-framework.repository.spec.ts
api:test: PASS src/vulnerabilities/infrastructure/supabase-vulnerability-feed.repository.spec.ts
api:test: PASS src/technical-files/technical-files.controller.spec.ts
api:test: PASS src/vulnerabilities/infrastructure/registered-reachability-analyzers.spec.ts
api:test: PASS src/frameworks/upgrades.controller.spec.ts
api:test: PASS src/sboms/sbom-export.controller.spec.ts
api:test: [Nest] 21155  - 09/28/2026, 5:06:07 PM    WARN [SupabaseVulnerabilityFeedRepository] vulnerability_feed_rpc_unavailable rpc=list_vulnerability_feed_sync_runs
api:test: PASS src/products/infrastructure/supabase-product-classification.spec.ts
api:test: [Nest] 21156  - 09/28/2026, 5:06:07 PM   ERROR [AuthService] Password reset consumption failed before provider update
api:test: [Nest] 21156  - 09/28/2026, 5:06:07 PM   ERROR [AuthService] Password reset consumption failed before provider update
api:test: [Nest] 21156  - 09/28/2026, 5:06:07 PM   ERROR [AuthService] Password reset consumption failed before provider update
api:test: [Nest] 21156  - 09/28/2026, 5:06:07 PM   ERROR [AuthService] Password reset consumption failed before provider update
api:test: [Nest] 21156  - 09/28/2026, 5:06:07 PM   ERROR [AuthService] Password reset consumption failed before provider update
api:test: [Nest] 21156  - 09/28/2026, 5:06:07 PM   ERROR [AuthService] Password reset consumption failed before provider update
api:test: [Nest] 21156  - 09/28/2026, 5:06:07 PM   ERROR [AuthService] Password reset consumption failed before provider update
api:test: [Nest] 21156  - 09/28/2026, 5:06:07 PM   ERROR [AuthService] Password update failed after reset token consumption
api:test: [Nest] 21156  - 09/28/2026, 5:06:07 PM   ERROR [AuthService] Password update failed after reset token consumption
api:test: PASS src/auth/auth.service.password-reset.spec.ts
api:test: PASS src/products/infrastructure/supabase-product-relationship-worker.adapter.spec.ts
api:test: PASS src/ai/evaluation/supplier-document-evaluation.spec.ts
api:test: PASS src/supplier-evidence/infrastructure/supabase-supplier-document-extraction.repository.spec.ts
api:test: PASS src/frameworks/controls.controller.spec.ts
api:test: PASS src/products/imports/supabase-product-import.repository.spec.ts
api:test: PASS src/permissions/permissions.controller.spec.ts
api:test: PASS src/organizations/infrastructure/supabase-organization.repository.spec.ts
api:test: PASS src/sboms/normalization/sbom-normalizer-regression.spec.ts
api:test: PASS src/frameworks/custom-frameworks.controller.spec.ts
api:test: PASS src/permissions/permissions.module.spec.ts
api:test: PASS src/organizations/tenant-administration/tenant-administration.controller.spec.ts
api:test: PASS src/reporting/infrastructure/reporting-evidence-workflow.service.spec.ts
api:test: PASS src/invitations/invitations.controller.spec.ts
api:test: PASS src/organizations/tenant-administration/infrastructure/tenant-administration-adapters.spec.ts
api:test: PASS src/sboms/sbom-composite.controller.spec.ts
api:test: PASS src/sboms/worker/sbom-quality-worker.spec.ts
api:test: PASS src/organizations/branding/infrastructure/supabase-branding.repository.spec.ts
api:test: [Nest] 21159  - 09/28/2026, 5:06:08 PM    WARN [SbomQualityWorker] Object(2) {
api:test:   message: 'Pinned BSI technical checks unavailable',
api:test:   code: 'bsi_profile_unavailable'
api:test: }
api:test: [Nest] 21159  - 09/28/2026, 5:06:08 PM    WARN [SbomQualityWorker] Object(2) {
api:test:   message: 'Pinned BSI technical checks unavailable',
api:test:   code: 'bsi_profile_unavailable'
api:test: }
api:test: [Nest] 21159  - 09/28/2026, 5:06:08 PM    WARN [SbomQualityWorker] Object(2) {
api:test:   message: 'sbom quality cycle failed',
api:test:   error: {
api:test:     name: 'Error',
api:test:     code: null
api:test:   }
api:test: }
api:test: PASS src/findings/assessments/vulnerability-assessment.controller.spec.ts
api:test: PASS src/evidence/worker/evidence-watermark-export-worker.spec.ts
api:test: PASS src/findings/assessments/bulk/vulnerability-assessment-bulk.controller.spec.ts
api:test: PASS src/organizations/organizations.controller.spec.ts
api:test: PASS src/frameworks/infrastructure/supabase-upgrade.repository.spec.ts
api:test: PASS src/vulnerabilities/infrastructure/supabase-vulnerability-reevaluation.repository.spec.ts
api:test: PASS src/frameworks/infrastructure/supabase-framework.repository.spec.ts
api:test: PASS src/findings/worker/finding-propagation-worker.spec.ts
api:test: PASS src/suppliers/supplier-registry.controller.spec.ts
api:test: PASS src/vulnerabilities/vulnerability-matching.controller.spec.ts
api:test: PASS src/frameworks/frameworks.controller.spec.ts
api:test: PASS src/frameworks/infrastructure/supabase-control.repository.spec.ts
api:test: PASS src/sboms/infrastructure/supabase-sbom-storage.streaming.spec.ts
api:test: PASS src/findings/exports/vex-export-validation.spec.ts
api:test: PASS src/technical-files/infrastructure/supabase-technical-file.repository.spec.ts
api:test: PASS src/organizations/branding/infrastructure/brand-logo-processor.spec.ts
api:test: PASS src/vulnerabilities/worker/vulnerability-kev-alert-worker.spec.ts
api:test: PASS src/technical-files/infrastructure/supabase-technical-file-auditor-access.repository.spec.ts
api:test: PASS src/organizations/legal-entities/legal-entities.controller.spec.ts
api:test: PASS src/sboms/infrastructure/supabase-sbom-storage.adapter.spec.ts
api:test: [Nest] 21163  - 09/28/2026, 5:06:08 PM    WARN [VulnerabilityKevAlertWorker] Object(2) {
api:test:   message: 'KEV alert notification delivery failed',
api:test:   error: 'Error'
api:test: }
api:test: PASS src/auth/supabase-auth.guard.spec.ts
api:test: PASS src/permissions/custom-roles.controller.spec.ts
api:test: PASS src/products/infrastructure/supabase-product-owner-directory.spec.ts
api:test: PASS src/technical-files/infrastructure/supabase-technical-file-readiness.repository.spec.ts
api:test: PASS src/products/imports/product-release-import-use-cases.spec.ts
api:test: PASS src/vulnerabilities/application/vulnerability-reachability-ingestion-use-cases.spec.ts
api:test: PASS src/organizations/branding/infrastructure/supabase-branding-storage.adapter.spec.ts
api:test: PASS src/technical-files/worker/technical-file-snapshot-export-renderer.spec.ts
api:test: PASS src/findings/infrastructure/supabase-finding-propagation.repository.spec.ts
api:test: PASS src/users/users.module.spec.ts
api:test: PASS src/sboms/worker/sbom-diff-versions.spec.ts
api:test: PASS src/vulnerabilities/infrastructure/supabase-vulnerability-kev-alert-queue.spec.ts
api:test: PASS src/vulnerabilities/vulnerability-enrichment.controller.spec.ts
api:test: PASS src/auth/infrastructure/supabase-auth-adapters.spec.ts
api:test: PASS src/reporting/infrastructure/supabase-reporting-obligation.repository.spec.ts
api:test: PASS src/evidence/infrastructure/local-evidence-text-extractor.adapter.spec.ts (9.213 s)
api:test: PASS src/suppliers/infrastructure/supabase-supplier-registry.repository.spec.ts
api:test: [Nest] 21163  - 09/28/2026, 5:06:09 PM    WARN [SbomDiffWorker] Object(2) {
api:test:   message: 'sbom diff cycle failed',
api:test:   error: 'The report comparator policy is not installed.'
api:test: }
api:test: PASS src/sboms/application/sbom-composite-policy.spec.ts
api:test: PASS src/organizations/infrastructure/supabase-onboarding-evidence-recorder.adapter.spec.ts
api:test: PASS src/products/application/product-owner-options.spec.ts
api:test: PASS src/vulnerabilities/infrastructure/supabase-vulnerability-finding-review-notification-queue.spec.ts
api:test: PASS src/vulnerabilities/application/offline-bundle-verifier.spec.ts
api:test: [Nest] 21156  - 09/28/2026, 5:06:09 PM   ERROR [InvitationsService] Invitation notification failed after creating invitation-1
api:test: PASS src/auth/token-verification/token-strategies.spec.ts
api:test: [Nest] 21156  - 09/28/2026, 5:06:09 PM   ERROR [InvitationsService] Invitation delivery confirmation failed
api:test: [Nest] 21156  - 09/28/2026, 5:06:09 PM   ERROR [InvitationsService] Invitation list failed
api:test: PASS src/invitations/invitations.service.create-list.spec.ts
api:test: PASS src/technical-files/infrastructure/supabase-risk-register.repository.spec.ts
api:test: PASS src/invitations/infrastructure/supabase-invitation.repository.spec.ts
api:test: [Nest] 21158  - 09/28/2026, 5:06:09 PM     LOG [TokenVerifierService] [jwt] verification strategy resolved: HS256
api:test: [Nest] 21158  - 09/28/2026, 5:06:09 PM     LOG [TokenVerifierService] [jwt] verification strategy resolved: JWKS
api:test: PASS src/products/application/product-classification.spec.ts
api:test: PASS src/users/users.controller.spec.ts
api:test: PASS src/common/filters/all-exceptions.filter.spec.ts
api:test: PASS src/evidence/infrastructure/supabase-evidence-validity-alert-queue.spec.ts
api:test: PASS src/organizations/branding/branding.service.spec.ts
api:test: PASS src/findings/findings.service.spec.ts
api:test: PASS src/vulnerabilities/infrastructure/supabase-vulnerability-triage-alert-queue.spec.ts
api:test: PASS src/organizations/tenant-administration/worker/supabase-tenant-lifecycle-worker.adapter.spec.ts
api:test: PASS src/findings/application/finding-propagation-use-cases.spec.ts
api:test: PASS src/config/env.validation.spec.ts
api:test: PASS src/vulnerabilities/infrastructure/mail-vulnerability-triage-alert-notifier.adapter.spec.ts
api:test: PASS src/common/http/zod-response.interceptor.spec.ts
api:test: PASS src/evidence/worker/evidence-validity-alert-worker.spec.ts
api:test: PASS src/audit/audit.module.spec.ts
api:test: PASS src/vulnerabilities/worker/vulnerability-triage-alert-worker.spec.ts
api:test: PASS src/vulnerabilities/matching/worker/vulnerability-matching-worker.spec.ts
api:test: PASS src/products/infrastructure/supabase-product-compliance-storage.adapter.spec.ts
api:test: [Nest] 21163  - 09/28/2026, 5:06:09 PM    WARN [VulnerabilityMatchingWorker] Object(2) {
api:test:   message: 'vulnerability matching cycle failed',
api:test:   error: 'Error'
api:test: }
api:test: [Nest] 21156  - 09/28/2026, 5:06:09 PM    WARN [VulnerabilityTriageAlertWorker] Object(2) {
api:test:   message: 'Vulnerability triage alert notification delivery failed',
api:test:   error: 'Error'
api:test: }
api:test: PASS src/common/pipes/zod-validation.pipe.spec.ts
api:test: PASS src/vulnerabilities/infrastructure/mail-vulnerability-finding-review-notifier.adapter.spec.ts
api:test: [Nest] 21163  - 09/28/2026, 5:06:09 PM   ERROR [MfaService] MFA factor lookup failed
api:test: PASS src/auth/mfa/mfa.service.facade.spec.ts
api:test: PASS src/users/infrastructure/supabase-member.repository.spec.ts
api:test: PASS src/products/application/product-relationship-graph-policy.spec.ts
api:test: PASS src/supplier-evidence/infrastructure/mail-supplier-evidence-reminder-notifier.adapter.spec.ts
api:test: PASS src/auth/auth.service.lockout.spec.ts
api:test: PASS src/vulnerabilities/worker/vulnerability-reevaluation-worker.spec.ts
api:test: [Nest] 21157  - 09/28/2026, 5:06:09 PM   ERROR [SupabasePermissionDataAdapter] Override lookup failed: database unavailable
api:test: [Nest] 21157  - 09/28/2026, 5:06:09 PM   ERROR [SupabasePermissionDataAdapter] Permission version lookup failed: version row missing
api:test: [Nest] 21157  - 09/28/2026, 5:06:09 PM   ERROR [SupabasePermissionDataAdapter] Permission version lookup failed: boom
api:test: [Nest] 21157  - 09/28/2026, 5:06:09 PM   ERROR [SupabasePermissionDataAdapter] Permission version lookup failed: boom
api:test: [Nest] 21157  - 09/28/2026, 5:06:09 PM   ERROR [SupabasePermissionDataAdapter] Role assignment lookup failed: boom
api:test: [Nest] 21157  - 09/28/2026, 5:06:09 PM   ERROR [SupabasePermissionDataAdapter] Role assignment lookup failed: boom
api:test: [Nest] 21157  - 09/28/2026, 5:06:09 PM   ERROR [SupabasePermissionDataAdapter] Override lookup failed: boom
api:test: [Nest] 21157  - 09/28/2026, 5:06:09 PM   ERROR [SupabasePermissionDataAdapter] Override lookup failed: boom
api:test: [Nest] 21157  - 09/28/2026, 5:06:09 PM   ERROR [SupabasePermissionDataAdapter] Menu rule lookup failed: boom
api:test: [Nest] 21157  - 09/28/2026, 5:06:09 PM   ERROR [SupabasePermissionDataAdapter] Menu rule lookup failed: boom
api:test: [Nest] 21157  - 09/28/2026, 5:06:09 PM   ERROR [SupabasePermissionDataAdapter] Menu rule lookup failed: boom
api:test: PASS src/permissions/permissions.service.spec.ts
api:test: PASS src/invitations/infrastructure/mail-invitation-notifier.adapter.spec.ts
api:test: PASS src/frameworks/infrastructure/supabase-coverage-work.queue.spec.ts
api:test: PASS src/supabase/supabase.service.spec.ts
api:test: [Nest] 21159  - 09/28/2026, 5:06:09 PM    WARN [VulnerabilityReevaluationWorker] Object(2) {
api:test:   message: 'vulnerability reevaluation tenant page failed',
api:test:   error: 'Error'
api:test: }
api:test: PASS src/mail/mail.service.spec.ts
api:test: PASS src/reporting/infrastructure/supabase-reporting-deadline-monitor.repository.spec.ts
api:test: PASS src/vulnerabilities/worker/vulnerability-finding-review-notification-worker.spec.ts
api:test: PASS src/findings/exports/infrastructure/node-vex-publication-delivery.adapter.spec.ts
api:test: PASS src/sboms/sbom.service.spec.ts
api:test: PASS src/evidence/worker/evidence-deletion-cleanup-worker.spec.ts
api:test: PASS src/findings/exports/application/vulnerability-vex-export-use-cases.spec.ts
api:test: [Nest] 21156  - 09/28/2026, 5:06:09 PM    WARN [VulnerabilityFindingReviewNotificationWorker] Object(2) {
api:test:   message: 'Vulnerability finding review notification delivery failed',
api:test:   error: 'Error'
api:test: }
api:test: PASS src/connectors/worker/connector-sync-worker.spec.ts
api:test: PASS src/organizations/branding/application/branding-use-cases.spec.ts
api:test: PASS src/organizations/organizations.service.spec.ts
api:test: PASS src/auth/infrastructure/supabase-tenant-scope-access.adapter.spec.ts
api:test: [Nest] 21155  - 09/28/2026, 5:06:10 PM   ERROR [InvitationsService] Invitation resend delivery confirmation failed
api:test: [Nest] 21155  - 09/28/2026, 5:06:10 PM   ERROR [InvitationsService] Invitation resend delivery confirmation failed
api:test: PASS src/permissions/custom-roles.service.spec.ts
api:test: PASS src/invitations/invitations.service.spec.ts
api:test: PASS src/sboms/application/sbom-intake-use-cases.spec.ts
api:test: PASS src/frameworks/application/custom-framework-use-cases.spec.ts
api:test: PASS src/supplier-evidence/infrastructure/supabase-supplier-evidence-reminder-queue.spec.ts
api:test: PASS src/health/health.controller.spec.ts
api:test: PASS src/invitations/application/create-invitation.use-case.spec.ts
api:test: PASS src/common/exceptions/too-many-requests.exception.spec.ts
api:test: PASS src/products/infrastructure/node-product-compliance-external-reference-validator.spec.ts
api:test: PASS src/findings/exports/infrastructure/supabase-vulnerability-vex-publication-queue.spec.ts
api:test: PASS src/organizations/branding/infrastructure/branding-adapters.spec.ts
api:test: PASS src/audit/audit.service.spec.ts
api:test: PASS src/sboms/worker/sbom-diff-worker.spec.ts
api:test: PASS src/invitations/infrastructure/node-invitation-token.adapter.spec.ts
api:test: PASS src/permissions/permissions.service.facade.spec.ts
api:test: PASS src/organizations/legal-entities/legal-entities.service.spec.ts
api:test: PASS src/connectors/connectors.service.spec.ts
api:test: [Nest] 21156  - 09/28/2026, 5:06:10 PM   ERROR [AuthService] Session epoch revocation failed
api:test: [Nest] 21156  - 09/28/2026, 5:06:10 PM   ERROR [AuthService] Could not store verification artifact
api:test: PASS src/auth/auth.service.facade.spec.ts
api:test: PASS src/users/users.service.spec.ts
api:test: [Nest] 21163  - 09/28/2026, 5:06:10 PM   ERROR [AuthService] Atomic email verification failed
api:test: PASS src/auth/auth.service.email-verification.spec.ts
api:test: [Nest] 21160  - 09/28/2026, 5:06:10 PM    WARN [SbomDiffWorker] Object(2) {
api:test:   message: 'sbom diff cycle failed',
api:test:   error: 'statement timeout'
api:test: }
api:test: PASS src/organizations/tenant-administration/application/tenant-administration-use-cases.spec.ts
api:test: PASS src/products/application/support-period-history.spec.ts
api:test: PASS src/supplier-evidence/worker/supplier-evidence-reminder-worker.spec.ts
api:test: PASS src/products/imports/product-import-worker.spec.ts
api:test: PASS src/organizations/tenant-administration/tenant-administration.service.spec.ts
api:test: PASS src/findings/exports/worker/vulnerability-vex-publication-worker.spec.ts
api:test: PASS src/products/worker/product-compliance-worker.spec.ts
api:test: PASS src/invitations/application/resend-invitation.use-case.spec.ts
api:test: PASS src/organizations/tenant-administration/worker/tenant-lifecycle-worker.spec.ts
api:test: PASS src/findings/exports/infrastructure/configured-vex-publication-target-registry.spec.ts
api:test: PASS src/permissions/application/versioned-permission-resolver.proxy.spec.ts
api:test: PASS src/reporting/worker/reporting-deadline-monitor-worker.spec.ts
api:test: PASS src/permissions/infrastructure/supabase-permission-data.adapter.spec.ts
api:test: PASS src/organizations/tenant-administration/worker/export-archive.spec.ts
api:test: PASS src/auth/application/auth-primary-use-cases.spec.ts
api:test: [Nest] 21159  - 09/28/2026, 5:06:10 PM    WARN [ProductImportWorker] {"event":"product_import_measurement","metric":"retry_scheduled","value":1}
api:test: [Nest] 21162  - 09/28/2026, 5:06:10 PM    WARN [VulnerabilityVexPublicationWorker] Object(2) {
api:test:   message: 'VEX publication delivery failed',
api:test:   error: 'Error'
api:test: }
api:test: PASS src/invitations/application/revoke-list-invitations.spec.ts
api:test: PASS src/permissions/application/role-use-cases.spec.ts
api:test: PASS src/sboms/validation/spdx-tag-value-parser.spec.ts
api:test: PASS src/products/worker/product-retention-worker.spec.ts
api:test: PASS src/sboms/worker/sbom-composite-worker.spec.ts
api:test: PASS src/invitations/application/accept-invitation.use-case.spec.ts
api:test: PASS src/vulnerabilities/matching/golden-dataset.spec.ts
api:test: PASS src/connectors/application/sync-plan-builder.spec.ts
api:test: PASS src/products/product-compliance.service.spec.ts
api:test: PASS src/products/application/product-compliance-use-cases.spec.ts
api:test: PASS src/supplier-evidence/application/supplier-evidence-use-cases.spec.ts
api:test: PASS src/frameworks/application/upgrade-use-cases.spec.ts
api:test: PASS src/supplier-evidence/application/supplier-evidence-sbom.use-cases.spec.ts
api:test: PASS src/auth/application/auth-use-cases.spec.ts
api:test: PASS src/vulnerabilities/matching/matching-policy.spec.ts
api:test: PASS src/evidence/application/evidence-access-use-cases.spec.ts
api:test: PASS src/connectors/reference-adapter/reference-conformance-adapter.spec.ts
api:test: PASS src/vulnerabilities/infrastructure/unavailable-reporting-obligation.adapter.spec.ts
api:test: PASS src/auth/cookies.util.spec.ts
api:test: PASS src/evidence/worker/evidence-text-extraction-worker.spec.ts
api:test: PASS src/organizations/application/organization-use-cases.spec.ts
api:test: PASS src/vulnerabilities/matching/comparators/version-comparator.spec.ts
api:test: PASS src/connectors/agent-trust/verify-agent-frame.spec.ts
api:test: PASS src/products/application/substantial-modification-policy.spec.ts
api:test: PASS src/reporting/infrastructure/reporting-evidence-signer.spec.ts
api:test: PASS src/vulnerabilities/matching/cpe-nvd-policy.spec.ts
api:test: PASS src/vulnerabilities/application/vulnerability-feed-use-cases.spec.ts
api:test: PASS src/users/application/member-use-cases.spec.ts
api:test: PASS src/organizations/legal-entities/application/legal-entity-use-cases.spec.ts
api:test: PASS src/products/application/release-lifecycle-policy.spec.ts
api:test: PASS src/products/application/product-retention-policy.spec.ts
api:test: PASS src/findings/assessments/bulk/application/vulnerability-assessment-bulk-use-cases.spec.ts
api:test: PASS src/sboms/validation/schema-manifest.spec.ts
api:test: PASS src/auth/domain/auth-flow-state.spec.ts
api:test: PASS src/connectors/application/field-authority-policy.spec.ts
api:test: PASS src/permissions/application/base-permission-resolver.spec.ts
api:test: PASS src/vulnerabilities/application/vulnerability-enrichment-use-cases.spec.ts
api:test: PASS src/technical-files/application/technical-file-snapshot-use-cases.spec.ts
api:test: PASS src/technical-files/application/technical-file-readiness-use-cases.spec.ts
api:test: PASS src/vulnerabilities/prioritization/vulnerability-priority-policy.spec.ts
api:test: PASS src/products/application/security-update-availability-policy.spec.ts
api:test: PASS src/technical-files/application/risk-register-use-cases.spec.ts
api:test: PASS src/evidence/application/evidence-intake-use-cases.spec.ts
api:test: PASS src/sboms/quality/sbom-quality-policy.spec.ts
api:test: PASS src/evidence/application/evidence-reuse-validity-use-cases.spec.ts
api:test: PASS src/evidence/application/evidence-retention-use-cases.spec.ts
api:test: PASS src/vulnerabilities/application/offline-bundle-import-use-cases.spec.ts
api:test: PASS src/technical-files/application/technical-file-use-cases.spec.ts
api:test: PASS src/connectors/application/identity-matching-policy.spec.ts
api:test: PASS src/sboms/application/supplier-sbom-use-cases.spec.ts
api:test: PASS src/frameworks/application/framework-use-cases.spec.ts
api:test: PASS src/reporting/application/reporting-obligation-use-cases.spec.ts
api:test: PASS src/sboms/application/sbom-composite-use-cases.spec.ts
api:test: PASS src/evidence/infrastructure/clamav-scanner.adapter.spec.ts
api:test: PASS src/evidence/application/evidence-watermark-export-use-cases.spec.ts
api:test: PASS src/sboms/application/sbom-quality-use-cases.spec.ts
api:test: PASS src/technical-files/application/technical-file-auditor-access-use-cases.spec.ts
api:test: PASS src/sboms/application/sbom-normalization-use-cases.spec.ts
api:test: PASS src/sboms/application/sbom-diff-use-cases.spec.ts
api:test: PASS src/evidence/application/evidence-bulk-intake-use-cases.spec.ts
api:test: PASS src/organizations/infrastructure/legal-profile-audit-digest.spec.ts
api:test: PASS src/frameworks/application/control-use-cases.spec.ts
api:test: PASS src/frameworks/application/coverage-recalculation-worker.spec.ts
api:test: PASS src/invitations/domain/invitation-state.spec.ts
api:test: PASS src/supplier-evidence/application/supplier-document-extraction.use-cases.spec.ts
api:test: PASS src/suppliers/application/supplier-registry-use-cases.spec.ts
api:test: 
api:test: Test Suites: 303 passed, 303 total
api:test: Tests:       2884 passed, 2884 total
api:test: Snapshots:   0 total
api:test: Time:        11.398 s, estimated 13 s
api:test: Ran all test suites.
web:test: cache miss, executing 9c88bca67e82dd4f
web:test: 
web:test: > web@0.1.0 test /Users/abjmac003/Documents/GitHub/CRA/apps/web
web:test: > vitest run
web:test: 
web:test: 
web:test:  RUN  v3.2.7 /Users/abjmac003/Documents/GitHub/CRA/apps/web
web:test: 
web:test:  ✓ app/(workspace)/products/product-compliance-sections.spec.tsx (18 tests) 838ms
web:test:  ✓ app/_features/frameworks/custom-frameworks-panel.spec.tsx (12 tests) 815ms
web:test:  ✓ app/(workspace)/organization/organization-legal-entities-section.spec.tsx (4 tests) 1207ms
web:test:    ✓ OrganizationLegalEntitiesSection > creates a new entity with blank optional values omitted from the request  453ms
web:test:    ✓ OrganizationLegalEntitiesSection > keeps the editor usable when create and lifecycle calls fail  528ms
web:test:  ✓ app/(workspace)/products/sbom-intake-section.spec.tsx (27 tests) 1900ms
web:test:  ✓ app/(workspace)/products/product-detail-content.spec.tsx (16 tests) 1690ms
web:test:    ✓ ProductDetailContent > keeps the overview concise and opens product work in focused dialogs  302ms
web:test:    ✓ ProductDetailContent > lazy-loads classification and requires discard before closing dirty answers  346ms
web:test:  ✓ app/_features/supplier-evidence/supplier-evidence-review-panel.spec.tsx (6 tests) 815ms
web:test:    ✓ SupplierEvidenceReviewPanel > keeps the supplier-visible reason and internal note in separate review fields  376ms
web:test:  ✓ app/(workspace)/products/product-relationship-section.spec.tsx (8 tests) 745ms
web:test:  ✓ app/(workspace)/permissions/page.spec.tsx (1 test) 1153ms
web:test:    ✓ PermissionsMatrixPage > loads and saves overrides through rolesApi  1152ms
web:test:  ✓ app/(workspace)/products/sbom-composite-supplier-review-section.spec.tsx (4 tests) 445ms
web:test:  ✓ app/(workspace)/organization/page.spec.tsx (23 tests) 3159ms
web:test:    ✓ OrganizationAdministrationPage > opens organization controls in focused workbench dialogs for owners  597ms
web:test:    ✓ OrganizationAdministrationPage > edits incomplete legal entities with explicit countries and phone  449ms
web:test:  ✓ app/_features/findings/finding-triage-operational.spec.tsx (4 tests) 215ms
web:test:  ✓ app/_features/vulnerabilities/vulnerability-matching-results.spec.tsx (11 tests) 369ms
web:test:  ✓ app/(workspace)/onboarding/page.spec.tsx (9 tests) 3608ms
web:test:    ✓ OnboardingPage > renders a legal profile form and validates required fields before create  908ms
web:test:    ✓ OnboardingPage > requires an explicit choice for both country fields  550ms
web:test:    ✓ OnboardingPage > creates the complete legal profile and preserves values after a server error  1792ms
web:test:    ✓ OnboardingPage > lets an organization administrator edit the versioned legal profile  307ms
web:test:  ✓ app/_features/frameworks/control-library-panel.spec.tsx (16 tests) 945ms
web:test:  ✓ app/_components/sidebar/sidebar.spec.tsx (9 tests) 476ms
web:test:  ✓ app/_features/frameworks/framework-upgrade-panel.spec.tsx (5 tests) 229ms
web:test:  ✓ mocks/handlers.spec.ts (9 tests) 1892ms
web:test:    ✓ mock/API namespace separation > filters, sorts numeric display values, and clamps stale pages  531ms
web:test:  ✓ app/dashboard/dashboard-pages.spec.tsx (11 tests) 256ms
web:test:  ✓ app/(workspace)/products/manual-vulnerability-finding-section.spec.tsx (1 test) 607ms
web:test:    ✓ ManualVulnerabilityFindingSection > records source, evidence, and rationale for the selected release  606ms
web:test:  ✓ app/(auth)/auth-pages.spec.tsx (18 tests) 500ms
web:test:  ✓ app/_features/frameworks/frameworks-workspace.spec.tsx (18 tests) 604ms
web:test:  ✓ app/_features/products/product-classification-panel.spec.tsx (15 tests) 521ms
web:test:  ✓ app/showcase/showcase-pages.spec.tsx (3 tests) 3653ms
web:test:    ✓ showcase pages > renders every design-system behavior family and its semantic headings  938ms
web:test:    ✓ showcase pages > keeps showcase controls live instead of presenting static examples  2693ms
web:test:  ✓ app/_features/supplier-evidence/supplier-document-extraction-panel.spec.tsx (5 tests) 549ms
web:test:  ✓ app/(workspace)/organization/organization-branding-section.spec.tsx (4 tests) 277ms
web:test:  ✓ app/(workspace)/products/sbom-diff-report.spec.tsx (8 tests) 265ms
web:test:  ✓ app/(workspace)/connectors/connector-sync-run-section.spec.tsx (8 tests) 196ms
web:test:  ✓ app/_features/frameworks/coverage-workspace-panel.spec.tsx (9 tests) 466ms
web:test:  ✓ app/(workspace)/onboarding/invitation-manager.spec.tsx (6 tests) 300ms
web:test:  ✓ app/_features/evidence/evidence-retention-panel.spec.tsx (4 tests) 202ms
web:test:  ✓ app/_providers/session-provider.spec.tsx (7 tests) 7086ms
web:test:    ✓ SessionProvider > fails open through the shared menu contract when one request fails  7027ms
web:test:  ✓ app/dashboard/tables/_components/table-components.spec.tsx (6 tests) 308ms
web:test:  ✓ app/_features/vulnerabilities/vulnerability-feed-health.spec.tsx (3 tests) 239ms
web:test:  ✓ app/(workspace)/products/sbom-export-panel.spec.tsx (8 tests) 562ms
web:test:  ✓ app/(workspace)/products/sbom-normalized-document-detail.spec.tsx (13 tests) 704ms
web:test:  ✓ app/_features/findings/finding-vex-export.spec.tsx (4 tests) 265ms
web:test:  ✓ app/_features/findings/finding-remediation.spec.tsx (4 tests) 402ms
web:test:  ✓ app/(auth)/auth-components.spec.tsx (12 tests) 337ms
web:test:  ✓ app/_features/sboms/sboms.queries.spec.tsx (10 tests) 525ms
web:test:  ✓ app/(workspace)/products/products-registry-content.spec.tsx (5 tests) 168ms
web:test:  ✓ app/(workspace)/products/sbom-normalized-documents-panel.spec.tsx (1 test) 86ms
web:test:  ✓ app/_features/evidence/evidence-search-panel.spec.tsx (2 tests) 311ms
web:test:  ✓ app/(auth)/accept-invitation/page.spec.tsx (6 tests) 142ms
web:test:  ✓ app/dashboard/_lib/use-table-query.spec.tsx (6 tests) 433ms
web:test:  ✓ app/_features/frameworks/framework-crosswalk-panel.spec.tsx (3 tests) 160ms
web:test:  ✓ app/(workspace)/security/page.spec.tsx (3 tests) 274ms
web:test:  ✓ app/(workspace)/roles/page.spec.tsx (3 tests) 121ms
web:test:  ✓ app/_features/technical-files/technical-file-snapshots.spec.tsx (4 tests) 118ms
web:test:  ✓ app/_features/reporting/reporting-obligations-content.spec.tsx (4 tests) 149ms
web:test:  ✓ app/(workspace)/connectors/connector-conflicts-section.spec.tsx (5 tests) 149ms
web:test:  ✓ app/_features/frameworks/frameworks.queries.spec.tsx (5 tests) 362ms
web:test:  ✓ app/_features/supplier-evidence/supplier-evidence-sbom-item.spec.tsx (7 tests) 185ms
web:test:  ✓ app/_features/supplier-evidence/supplier-evidence-request-panel.spec.tsx (1 test) 175ms
web:test:  ✓ app/_features/frameworks/custom-frameworks.queries.spec.tsx (7 tests) 310ms
web:test:  ✓ app/(workspace)/products/sbom-quality-report.spec.tsx (27 tests) 423ms
web:test:  ✓ app/_features/supplier-evidence/supplier-evidence-portal.spec.tsx (6 tests) 223ms
web:test:  ✓ app/_providers/providers.spec.tsx (4 tests) 206ms
web:test:  ✓ app/(workspace)/connectors/connector-connection-section.spec.tsx (7 tests) 186ms
web:test:  ✓ app/_features/supplier-evidence/supplier-evidence-reminders-panel.spec.tsx (2 tests) 159ms
web:test:  ✓ app/(workspace)/products/product-create-forms.spec.tsx (2 tests) 268ms
web:test:  ✓ app/(workspace)/products/product-import-section.spec.tsx (4 tests) 282ms
web:test:  ✓ app/(workspace)/products/technical-file-workspace.spec.tsx (5 tests) 305ms
web:test:  ✓ app/_features/evidence/evidence-reuse-panel.spec.tsx (6 tests) 227ms
web:test:  ✓ app/_features/evidence/evidence-watermark-export-panel.spec.tsx (2 tests) 98ms
web:test:  ✓ app/(workspace)/organization/organization-sbom-ci-credentials-section.spec.tsx (2 tests) 119ms
web:test:  ✓ app/_features/products/product-classification-badge.spec.tsx (3 tests) 29ms
web:test:  ✓ app/_features/products/product-owner-selector.spec.tsx (5 tests) 179ms
web:test:  ✓ app/_features/findings/finding-bulk-assessment.spec.tsx (2 tests) 247ms
web:test:  ✓ app/_features/risk-register/risk-register-workspace.spec.tsx (4 tests) 284ms
web:test:  ✓ app/(workspace)/connectors/connector-mapping-section.spec.tsx (4 tests) 226ms
web:test:  ✓ app/_features/findings/finding-assessment.spec.tsx (2 tests) 248ms
web:test:  ✓ app/_components/sidebar/sign-out-button.spec.tsx (3 tests) 165ms
web:test:  ✓ app/_features/technical-files/technical-file-declarations.spec.tsx (2 tests) 97ms
web:test:  ✓ app/(workspace)/management/page.spec.tsx (4 tests) 145ms
web:test:  ✓ app/_features/evidence/evidence-extracted-text.spec.tsx (1 test) 107ms
web:test:  ✓ app/_features/evidence/evidence-library.spec.tsx (1 test) 188ms
web:test:  ✓ app/(workspace)/connectors/connector-dead-letters-section.spec.tsx (3 tests) 118ms
web:test:  ✓ app/_features/products/products.queries.spec.tsx (9 tests) 116ms
web:test:  ✓ app/_features/suppliers/suppliers-registry.spec.tsx (1 test) 138ms
web:test:  ✓ app/_features/invitations/invitations.queries.spec.tsx (4 tests) 46ms
web:test:  ✓ app/_features/vulnerabilities/vulnerability-offline-bundle-import.spec.tsx (2 tests) 305ms
web:test:  ✓ app/(workspace)/products/finding-impact-status.spec.tsx (3 tests) 280ms
web:test:  ✓ app/_features/evidence/evidence-bulk-intake-panel.spec.tsx (1 test) 199ms
web:test:  ✓ app/(workspace)/account/page.spec.tsx (3 tests) 373ms
web:test:  ✓ app/dashboard/organization-theme-provider.spec.tsx (6 tests) 189ms
web:test:  ✓ app/dashboard/_components/dashboard-onboarding-resume.spec.tsx (2 tests) 85ms
web:test:  ✓ app/(workspace)/connectors/connector-detail-content.spec.tsx (4 tests) 120ms
web:test:  ✓ app/_features/reporting/reporting-srp-availability-notice.spec.tsx (1 test) 178ms
web:test:  ✓ app/_features/evidence/evidence-expiry-alert-settings.spec.tsx (1 test) 206ms
web:test:  ✓ app/_features/organizations/organizations.queries.spec.tsx (7 tests) 28ms
web:test:  ✓ app/_features/organizations/active-organization-branding.queries.spec.tsx (2 tests) 55ms
web:test:  ✓ app/(workspace)/layout.spec.tsx (1 test) 82ms
web:test:  ✓ app/(workspace)/products/page.spec.tsx (1 test) 25ms
web:test:  ✓ app/_features/evidence/evidence-validity-status.spec.tsx (2 tests) 119ms
web:test:  ✓ app/_features/findings/finding-responsible-suppliers.spec.tsx (1 test) 63ms
web:test:  ✓ app/_features/session/session.queries.spec.tsx (12 tests) 55ms
web:test:  ✓ app/dashboard/_components/dashboard-onboarding-gate.spec.tsx (2 tests) 37ms
web:test:  ✓ app/_features/findings/finding-impact.queries.spec.tsx (2 tests) 41ms
web:test:  ✓ app/(workspace)/connectors/connector-status.spec.ts (9 tests) 4ms
web:test:  ✓ app/_features/reporting/reporting-rehearsal-notice.spec.tsx (1 test) 124ms
web:test:  ✓ app/(workspace)/products/sbom-diff-route-content.spec.tsx (1 test) 29ms
web:test:  ✓ app/_lib/http/authenticated-request.spec.ts (12 tests) 69ms
web:test:  ✓ middleware.spec.ts (40 tests) 160ms
web:test:  ✓ app/(workspace)/connectors/connectors-registry-content.spec.tsx (2 tests) 41ms
web:test:  ✓ app/_features/products/products.api.spec.ts (9 tests) 58ms
web:test:  ✓ app/_features/frameworks/custom-frameworks.api.spec.ts (5 tests) 18ms
web:test:  ✓ app/_features/sboms/sboms.api.spec.ts (16 tests) 149ms
web:test:  ✓ app/_features/products/product-create-retry.spec.ts (3 tests) 4ms
web:test:  ✓ app/(auth)/_components/auth-actions.spec.ts (17 tests) 32ms
web:test:  ✓ app/_features/reporting/reporting.api.spec.ts (6 tests) 27ms
web:test:  ✓ app/_features/frameworks/controls.api.spec.ts (8 tests) 39ms
web:test:  ✓ app/_features/evidence/evidence.api.spec.ts (14 tests) 31ms
web:test:  ✓ app/_features/organizations/organizations.api.spec.ts (11 tests) 79ms
web:test:  ✓ app/_features/frameworks/frameworks.api.spec.ts (7 tests) 15ms
web:test:  ✓ app/_features/supplier-evidence/supplier-evidence.api.spec.ts (11 tests) 18ms
web:test:  ✓ app/_features/technical-files/technical-file-declarations.api.spec.ts (2 tests) 6ms
web:test:  ✓ app/_features/invitations/invitations.api.spec.ts (4 tests) 18ms
web:test:  ✓ app/_features/vulnerabilities/vulnerabilities.api.spec.ts (6 tests) 27ms
web:test:  ✓ app/_features/vulnerabilities/vulnerability-matching.api.spec.ts (6 tests) 21ms
web:test:  ✓ app/_lib/http/api-client.spec.ts (24 tests) 19ms
web:test:  ✓ app/architecture/fetch-boundaries.spec.ts (2 tests) 786ms
web:test:    ✓ keeps direct fetch calls inside the central transport  781ms
web:test:  ✓ app/architecture/design-rules.spec.ts (7 tests) 1449ms
web:test:    ✓ design-system architecture rules > enforces the UI subpath rule through the web ESLint config  1351ms
web:test:  ✓ app/_features/findings/finding-impact.api.spec.ts (2 tests) 11ms
web:test:  ✓ app/_features/sboms/sbom-file-hash.spec.ts (6 tests) 44ms
web:test:  ✓ app/_features/security/security.api.spec.ts (6 tests) 26ms
web:test:  ✓ app/_features/findings/triage.api.spec.ts (7 tests) 101ms
web:test:  ✓ app/_features/roles/roles.api.spec.ts (5 tests) 16ms
web:test:  ✓ app/_features/sboms/sboms.keys.spec.ts (3 tests) 7ms
web:test:  ✓ app/_features/products/product-classification.api.spec.ts (5 tests) 16ms
web:test:  ✓ mocks/data/table-schemas.spec.ts (15 tests) 11ms
web:test:  ✓ app/_features/risk-register/risk-register.api.spec.ts (2 tests) 11ms
web:test:  ✓ app/_features/products/product-owner-gateway.spec.ts (3 tests) 11ms
web:test:  ✓ app/_features/connectors/connectors.api.spec.ts (4 tests) 14ms
web:test:  ✓ app/_features/technical-files/technical-file-readiness.api.spec.ts (2 tests) 8ms
web:test:  ✓ app/_features/products/product-owner-options.queries.spec.ts (4 tests) 42ms
web:test:  ✓ app/_features/technical-files/technical-file-snapshots.api.spec.ts (2 tests) 10ms
web:test:  ✓ app/_features/session/session-state.spec.ts (6 tests) 7ms
web:test:  ✓ app/_features/members/members.api.spec.ts (3 tests) 9ms
web:test:  ✓ app/_features/account/account.api.spec.ts (2 tests) 17ms
web:test:  ✓ app/_components/sidebar/menu-nav-parity.spec.ts (7 tests) 4ms
web:test:  ✓ app/page.spec.ts (1 test) 4ms
web:test:  ✓ app/_features/suppliers/suppliers.api.spec.ts (3 tests) 4ms
web:test:  ✓ app/_features/session/route-session-state.spec.ts (20 tests) 7ms
web:test:  ✓ app/_features/products/utc-date-time.spec.ts (17 tests) 7ms
web:test:  ✓ app/_features/products/product-classification.queries.spec.ts (2 tests) 6ms
web:test:  ✓ app/_features/technical-files/technical-file-auditor-access.api.spec.ts (1 test) 3ms
web:test:  ✓ app/legacy-dashboard-redirects.spec.ts (1 test) 2ms
web:test:  ✓ app/(workspace)/products/support-period-retention-section.spec.tsx (6 tests) 2ms
web:test: 
web:test:  Test Files  148 passed (148)
web:test:       Tests  947 passed (947)
web:test:    Start at  17:06:11
web:test:    Duration  19.48s (transform 5.03s, setup 0ms, collect 52.46s, tests 53.36s, environment 36.65s, prepare 8.27s)
web:test: 
docs:test: cache hit, replaying logs 507f6a7d57fdb456
docs:test: 
docs:test: > docs@0.0.0 test /Users/abjmac003/Documents/GitHub/CRA/apps/docs
docs:test: > vitest run
docs:test: 
docs:test: 
docs:test:  RUN  v3.2.7 /Users/abjmac003/Documents/GitHub/CRA/apps/docs
docs:test: 
docs:test:  ✓ src/test/config.spec.ts (4 tests) 14ms
docs:test:  ✓ src/test/homepage.spec.tsx (1 test) 884ms
docs:test:    ✓ documentation homepage > renders site identity, navigation, and each product benefit  878ms
docs:test: 
docs:test:  Test Files  2 passed (2)
docs:test:       Tests  5 passed (5)
docs:test:    Start at  11:44:50
docs:test:    Duration  8.19s (transform 173ms, setup 2.00s, collect 2.90s, tests 898ms, environment 4.09s, prepare 1.29s)
docs:test: 

 Tasks:    8 successful, 8 total
Cached:    6 cached, 8 total
  Time:    31.827s 


> CRA@ build /Users/abjmac003/Documents/GitHub/CRA
> turbo run build

• turbo 2.10.8

   • Packages in scope: @repo/contracts, @repo/design-system, @repo/eslint-config, @repo/typescript-config, @repo/ui, api, docs, infrastructure, web
   • Running build in 9 packages
   • Remote caching disabled

@repo/contracts:build: cache hit, replaying logs 7c0f5bed2687b4cf
@repo/contracts:build: 
@repo/contracts:build: > @repo/contracts@0.0.0 build /Users/abjmac003/Documents/GitHub/CRA/packages/contracts
@repo/contracts:build: > tsc
@repo/contracts:build: 
api:build: cache miss, executing b180236338781236
api:build: 
api:build: > api@0.0.1 build /Users/abjmac003/Documents/GitHub/CRA/apps/api
api:build: > nest build
api:build: 
docs:build: cache hit, replaying logs ec295bd98385542d
docs:build: 
docs:build: > docs@0.0.0 build /Users/abjmac003/Documents/GitHub/CRA/apps/docs
docs:build: > docusaurus build
docs:build: 
docs:build: [INFO] [en] Creating an optimized production build...
docs:build: [webpackbar] ℹ Compiling Client
docs:build: [webpackbar] ℹ Compiling Server
docs:build: [webpackbar] ✔ Server: Compiled successfully in 732.94ms
docs:build: [webpackbar] ✔ Client: Compiled successfully in 894.13ms
docs:build: [SUCCESS] Generated static files in "build".
docs:build: [INFO] Use `npm run serve` command to test your build locally.
web:build: cache miss, executing dc167fd293b92be0
web:build: 
web:build: > web@0.1.0 build /Users/abjmac003/Documents/GitHub/CRA/apps/web
web:build: > next build
web:build: 
web:build: ▲ Next.js 16.3.0 (Turbopack)
web:build: - Environments: .env.local
web:build: ✓ Running next.config.js took 7ms
web:build: 
web:build: ⚠ The "middleware" file convention is deprecated. Please use "proxy" instead.
web:build: 
web:build:   To migrate automatically, run:
web:build:   npx @next/codemod@canary middleware-to-proxy .
web:build: 
web:build:   Learn more: https://nextjs.org/docs/messages/middleware-to-proxy
web:build:   Creating an optimized production build ...
web:build: ✓ Compiled successfully in 1672ms
web:build:   Running TypeScript ...
web:build:   Finished TypeScript in 8.2s ...
web:build:   Collecting page data using 9 workers ...
web:build:   Generating static pages using 9 workers (0/41) ...
web:build:   Generating static pages using 9 workers (10/41) 
web:build:   Generating static pages using 9 workers (20/41) 
web:build:   Generating static pages using 9 workers (30/41) 
web:build: ✓ Generating static pages using 9 workers (41/41) in 608ms
web:build:   Finalizing page optimization ...
web:build: 
web:build: Route (app)
web:build: ┌ ○ /
web:build: ├ ○ /_not-found
web:build: ├ ○ /accept-invitation
web:build: ├ ○ /account
web:build: ├ ƒ /api/v1/auditor/redeem
web:build: ├ ƒ /auditor
web:build: ├ ○ /check-email
web:build: ├ ○ /connectors
web:build: ├ ƒ /connectors/[connectorId]
web:build: ├ ○ /dashboard
web:build: ├ ƒ /dashboard/[...slug]
web:build: ├ ○ /dashboard/analytics
web:build: ├ ○ /dashboard/crypto
web:build: ├ ○ /dashboard/project
web:build: ├ ○ /dashboard/tables/basic
web:build: ├ ○ /dashboard/tables/bordered
web:build: ├ ○ /dashboard/tables/splitted
web:build: ├ ○ /dashboard/tables/striped
web:build: ├ ○ /expired
web:build: ├ ○ /findings
web:build: ├ ○ /forgot-password
web:build: ├ ○ /frameworks
web:build: ├ ○ /lock
web:build: ├ ○ /management
web:build: ├ ○ /onboarding
web:build: ├ ○ /organization
web:build: ├ ○ /permissions
web:build: ├ ○ /products
web:build: ├ ƒ /products/[productId]
web:build: ├ ƒ /products/[productId]/evidence
web:build: ├ ƒ /products/[productId]/sboms/[documentId]
web:build: ├ ƒ /products/[productId]/sboms/[documentId]/diff
web:build: ├ ƒ /products/[productId]/technical-file
web:build: ├ ○ /reporting
web:build: ├ ○ /reset-password
web:build: ├ ○ /roles
web:build: ├ ○ /security
web:build: ├ ○ /showcase
web:build: ├ ○ /showcase/charts
web:build: ├ ○ /sign-in
web:build: ├ ○ /sign-up
web:build: ├ ○ /success
web:build: ├ ○ /supplier-evidence
web:build: ├ ○ /suppliers
web:build: ├ ƒ /suppliers/[supplierId]
web:build: ├ ○ /two-factor
web:build: └ ○ /verify
web:build: 
web:build: 
web:build: ƒ Proxy (Middleware)
web:build: 
web:build: ○  (Static)   prerendered as static content
web:build: ƒ  (Dynamic)  server-rendered on demand
web:build: 

 Tasks:    4 successful, 4 total
Cached:    2 cached, 4 total
  Time:    19.971s 

