
> infrastructure@0.0.0 test /Users/abjmac003/Documents/GitHub/CRA/apps/infrastructure
> pnpm run preflight && bash tests/run-sql-tests.sh


> infrastructure@0.0.0 preflight /Users/abjmac003/Documents/GitHub/CRA/apps/infrastructure
> docker info >/dev/null 2>&1 || (echo 'Docker daemon is not running — start Docker Desktop first.' && exit 1)

Running tests/m1-organization-onboarding.test.sql
Timing is off.
CREATE FUNCTION
psql:<stdin>:38: NOTICE:  ok   M1 mutation RPCs are service-role-only and pin search_path
 check 
-------
 
(1 row)

psql:<stdin>:51: NOTICE:  ok   M1 actor foreign keys have covering indexes
 check 
-------
 
(1 row)

BEGIN
psql:<stdin>:216: NOTICE:  ok   atomic create returns one organization identifier
psql:<stdin>:216: NOTICE:  ok   atomic create persists owner profile onboarding and audit together
psql:<stdin>:216: NOTICE:  ok   same idempotency key and canonical payload replay without a duplicate
psql:<stdin>:216: NOTICE:  ok   idempotency key reuse with different data has no identifier oracle
psql:<stdin>:216: NOTICE:  ok   global legal identity conflict exposes no organization identifier
psql:<stdin>:216: NOTICE:  ok   versioned profile update audits redacted contact metadata
psql:<stdin>:216: NOTICE:  ok   cross-tenant switch is a generic not-found result
psql:<stdin>:216: NOTICE:  ok   out-of-order SBOM evidence is recorded without impossible stage advancement
psql:<stdin>:216: NOTICE:  ok   product evidence reconciles contiguous product and prior SBOM stages
psql:<stdin>:216: NOTICE:  ok   unavailable evidence never regresses completed historical onboarding
psql:<stdin>:216: NOTICE:  ok   confirmed invitation delivery completes the final durable onboarding stages once
DO
ROLLBACK
                          result                           
-----------------------------------------------------------
 M1 organization/onboarding integration: ALL CHECKS PASSED
(1 row)

Running tests/m1-tenant-administration.test.sql
Timing is off.
CREATE FUNCTION
 check 
-------
 
(1 row)

psql:<stdin>:41: NOTICE:  ok   tenant-administration tables exist and use RLS without force
psql:<stdin>:103: NOTICE:  ok   mutation RPCs are service-role-only security definers with pinned search paths
 check 
-------
 
(1 row)

 check 
-------
 
(1 row)

psql:<stdin>:115: NOTICE:  ok   tenant export storage is private and browser roles cannot mutate objects
 check 
-------
 
(1 row)

psql:<stdin>:125: NOTICE:  ok   export redaction is stable rather than incorrectly immutable
 check 
-------
 
(1 row)

psql:<stdin>:139: NOTICE:  ok   final materializer uses the business projection and removes replayable fields
 check 
-------
 
(1 row)

psql:<stdin>:161: NOTICE:  ok   artifact inventory freezes storage object identity before byte copying
 check 
-------
 
(1 row)

psql:<stdin>:171: NOTICE:  ok   export completion compares frozen storage identity with copied artifact ledger
BEGIN
psql:<stdin>:870: NOTICE:  ok   new organizations start explicitly unconfigured, active, and with a non-empty unique policy set
psql:<stdin>:870: NOTICE:  ok   lifecycle read returns not_found for an unknown tenant
psql:<stdin>:870: NOTICE:  ok   lifecycle read returns the strict active lifecycle shape
psql:<stdin>:870: NOTICE:  ok   settings update validates the server catalog, versions, audits, and maps safely to the contract
psql:<stdin>:870: NOTICE:  ok   stale or non-catalog settings reject without partial rows or audits
psql:<stdin>:870: NOTICE:  ok   session-policy tightening creates tenant-local revocations
psql:<stdin>:870: NOTICE:  ok   retention updates are evidence-class scoped, versioned, and audited
psql:<stdin>:870: NOTICE:  ok   rejected retention reconcile leaves no partial authoritative facts
psql:<stdin>:870: NOTICE:  ok   retention reconciliation stores deterministic reasons and only raises protection
psql:<stdin>:870: NOTICE:  ok   active legal holds block cleanup at final claim recheck
psql:<stdin>:870: NOTICE:  ok   expired cleanup leases are reclaimable after worker restart
psql:<stdin>:870: NOTICE:  ok   cleanup completion validates and persists each authoritative item result
psql:<stdin>:870: NOTICE:  ok   cleanup completion rejects NULL item results without changing pending items
psql:<stdin>:870: NOTICE:  ok   cleanup completion rejects duplicate item identifiers and requires the exact pending set
psql:<stdin>:870: NOTICE:  ok   cleanup completion persists the exact pending set and leaves no pending item
psql:<stdin>:870: NOTICE:  ok   cleanup final recheck persists all block reasons, audit, and the protected item
psql:<stdin>:870: NOTICE:  ok   expired cleanup lease holders cannot fail current work
psql:<stdin>:870: NOTICE:  ok   export idempotency replays same actor/org/payload and mismatches expose no job id
psql:<stdin>:870: NOTICE:  ok   export jobs claim under a durable lease
psql:<stdin>:870: NOTICE:  ok   export checkpoint rejects progress without a persisted part ledger
psql:<stdin>:870: NOTICE:  ok   export checkpoint rejects duplicate part identities without partial ledger rows
psql:<stdin>:870: NOTICE:  ok   export checkpoint persists resumable parts and increments checkpoint version
psql:<stdin>:870: NOTICE:  ok   invalid artifact hash fails closed without a downloadable completed export
psql:<stdin>:870: NOTICE:  ok   null artifact paths fail closed and cannot create verified exports
psql:<stdin>:870: NOTICE:  ok   same-tenant export-like artifact paths fail closed and cannot download
psql:<stdin>:870: NOTICE:  ok   only the canonical export archive path completes and authorizes download
psql:<stdin>:870: NOTICE:  ok   export manifest file count includes immutable artifact snapshots
psql:<stdin>:870: NOTICE:  ok   expired export lease holders cannot fail current work
psql:<stdin>:870: NOTICE:  ok   export checkpoint rejects an empty zero-progress ledger
psql:<stdin>:870: NOTICE:  ok   export completion can never complete with zero persisted parts
psql:<stdin>:870: NOTICE:  ok   export completion without a materialized snapshot fails durably and audits
psql:<stdin>:870: NOTICE:  ok   export worker operations are tenant isolated
psql:<stdin>:870: NOTICE:  ok   deactivation synchronizes compatibility state, pauses exports, revokes tenant sessions, and audits
psql:<stdin>:870: NOTICE:  ok   destructive grants are one-use and stale transitions reject
psql:<stdin>:870: NOTICE:  ok   recovery before purging returns the lifecycle to active
psql:<stdin>:870: NOTICE:  ok   purge scheduling compares the exact canonical slug and uses server grace
DO
ROLLBACK
BEGIN
psql:<stdin>:941: NOTICE:  ok   final purge recheck persists purge_blocked with every controlling reason and audit
DO
ROLLBACK
BEGIN
psql:<stdin>:1055: NOTICE:  ok   purge claim rechecks authoritative retention and leases eligible work
psql:<stdin>:1055: NOTICE:  ok   expired purge lease holders cannot fail current work
psql:<stdin>:1055: NOTICE:  ok   purge writes minimal proof and artifact work before deleting tenant rows
psql:<stdin>:1055: NOTICE:  ok   deletion proof waits for every private artifact prefix before completing
psql:<stdin>:1055: NOTICE:  ok   post-database artifact work retries durably and completes every private prefix without restoring access
DO
ROLLBACK
BEGIN
psql:<stdin>:1204: NOTICE:  ok   export materialization freezes redacted records, is replay-safe, and binds immutable artifact metadata
psql:<stdin>:1204: NOTICE:  ok   export materialization rejects unsafe org-prefixed storage paths without partial records
psql:<stdin>:1204: NOTICE:  ok   export materialization rejects a snapshot source without a physical mapping
DO
ROLLBACK
 check 
-------
 
(1 row)

psql:<stdin>:1238: NOTICE:  ok   the durable export catalogue includes every registered database source
psql:<stdin>:1250: NOTICE:  ok   every enabled export source has a physical source mapping
 check 
-------
 
(1 row)

BEGIN
psql:<stdin>:1327: NOTICE:  ok   inactive lifecycle deactivated rejects invitation and onboarding atomic paths generically
psql:<stdin>:1327: NOTICE:  ok   inactive lifecycle purge_scheduled rejects invitation and onboarding atomic paths generically
psql:<stdin>:1327: NOTICE:  ok   inactive lifecycle purge_blocked rejects invitation and onboarding atomic paths generically
DO
ROLLBACK
                         result                          
---------------------------------------------------------
 M1 tenant-administration integration: ALL CHECKS PASSED
(1 row)

Running tests/m1-v2-multi-entity-branding.test.sql
Timing is off.
CREATE FUNCTION
 check 
-------
 
(1 row)

psql:<stdin>:39: NOTICE:  ok   V2 tables use RLS without force and browser roles retain no table grants
 check 
-------
 
(1 row)

psql:<stdin>:57: NOTICE:  ok   V2 private branding bucket permits no browser storage policies
psql:<stdin>:62: NOTICE:  ok   legal registration/tax comparison values normalize Unicode whitespace and case
 check 
-------
 
(1 row)

 check 
-------
 
(1 row)

psql:<stdin>:100: NOTICE:  ok   V2 mutation and resolver RPCs are service-role-only security definers with pinned search paths
BEGIN
psql:<stdin>:353: NOTICE:  ok   idempotent legacy backfill creates one inactive needs-completion default without invented profile fields
psql:<stdin>:353: NOTICE:  ok   backfill never skips an orphaned legacy organization and records a system migration actor
psql:<stdin>:353: NOTICE:  ok   create organization atomically includes one complete active default entity
psql:<stdin>:353: NOTICE:  ok   entity create normalizes organization-local identifiers and records an audit fact
psql:<stdin>:353: NOTICE:  ok   legal entity create idempotency replay has no duplicate
psql:<stdin>:353: NOTICE:  ok   cross-tenant legal entity identifiers return generic not-found
psql:<stdin>:353: NOTICE:  ok   unreconciled dependency authorities fail closed before entity deactivation
psql:<stdin>:353: NOTICE:  ok   active product dependency blocks lifecycle with a specific reason
psql:<stdin>:353: NOTICE:  ok   entity lifecycle transition is optimistic, authorized, and audited after dependencies clear
psql:<stdin>:353: NOTICE:  ok   inactive legal entity context is not usable by future product/report owners
psql:<stdin>:353: NOTICE:  ok   unpublished branding resolves to the immutable CRA Sentinel fallback
psql:<stdin>:353: NOTICE:  ok   approved private raster asset and accessible draft publish one immutable branding version
psql:<stdin>:353: NOTICE:  ok   authenticated raster rendering selects the approved draft logo before the immutable published logo
psql:<stdin>:353: NOTICE:  ok   published logo rendering ignores a newer approved draft logo and remains member-scoped
psql:<stdin>:353: NOTICE:  ok   logo removal publishes a new presentation-only version without mutating the old snapshot
DO
ROLLBACK
                           result                           
------------------------------------------------------------
 M1 V2 multi-entity/branding integration: ALL CHECKS PASSED
(1 row)

Running tests/m10-01-framework-packs.test.sql
BEGIN
CREATE EXTENSION
 plan  
-------
 1..44
(1 row)

                 ok                 
------------------------------------
 ok 1 - versioned pack table exists
(1 row)

                   ok                   
----------------------------------------
 ok 2 - stable requirement table exists
(1 row)

                     ok                     
--------------------------------------------
 ok 3 - organization selection table exists
(1 row)

                  ok                   
---------------------------------------
 ok 4 - pack RLS enabled without force
(1 row)

                      ok                      
----------------------------------------------
 ok 5 - requirement RLS enabled without force
(1 row)

                     ok                     
--------------------------------------------
 ok 6 - selection RLS enabled without force
(1 row)

                           ok                            
---------------------------------------------------------
 ok 7 - selection actor foreign key has a covering index
(1 row)

                            ok                             
-----------------------------------------------------------
 ok 8 - mutable selection uses standard updated_at trigger
(1 row)

                         ok                         
----------------------------------------------------
 ok 9 - authenticated cannot read direct selections
(1 row)

                  ok                   
---------------------------------------
 ok 10 - service can read requirements
(1 row)

                          ok                          
------------------------------------------------------
 ok 11 - service cannot mutate immutable requirements
(1 row)

                     ok                      
---------------------------------------------
 ok 12 - runtime service cannot import packs
(1 row)

                      ok                      
----------------------------------------------
 ok 13 - service can execute scoped selection
(1 row)

                   is                    
-----------------------------------------
 ok 14 - unknown tenant and actor denied
(1 row)

                 ok                  
-------------------------------------
 ok 15 - complete Annex I node count
(1 row)

                  ok                  
--------------------------------------
 ok 16 - both Annex I parts are roots
(1 row)

                  ok                   
---------------------------------------
 ok 17 - preorder numbers are complete
(1 row)

CREATE FUNCTION
             is             
----------------------------
 ok 18 - valid pack imports
(1 row)

                    is                    
------------------------------------------
 ok 19 - identical reimport is idempotent
(1 row)

                          lives_ok                          
------------------------------------------------------------
 ok 20 - reordering the same requirement tree is idempotent
(1 row)

                        throws_ok                        
---------------------------------------------------------
 ok 21 - same version with different content is rejected
(1 row)

               throws_ok                
----------------------------------------
 ok 22 - unsupported schema is rejected
(1 row)

                       throws_ok                        
--------------------------------------------------------
 ok 23 - duplicate stable requirement keys are rejected
(1 row)

             throws_ok              
------------------------------------
 ok 24 - missing parent is rejected
(1 row)

         throws_ok         
---------------------------
 ok 25 - cycle is rejected
(1 row)

            throws_ok             
----------------------------------
 ok 26 - HTML payload is rejected
(1 row)

                            ok                             
-----------------------------------------------------------
 ok 27 - failed imports do not append partial requirements
(1 row)

                throws_ok                 
------------------------------------------
 ok 28 - imported text cannot be modified
(1 row)

                       is                       
------------------------------------------------
 ok 29 - a new edition may rename a requirement
(1 row)

                                    ok                                    
--------------------------------------------------------------------------
 ok 30 - stable requirement key survives a display rename across versions
(1 row)

CREATE FUNCTION
CREATE TRIGGER
                 throws_ok                  
--------------------------------------------
 ok 31 - interrupted import raises an error
(1 row)

                              ok                              
--------------------------------------------------------------
 ok 32 - interrupted import leaves no selectable pack version
(1 row)

DROP TRIGGER
SELECT 1
                 ok                  
-------------------------------------
 ok 33 - seeded owner context exists
(1 row)

                       is                       
------------------------------------------------
 ok 34 - owner explicitly selects first version
(1 row)

                        is                         
---------------------------------------------------
 ok 35 - same idempotency key replays first result
(1 row)

                          is                           
-------------------------------------------------------
 ok 36 - idempotency key cannot change command meaning
(1 row)

                 is                 
------------------------------------
 ok 37 - stale revision is rejected
(1 row)

                             is                              
-------------------------------------------------------------
 ok 38 - owner can disable selected pack without deleting it
(1 row)

                             ok                             
------------------------------------------------------------
 ok 39 - disabled selection remains explicit and revisioned
(1 row)

                       ok                       
------------------------------------------------
 ok 40 - both state changes are durably audited
(1 row)

                      is                       
-----------------------------------------------
 ok 41 - actor cannot select in another tenant
(1 row)

INSERT 0 1
                               is                               
----------------------------------------------------------------
 ok 42 - view denial overrides manage grant in scoped selection
(1 row)

                               ok                               
----------------------------------------------------------------
 ok 43 - tenant export registers organization framework choices
(1 row)

                                  ok                                  
----------------------------------------------------------------------
 ok 44 - tenant export materializer locks selections during snapshots
(1 row)

 finish 
--------
(0 rows)

ROLLBACK
Running tests/m10-02-control-library.test.sql
BEGIN
CREATE EXTENSION
 no_plan 
---------
(0 rows)

             ok             
----------------------------
 ok 1 - control heads exist
(1 row)

                    ok                    
------------------------------------------
 ok 2 - immutable control revisions exist
(1 row)

                    ok                     
-------------------------------------------
 ok 3 - exact evidence-version links exist
(1 row)

                  ok                  
--------------------------------------
 ok 4 - version-pinned mappings exist
(1 row)

                ok                 
-----------------------------------
 ok 5 - mapping product set exists
(1 row)

                 ok                  
-------------------------------------
 ok 6 - durable deduplication exists
(1 row)

                  ok                  
--------------------------------------
 ok 7 - atomic control command exists
(1 row)

                        ok                         
---------------------------------------------------
 ok 8 - browser roles cannot create schema objects
(1 row)

                           ok                            
---------------------------------------------------------
 ok 9 - existing immutable framework text remains intact
(1 row)

                         ok                          
-----------------------------------------------------
 ok 10 - existing evidence versions remain available
(1 row)

                       ok                       
------------------------------------------------
 ok 11 - existing M7 snapshots remain available
(1 row)

                       ok                       
------------------------------------------------
 ok 12 - existing audit store remains available
(1 row)

                         ok                         
----------------------------------------------------
 ok 13 - existing selection store remains available
(1 row)

                        ok                        
--------------------------------------------------
 ok 14 - existing product store remains available
(1 row)

                       ok                        
-------------------------------------------------
 ok 15 - existing member store remains available
(1 row)

                      ok                       
-----------------------------------------------
 ok 16 - control RLS is enabled and non-forced
(1 row)

                      ok                       
-----------------------------------------------
 ok 17 - mapping RLS is enabled and non-forced
(1 row)

                                  ok                                  
----------------------------------------------------------------------
 ok 18 - tenant purge cascades explicit control product applicability
(1 row)

                             ok                             
------------------------------------------------------------
 ok 19 - tenant purge cascades exact evidence-version links
(1 row)

                                ok                                 
-------------------------------------------------------------------
 ok 20 - mutable control head uses the standard updated_at trigger
(1 row)

                         ok                         
----------------------------------------------------
 ok 21 - browser role cannot read controls directly
(1 row)

                              ok                               
---------------------------------------------------------------
 ok 22 - service role cannot bypass command for control writes
(1 row)

                       ok                       
------------------------------------------------
 ok 23 - service role can invoke scoped command
(1 row)

                        ok                         
---------------------------------------------------
 ok 24 - browser role cannot invoke scoped command
(1 row)

                                   ok                                    
-------------------------------------------------------------------------
 ok 25 - private implementation cannot be called by runtime service role
(1 row)

                                is                                 
-------------------------------------------------------------------
 ok 26 - five durable control tables are included in tenant export
(1 row)

                               ok                                
-----------------------------------------------------------------
 ok 27 - tenant export snapshots control tables under SHARE lock
(1 row)

SELECT 1
INSERT 0 1
SELECT 1
INSERT 0 1
                                          is                                           
---------------------------------------------------------------------------------------
 ok 28 - valid control ID from another tenant is invisible under selected organization
(1 row)

                                        lives_ok                                        
----------------------------------------------------------------------------------------
 ok 29 - authorized tenant deletion can cascade control history after M1 retention gate
(1 row)

                          is                           
-------------------------------------------------------
 ok 30 - tenant purge leaves no orphan control records
(1 row)

SELECT 1
                           is                           
--------------------------------------------------------
 ok 31 - owner and active product fixture are available
(1 row)

SELECT 1
SELECT 1
INSERT 0 1
UPDATE 1
UPDATE 1
UPDATE 1
                          is                           
-------------------------------------------------------
 ok 32 - rollback-only clean evidence version is ready
(1 row)

CREATE FUNCTION
                                is                                 
-------------------------------------------------------------------
 ok 33 - owner can select the tested pack in rollback-only fixture
(1 row)

                   is                   
----------------------------------------
 ok 34 - cross-tenant command is denied
(1 row)

                       is                        
-------------------------------------------------
 ok 35 - hostile title is rejected before insert
(1 row)

SELECT 1
             is             
----------------------------
 ok 36 - control is created
(1 row)

                       is                       
------------------------------------------------
 ok 37 - created control starts at revision one
(1 row)

                              is                              
--------------------------------------------------------------
 ok 38 - retry of same idempotency key returns stored outcome
(1 row)

                              is                              
--------------------------------------------------------------
 ok 39 - idempotency key cannot be reused for changed content
(1 row)

                       is                       
------------------------------------------------
 ok 40 - replay does not create another control
(1 row)

                            is                             
-----------------------------------------------------------
 ok 41 - malformed product collection returns stable error
(1 row)

CREATE FUNCTION
CREATE TRIGGER
                           throws_ok                            
----------------------------------------------------------------
 ok 42 - audit failure rolls back the security-critical command
(1 row)

DROP TRIGGER
                            is                            
----------------------------------------------------------
 ok 43 - failed audit leaves no partially created control
(1 row)

                 is                 
------------------------------------
 ok 44 - stale revision is rejected
(1 row)

                        is                         
---------------------------------------------------
 ok 45 - status cannot skip in-progress transition
(1 row)

                   is                   
----------------------------------------
 ok 46 - status advances to in progress
(1 row)

                   is                   
----------------------------------------
 ok 47 - status advances to implemented
(1 row)

                     is                      
---------------------------------------------
 ok 48 - backward status change needs reason
(1 row)

                         is                         
----------------------------------------------------
 ok 49 - reasoned backward status change is allowed
(1 row)

                              is                              
--------------------------------------------------------------
 ok 50 - every control state change has an immutable revision
(1 row)

                            is                             
-----------------------------------------------------------
 ok 51 - evidence link cannot substitute a foreign product
(1 row)

SELECT 1
                  is                   
---------------------------------------
 ok 52 - clean exact version is linked
(1 row)

                          is                          
------------------------------------------------------
 ok 53 - duplicate active evidence link is idempotent
(1 row)

SELECT 1
                       is                       
------------------------------------------------
 ok 54 - mapping pins exact requirement version
(1 row)

                            is                             
-----------------------------------------------------------
 ok 55 - mapping has exactly the explicit selected product
(1 row)

                      is                       
-----------------------------------------------
 ok 56 - duplicate mapping has stable identity
(1 row)

                                is                                
------------------------------------------------------------------
 ok 57 - mapping edit cannot retarget stable requirement identity
(1 row)

                       is                        
-------------------------------------------------
 ok 58 - mapping edit creates new historical row
(1 row)

                      ok                       
-----------------------------------------------
 ok 59 - superseded mapping remains as history
(1 row)

                  is                   
---------------------------------------
 ok 60 - control archive is revisioned
(1 row)

                          ok                           
-------------------------------------------------------
 ok 61 - archive preserves exact evidence link history
(1 row)

                            ok                            
----------------------------------------------------------
 ok 62 - archive preserves version-pinned mapping history
(1 row)

                                  ok                                  
----------------------------------------------------------------------
 ok 63 - every state change has durable audit in the same transaction
(1 row)

UPDATE 1
                           ok                            
---------------------------------------------------------
 ok 64 - inactive owner remains visible as ownership gap
(1 row)

 finish 
--------
 1..64
(1 row)

ROLLBACK
Running tests/m10-02-evidence-reuse.test.sql
BEGIN
CREATE EXTENSION
 no_plan 
---------
(0 rows)

                ok                 
-----------------------------------
 ok 1 - reuse RPC remains callable
(1 row)

                    ok                     
-------------------------------------------
 ok 2 - reuse RPC is service-role mediated
(1 row)

                       ok                       
------------------------------------------------
 ok 3 - reuse function has a pinned search path
(1 row)

                         ok                         
----------------------------------------------------
 ok 4 - evidence permission gates the base response
(1 row)

                       ok                        
-------------------------------------------------
 ok 5 - framework permission gates control links
(1 row)

                      ok                       
-----------------------------------------------
 ok 6 - product permission gates control links
(1 row)

                         ok                          
-----------------------------------------------------
 ok 7 - reverse links pin the exact evidence version
(1 row)

                        ok                         
---------------------------------------------------
 ok 8 - reverse links do not reveal other products
(1 row)

                               ok                               
----------------------------------------------------------------
 ok 9 - current projection excludes ended and archived controls
(1 row)

                   is                   
----------------------------------------
 ok 10 - unverified caller fails closed
(1 row)

SELECT 1
                                         is                                          
-------------------------------------------------------------------------------------
 ok 11 - run-scoped fixture has an owner, active product, and clean evidence version
(1 row)

                               ok                               
----------------------------------------------------------------
 ok 12 - reviewed framework version is selected for the fixture
(1 row)

SELECT 1
                         is                         
----------------------------------------------------
 ok 13 - fixture control is created transactionally
(1 row)

                       is                       
------------------------------------------------
 ok 14 - fixture pins exact version and product
(1 row)

                          is                          
------------------------------------------------------
 ok 15 - fixture maps one requirement for the product
(1 row)

SELECT 1
                      is                      
----------------------------------------------
 ok 16 - authorized exact reuse read succeeds
(1 row)

                      is                       
-----------------------------------------------
 ok 17 - one current control link is projected
(1 row)

                        ok                         
---------------------------------------------------
 ok 18 - reverse link keeps exact evidence version
(1 row)

                          is                          
------------------------------------------------------
 ok 19 - only the applicable requirement is projected
(1 row)

                             ok                             
------------------------------------------------------------
 ok 20 - bounded projection reports whether more rows exist
(1 row)

                           ok                            
---------------------------------------------------------
 ok 21 - framework reverse link omits product identifier
(1 row)

                        is                         
---------------------------------------------------
 ok 22 - foreign product substitution fails closed
(1 row)

                                is                                
------------------------------------------------------------------
 ok 23 - different evidence version cannot inherit a reverse link
(1 row)

INSERT 0 1
                                      ok                                      
------------------------------------------------------------------------------
 ok 24 - fixture actor retains evidence and frameworks but loses product view
(1 row)

                                        ok                                         
-----------------------------------------------------------------------------------
 ok 25 - M8 reuse hides control links and continuation when product view is denied
(1 row)

UPDATE 1
INSERT 0 1
                                           is                                            
-----------------------------------------------------------------------------------------
 ok 26 - framework permission denial hides control links while evidence remains readable
(1 row)

UPDATE 1
                  is                   
---------------------------------------
 ok 27 - evidence unlink is revisioned
(1 row)

                                  is                                   
-----------------------------------------------------------------------
 ok 28 - ended evidence link is absent from current reverse projection
(1 row)

                        is                        
--------------------------------------------------
 ok 29 - new exact link can be added after unlink
(1 row)

                  is                   
---------------------------------------
 ok 30 - control archive is revisioned
(1 row)

                                 is                                 
--------------------------------------------------------------------
 ok 31 - archived control is absent from current reverse projection
(1 row)

 finish 
--------
 1..31
(1 row)

ROLLBACK
Running tests/m10-03-coverage-gaps.test.sql
BEGIN
CREATE EXTENSION
 no_plan 
---------
(0 rows)

                         ok                         
----------------------------------------------------
 ok 1 - approved product applicability is persisted
(1 row)

                       ok                       
------------------------------------------------
 ok 2 - coverage recalculation state is durable
(1 row)

                   ok                   
----------------------------------------
 ok 3 - requirement results are durable
(1 row)

                   ok                   
----------------------------------------
 ok 4 - applicability command is atomic
(1 row)

                         ok                         
----------------------------------------------------
 ok 5 - scoped coverage requests notice date expiry
(1 row)

               ok               
--------------------------------
 ok 6 - worker lease is durable
(1 row)

                   ok                   
----------------------------------------
 ok 7 - worker recalculation is durable
(1 row)

                                  ok                                   
-----------------------------------------------------------------------
 ok 8 - coverage summary is bounded and consistent with projected rows
(1 row)

                         ok                          
-----------------------------------------------------
 ok 9 - worker failures have a retryable error state
(1 row)

                            ok                             
-----------------------------------------------------------
 ok 10 - browser roles cannot infer coverage rows directly
(1 row)

                         ok                         
----------------------------------------------------
 ok 11 - browser roles cannot approve applicability
(1 row)

                      ok                      
----------------------------------------------
 ok 12 - service role may call scoped command
(1 row)

                              is                              
--------------------------------------------------------------
 ok 13 - approved applicability participates in tenant export
(1 row)

SELECT 1
                 is                 
------------------------------------
 ok 14 - local owner fixture exists
(1 row)

                    is                    
------------------------------------------
 ok 15 - fixture selects the current pack
(1 row)

                        is                        
--------------------------------------------------
 ok 16 - first read schedules an uncomputed scope
(1 row)

UPDATE 1
SELECT 1
                 is                  
-------------------------------------
 ok 17 - worker claims pending scope
(1 row)

                   is                    
-----------------------------------------
 ok 18 - leased worker computes coverage
(1 row)

                         is                          
-----------------------------------------------------
 ok 19 - all 25 requirement nodes project atomically
(1 row)

                        is                         
---------------------------------------------------
 ok 20 - two Part headings are outside denominator
(1 row)

                        is                         
---------------------------------------------------
 ok 21 - numbered clauses begin as actionable gaps
(1 row)

                 is                  
-------------------------------------
 ok 22 - summary matches detail gaps
(1 row)

SELECT 1
                           is                            
---------------------------------------------------------
 ok 23 - owner may approve a numbered clause with reason
(1 row)

                               is                               
----------------------------------------------------------------
 ok 24 - applicability mutation invalidates prior green results
(1 row)

                       ok                        
-------------------------------------------------
 ok 25 - stale rows cannot produce green summary
(1 row)

                       is                        
-------------------------------------------------
 ok 26 - expected revision updates applicability
(1 row)

                 is                 
------------------------------------
 ok 27 - stale revision is rejected
(1 row)

                            is                            
----------------------------------------------------------
 ok 28 - tenant substitution cannot approve applicability
(1 row)

                          is                           
-------------------------------------------------------
 ok 29 - expected revision zero creates a new approval
(1 row)

SELECT 1
                               is                               
----------------------------------------------------------------
 ok 30 - first applicability command with stable key is applied
(1 row)

                                   is                                   
------------------------------------------------------------------------
 ok 31 - identical retry returns stored result without another revision
(1 row)

                        is                        
--------------------------------------------------
 ok 32 - identical retry does not change revision
(1 row)

SELECT 1
UPDATE 1
                     is                     
--------------------------------------------
 ok 33 - invalidated scope can be reclaimed
(1 row)

                     is                     
--------------------------------------------
 ok 34 - new approval recalculates coverage
(1 row)

                               is                                
-----------------------------------------------------------------
 ok 35 - approved non-applicability is separate from denominator
(1 row)

                              is                               
---------------------------------------------------------------
 ok 36 - structural and excluded nodes are outside denominator
(1 row)

UPDATE 1
                                 is                                  
---------------------------------------------------------------------
 ok 37 - clock boundary expires current coverage before presentation
(1 row)

                             ok                             
------------------------------------------------------------
 ok 38 - clock-expired summary cannot present green results
(1 row)

CREATE FUNCTION
                 is                 
------------------------------------
 ok 39 - expired scope recalculates
(1 row)

SELECT 1
INSERT 0 1
SELECT 1
INSERT 0 1
SELECT 1
SELECT 1
INSERT 0 1
UPDATE 1
UPDATE 1
SELECT 1
                  is                  
--------------------------------------
 ok 40 - mapped evidence recalculates
(1 row)

                                 is                                  
---------------------------------------------------------------------
 ok 41 - implemented control and clean valid version resolve the gap
(1 row)

UPDATE 1
                       is                        
-------------------------------------------------
 ok 42 - quarantine invalidates and recalculates
(1 row)

                         is                          
-----------------------------------------------------
 ok 43 - quarantined evidence becomes a specific gap
(1 row)

UPDATE 1
                     is                      
---------------------------------------------
 ok 44 - unlink invalidates and recalculates
(1 row)

                                is                                
------------------------------------------------------------------
 ok 45 - unlink exposes missing evidence without deleting history
(1 row)

SELECT 1
INSERT 0 1
SELECT 1
INSERT 0 1
INSERT 0 1
                 is                 
------------------------------------
 ok 46 - mixed controls recalculate
(1 row)

                                        is                                        
----------------------------------------------------------------------------------
 ok 47 - unfinished control quarantine does not mask implemented missing evidence
(1 row)

SELECT 1
INSERT 0 1
UPDATE 1
INSERT 0 1
                          is                           
-------------------------------------------------------
 ok 48 - expired evidence invalidates and recalculates
(1 row)

                             is                             
------------------------------------------------------------
 ok 49 - retained but expired evidence is not counted valid
(1 row)

                          is                          
------------------------------------------------------
 ok 50 - summary and detail agree after one exclusion
(1 row)

SELECT 1
INSERT 0 1
UPDATE 1
INSERT 0 1
                          is                          
------------------------------------------------------
 ok 51 - future evidence invalidates and recalculates
(1 row)

                        is                        
--------------------------------------------------
 ok 52 - future-start evidence is an explicit gap
(1 row)

UPDATE 1
SELECT 1
UPDATE 1
                                is                                
------------------------------------------------------------------
 ok 53 - worker leases invalidated source after quarantine clears
(1 row)

                        is                         
---------------------------------------------------
 ok 54 - failed worker records bounded retry state
(1 row)

                        ok                         
---------------------------------------------------
 ok 55 - worker failure never presents stale green
(1 row)

UPDATE 1
                               is                                
-----------------------------------------------------------------
 ok 56 - a new worker reclaims the failed scope and recalculates
(1 row)

                           is                            
---------------------------------------------------------
 ok 57 - fixture disables the pack after a saved command
(1 row)

                              is                              
--------------------------------------------------------------
 ok 58 - same idempotency key replays after selection changes
(1 row)

                          is                           
-------------------------------------------------------
 ok 59 - new approval cannot change a disabled version
(1 row)

 finish 
--------
 1..59
(1 row)

ROLLBACK
Running tests/m10-04-crosswalk-upgrade.test.sql
BEGIN
CREATE EXTENSION
 plan  
-------
 1..31
(1 row)

                  ok                   
---------------------------------------
 ok 1 - curated crosswalk table exists
(1 row)

                 ok                 
------------------------------------
 ok 2 - upgrade review table exists
(1 row)

                  ok                   
---------------------------------------
 ok 3 - upgrade decisions table exists
(1 row)

                           ok                           
--------------------------------------------------------
 ok 4 - rights metadata extends immutable pack versions
(1 row)

                     ok                     
--------------------------------------------
 ok 5 - crosswalk RLS enabled without force
(1 row)

                   ok                    
-----------------------------------------
 ok 6 - review RLS enabled without force
(1 row)

                    ok                     
-------------------------------------------
 ok 7 - decision RLS enabled without force
(1 row)

                        ok                        
--------------------------------------------------
 ok 8 - browser role cannot directly read reviews
(1 row)

                      ok                      
----------------------------------------------
 ok 9 - service role cannot bypass review RPC
(1 row)

             ok              
-----------------------------
 ok 10 - service can preview
(1 row)

                ok                 
-----------------------------------
 ok 11 - service can create review
(1 row)

                 ok                  
-------------------------------------
 ok 12 - service can record decision
(1 row)

                 ok                 
------------------------------------
 ok 13 - service can commit upgrade
(1 row)

                  is                  
--------------------------------------
 ok 14 - unknown actor cannot preview
(1 row)

                     is                     
--------------------------------------------
 ok 15 - unknown actor cannot create review
(1 row)

                 is                  
-------------------------------------
 ok 16 - unknown actor cannot commit
(1 row)

                ok                 
-----------------------------------
 ok 17 - fingerprint helper exists
(1 row)

                      ok                       
-----------------------------------------------
 ok 18 - curated relationships are append-only
(1 row)

CREATE FUNCTION
                   is                   
----------------------------------------
 ok 19 - two source requirements import
(1 row)

                   is                   
----------------------------------------
 ok 20 - two target requirements import
(1 row)

INSERT 0 4
                                is                                
------------------------------------------------------------------
 ok 21 - one source to two targets is split only by curated edges
(1 row)

                                is                                 
-------------------------------------------------------------------
 ok 22 - two sources to one target is merged only by curated edges
(1 row)

                       ok                        
-------------------------------------------------
 ok 23 - uncertain one-way edge remains explicit
(1 row)

                       throws_ok                       
-------------------------------------------------------
 ok 24 - curated strength cannot be silently rewritten
(1 row)

                            throws_ok                            
-----------------------------------------------------------------
 ok 25 - licensed standard key requires explicit rights metadata
(1 row)

                                   is                                   
------------------------------------------------------------------------
 ok 26 - licensed fixture imports only with edition and rights evidence
(1 row)

                          is                          
------------------------------------------------------
 ok 27 - uncertain edge does not create another split
(1 row)

                         throws_ok                         
-----------------------------------------------------------
 ok 28 - table constraint rejects public law without CELEX
(1 row)

                             ok                              
-------------------------------------------------------------
 ok 29 - durable upgrade facts are in tenant export registry
(1 row)

                        ok                        
--------------------------------------------------
 ok 30 - snapshot transaction locks upgrade facts
(1 row)

                            ok                             
-----------------------------------------------------------
 ok 31 - authorized tenant purge cascades review decisions
(1 row)

 finish 
--------
(0 rows)

ROLLBACK
Running tests/m10-04-evidence-crosswalk.test.sql
BEGIN
CREATE EXTENSION
 plan 
------
 1..9
(1 row)

CREATE FUNCTION
              is               
-------------------------------
 ok 1 - source fixture imports
(1 row)

              is               
-------------------------------
 ok 2 - target fixture imports
(1 row)

 m10_import_framework_pack 
---------------------------
 imported
(1 row)

SELECT 1
                     ok                      
---------------------------------------------
 ok 3 - clean scoped evidence fixture exists
(1 row)

           is           
------------------------
 ok 4 - source selected
(1 row)

           is           
------------------------
 ok 5 - target selected
(1 row)

INSERT 0 1
INSERT 0 1
INSERT 0 1
INSERT 0 1
INSERT 0 1
INSERT 0 1
                                    is                                     
---------------------------------------------------------------------------
 ok 6 - valid evidence exposes advisory relation without certifying target
(1 row)

INSERT 0 1
                                   is                                   
------------------------------------------------------------------------
 ok 7 - target product non-applicability independently suppresses reuse
(1 row)

UPDATE 1
INSERT 0 1
                                   is                                   
------------------------------------------------------------------------
 ok 8 - source product non-applicability independently suppresses reuse
(1 row)

INSERT 0 1
INSERT 0 1
INSERT 0 1
INSERT 0 1
INSERT 0 1
                                   is                                    
-------------------------------------------------------------------------
 ok 9 - preview evidence IDs exclude links outside mapping product scope
(1 row)

 finish 
--------
(0 rows)

ROLLBACK
Running tests/m10-04-merged-upgrade.test.sql
BEGIN
CREATE EXTENSION
 plan 
------
 1..8
(1 row)

CREATE FUNCTION
CREATE FUNCTION
             is             
----------------------------
 ok 1 - source pair imports
(1 row)

              is              
------------------------------
 ok 2 - merged target imports
(1 row)

SELECT 1
                            ok                            
----------------------------------------------------------
 ok 3 - two products exist for merged product-scope union
(1 row)

           is           
------------------------
 ok 4 - source selected
(1 row)

INSERT 0 1
INSERT 0 1
INSERT 0 2
INSERT 0 2
SELECT 1
                 is                  
-------------------------------------
 ok 5 - first source review recorded
(1 row)

                  is                  
--------------------------------------
 ok 6 - second source review recorded
(1 row)

                        is                         
---------------------------------------------------
 ok 7 - merged decisions create one target mapping
(1 row)

                             ok                             
------------------------------------------------------------
 ok 8 - merged mapping carries union of both product scopes
(1 row)

 finish 
--------
(0 rows)

ROLLBACK
Running tests/m10-04-upgrade-flow.test.sql
BEGIN
CREATE EXTENSION
 plan  
-------
 1..24
(1 row)

CREATE FUNCTION
                               is                                
-----------------------------------------------------------------
 ok 1 - approved fixture imports without invented EU identifiers
(1 row)

                      is                      
----------------------------------------------
 ok 2 - new immutable fixture edition imports
(1 row)

SELECT 1
                            ok                             
-----------------------------------------------------------
 ok 3 - seeded owner has a product for scoped mapping test
(1 row)

                 is                  
-------------------------------------
 ok 4 - owner selects source edition
(1 row)

                           is                            
---------------------------------------------------------
 ok 5 - ordinary selection rejects silent edition switch
(1 row)

INSERT 0 1
INSERT 0 1
INSERT 0 1
INSERT 0 1
INSERT 0 1
                        is                        
--------------------------------------------------
 ok 6 - curated edge appears only as a suggestion
(1 row)

                    is                     
-------------------------------------------
 ok 7 - diff identifies removed source key
(1 row)

SELECT 1
            ok            
--------------------------
 ok 8 - review is created
(1 row)

                      is                       
-----------------------------------------------
 ok 9 - commit requires every mapping decision
(1 row)

                        is                         
---------------------------------------------------
 ok 10 - failed review leaves old selection usable
(1 row)

                     is                      
---------------------------------------------
 ok 11 - reviewer records explicit successor
(1 row)

                      is                      
----------------------------------------------
 ok 12 - review page returns durable decision
(1 row)

                     is                      
---------------------------------------------
 ok 13 - reviewed upgrade commits atomically
(1 row)

                          is                          
------------------------------------------------------
 ok 14 - selection changes only after reviewed commit
(1 row)

                   ok                   
----------------------------------------
 ok 15 - old mapping remains historical
(1 row)

              ok               
-------------------------------
 ok 16 - new mapping is active
(1 row)

                                 ok                                 
--------------------------------------------------------------------
 ok 17 - product scope is copied without duplicating evidence bytes
(1 row)

                        is                         
---------------------------------------------------
 ok 18 - crosswalk read preserves partial strength
(1 row)

                         is                          
-----------------------------------------------------
 ok 19 - evidence reuse rejects an unrelated version
(1 row)

                     is                      
---------------------------------------------
 ok 20 - commit retry replays durable result
(1 row)

                        ok                         
---------------------------------------------------
 ok 21 - idempotent retry does not duplicate audit
(1 row)

SELECT 1
                      is                      
----------------------------------------------
 ok 22 - reverse upgrade decision is recorded
(1 row)

UPDATE 1
                               is                               
----------------------------------------------------------------
 ok 23 - concurrent control edit invalidates review fingerprint
(1 row)

                                is                                
------------------------------------------------------------------
 ok 24 - conflicted reverse upgrade leaves current version usable
(1 row)

 finish 
--------
(0 rows)

ROLLBACK
Running tests/m10-05-custom-packs.test.sql
BEGIN
CREATE EXTENSION
 plan  
-------
 1..57
(1 row)

                ok                
----------------------------------
 ok 1 - tenant draft table exists
(1 row)

                     ok                     
--------------------------------------------
 ok 2 - immutable pack versions carry owner
(1 row)

                    ok                     
-------------------------------------------
 ok 3 - immutable requirements carry owner
(1 row)

                ok                
----------------------------------
 ok 4 - scoped command RPC exists
(1 row)

              ok               
-------------------------------
 ok 5 - scoped page RPC exists
(1 row)

               ok                
---------------------------------
 ok 6 - scoped detail RPC exists
(1 row)

                   ok                   
----------------------------------------
 ok 7 - draft RLS enabled without force
(1 row)

                        ok                        
--------------------------------------------------
 ok 8 - service role cannot bypass scoped command
(1 row)

                       ok                       
------------------------------------------------
 ok 9 - service role may execute scoped command
(1 row)

                      ok                      
----------------------------------------------
 ok 10 - drafts are included in tenant export
(1 row)

                                  ok                                   
-----------------------------------------------------------------------
 ok 11 - tenant-owned immutable versions are included in tenant export
(1 row)

SELECT 1
CREATE FUNCTION
                      ok                      
----------------------------------------------
 ok 12 - scoped dry-run validation RPC exists
(1 row)

                       ok                        
-------------------------------------------------
 ok 13 - service role may call scoped validation
(1 row)

SELECT 1
                          is                          
------------------------------------------------------
 ok 14 - dry-run accepts a valid document through SQL
(1 row)

                            is                             
-----------------------------------------------------------
 ok 15 - dry-run rejects content disallowed by publication
(1 row)

                          is                           
-------------------------------------------------------
 ok 16 - SQL dry-run identifies invalid metadata field
(1 row)

                           is                           
--------------------------------------------------------
 ok 17 - SQL dry-run identifies invalid hierarchy field
(1 row)

                       is                        
-------------------------------------------------
 ok 18 - SQL dry-run identifies invalid position
(1 row)

                        is                        
--------------------------------------------------
 ok 19 - SQL dry-run identifies duplicate key row
(1 row)

                      is                      
----------------------------------------------
 ok 20 - dry-run requires an authorized actor
(1 row)

                           ok                           
--------------------------------------------------------
 ok 21 - dry-run leaves no pack, draft, or audit writes
(1 row)

SELECT 1
                 is                 
------------------------------------
 ok 22 - tenant creates valid draft
(1 row)

                      is                       
-----------------------------------------------
 ok 23 - duplicate retry returns stored result
(1 row)

                             is                             
------------------------------------------------------------
 ok 24 - new request key deduplicates exact tenant document
(1 row)

                            is                            
----------------------------------------------------------
 ok 25 - duplicate import does not allocate another draft
(1 row)

                  is                  
--------------------------------------
 ok 26 - draft publishes immutable v1
(1 row)

                            ok                             
-----------------------------------------------------------
 ok 27 - published content has owner and no fabricated URL
(1 row)

                    is                    
------------------------------------------
 ok 28 - stale draft revision is rejected
(1 row)

                     is                     
--------------------------------------------
 ok 29 - draft can change after publication
(1 row)

                   is                    
-----------------------------------------
 ok 30 - revision publishes immutable v2
(1 row)

                        ok                        
--------------------------------------------------
 ok 31 - prior published version remains readable
(1 row)

                          is                           
-------------------------------------------------------
 ok 32 - published custom v1 can be initially selected
(1 row)

SELECT 1
                      ok                       
-----------------------------------------------
 ok 33 - review may be prepared before archive
(1 row)

                       is                       
------------------------------------------------
 ok 34 - draft archive keeps immutable versions
(1 row)

                         is                          
-----------------------------------------------------
 ok 35 - archived custom pack blocks upgrade preview
(1 row)

                           is                            
---------------------------------------------------------
 ok 36 - commit rechecks archive after an earlier review
(1 row)

                        is                        
--------------------------------------------------
 ok 37 - archived selected version may be toggled
(1 row)

                            is                             
-----------------------------------------------------------
 ok 38 - archived pack blocks a different selected version
(1 row)

SELECT 1
                         is                          
-----------------------------------------------------
 ok 39 - second custom pack publishes before archive
(1 row)

                   is                    
-----------------------------------------
 ok 40 - unselected pack may be archived
(1 row)

                         is                          
-----------------------------------------------------
 ok 41 - archived custom pack blocks first selection
(1 row)

SELECT 1
                         ok                          
-----------------------------------------------------
 ok 42 - rollback fixture starts as a distinct draft
(1 row)

CREATE FUNCTION
CREATE TRIGGER
                    throws_ok                    
-------------------------------------------------
 ok 43 - audit failure aborts custom publication
(1 row)

DROP TRIGGER
                           ok                           
--------------------------------------------------------
 ok 44 - failed publication leaves no immutable version
(1 row)

                               ok                               
----------------------------------------------------------------
 ok 45 - failed publication preserves draft revision and status
(1 row)

                       throws_ok                        
--------------------------------------------------------
 ok 46 - published custom version rejects direct update
(1 row)

                       throws_ok                        
--------------------------------------------------------
 ok 47 - published custom version rejects direct delete
(1 row)

                         throws_ok                          
------------------------------------------------------------
 ok 48 - published custom requirement rejects direct update
(1 row)

                         throws_ok                          
------------------------------------------------------------
 ok 49 - published custom requirement rejects direct delete
(1 row)

                     ok                     
--------------------------------------------
 ok 50 - owner can reference published pack
(1 row)

                         ok                          
-----------------------------------------------------
 ok 51 - peer tenant cannot reference published pack
(1 row)

                                      throws_ok                                       
--------------------------------------------------------------------------------------
 ok 52 - organization-scoped applicability rejects a peer-owned pack before FK checks
(1 row)

SELECT 1
INSERT 0 1
INSERT 0 1
SELECT 1
                                    is                                    
--------------------------------------------------------------------------
 ok 53 - same portable JSON creates a private draft in a different tenant
(1 row)

                                ok                                
------------------------------------------------------------------
 ok 54 - portable import receives a new server-generated pack key
(1 row)

                                    ok                                    
--------------------------------------------------------------------------
 ok 55 - portable draft is owned by destination tenant with exact content
(1 row)

                                     ok                                      
-----------------------------------------------------------------------------
 ok 56 - portable draft does not copy published versions or control mappings
(1 row)

 m10_import_framework_pack 
---------------------------
 imported
(1 row)

INSERT 0 1
DELETE 1
                          ok                          
------------------------------------------------------
 ok 57 - tenant purge removes owned immutable content
(1 row)

 finish 
--------
(0 rows)

ROLLBACK
Running tests/m2-product-classification-history-authorization.test.sql
BEGIN
CREATE FUNCTION
 check 
-------
 
(1 row)

psql:<stdin>:6: NOTICE:  ok scoped history RPC exists
psql:<stdin>:9: NOTICE:  ok history RPC only executable by service role
 check 
-------
 
(1 row)

psql:<stdin>:68: NOTICE:  ok empty history has bounded valid page
psql:<stdin>:68: NOTICE:  ok history returns exact full immutable run
psql:<stdin>:68: NOTICE:  ok out of range page empty but latest retained
psql:<stdin>:68: NOTICE:  ok foreign or missing product denied
psql:<stdin>:68: NOTICE:  ok tenant substitution denied
psql:<stdin>:68: NOTICE:  ok invalid page denied
psql:<stdin>:68: NOTICE:  ok oversized page denied
psql:<stdin>:68: NOTICE:  ok oversized page number denied
psql:<stdin>:68: NOTICE:  ok null pagination denied
psql:<stdin>:68: NOTICE:  ok revoked read permission denied in database
psql:<stdin>:68: NOTICE:  ok inactive actor denied in database
psql:<stdin>:68: NOTICE:  ok archived retained history readable
psql:<stdin>:68: NOTICE:  ok inactive tenant lifecycle denied
DO
ROLLBACK
Running tests/m2-product-classification-read-load.test.sql
BEGIN
psql:<stdin>:51: NOTICE:  Classification local DB diagnostic: 100 products/1000 runs/30 samples; latest100 p95=1.239ms p99=2.874ms; history15 p95=0.777ms p99=1.675ms
DO
ROLLBACK
Running tests/m2-product-classification.test.sql
BEGIN
CREATE FUNCTION
psql:<stdin>:6: NOTICE:  ok immutable classification history exists
 check 
-------
 
(1 row)

psql:<stdin>:7: NOTICE:  ok actor and exact predecessor FK indexes exist
 check 
-------
 
(1 row)

 check 
-------
 
(1 row)

psql:<stdin>:8: NOTICE:  ok RLS enabled and not forced
 check 
-------
 
(1 row)

psql:<stdin>:10: NOTICE:  ok runtime roles cannot directly access history
 check 
-------
 
(1 row)

psql:<stdin>:13: NOTICE:  ok RPC narrow service grants
psql:<stdin>:28: NOTICE:  ok actual authenticated database access denied
psql:<stdin>:28: NOTICE:  ok service adapter cannot bypass read RPC authorization
DO
psql:<stdin>:29: NOTICE:  ok export source registered
 check 
-------
 
(1 row)

psql:<stdin>:30: NOTICE:  ok export snapshot locks new history
 check 
-------
 
(1 row)

psql:<stdin>:31: NOTICE:  ok retry credentials excluded from export
 check 
-------
 
(1 row)

psql:<stdin>:35: NOTICE:  ok database policy matches shared four-question contract
 check 
-------
 
(1 row)

 check 
-------
 
(1 row)

psql:<stdin>:36: NOTICE:  ok critical branch derives critical
psql:<stdin>:37: NOTICE:  ok class II branch derives important II
 check 
-------
 
(1 row)

psql:<stdin>:38: NOTICE:  ok class I branch derives important I
 check 
-------
 
(1 row)

psql:<stdin>:39: NOTICE:  ok all no derives default
 check 
-------
 
(1 row)

psql:<stdin>:40: NOTICE:  ok scope uncertain preserved
 check 
-------
 
(1 row)

 check 
-------
 
(1 row)

psql:<stdin>:41: NOTICE:  ok class uncertain preserved
 check 
-------
 
(1 row)

psql:<stdin>:42: NOTICE:  ok out of scope preserved
psql:<stdin>:43: NOTICE:  ok hidden stale answer rejected
 check 
-------
 
(1 row)

 check 
-------
 
(1 row)

psql:<stdin>:44: NOTICE:  ok missing answer rejected
psql:<stdin>:45: NOTICE:  ok unknown field rejected
 check 
-------
 
(1 row)

psql:<stdin>:46: NOTICE:  ok malicious answer rejected
 check 
-------
 
(1 row)

CREATE FUNCTION
CREATE TRIGGER
psql:<stdin>:147: NOTICE:  ok viewer cannot publish classification
psql:<stdin>:147: NOTICE:  ok tenant substitution denied
psql:<stdin>:147: NOTICE:  ok missing or foreign product denied
psql:<stdin>:147: NOTICE:  ok caller legal approval denied
psql:<stdin>:147: NOTICE:  ok policy hash mismatch denied
psql:<stdin>:147: NOTICE:  ok invalid branch leaves no run
psql:<stdin>:147: NOTICE:  ok saved explicit result and full provenance
psql:<stdin>:147: NOTICE:  ok malicious-looking rationale remains plain immutable text
psql:<stdin>:147: NOTICE:  ok audit fact atomic and minimal
psql:<stdin>:147: NOTICE:  ok exact retry after restart replays identical run
psql:<stdin>:147: NOTICE:  ok changed retry conflicts
psql:<stdin>:147: NOTICE:  ok stale simultaneous revision conflicts
psql:<stdin>:147: NOTICE:  ok concurrent product edit conflicts
psql:<stdin>:147: NOTICE:  ok rerun retains immutable predecessor
psql:<stdin>:147: NOTICE:  ok viewer reads latest minimal provisional summary
psql:<stdin>:147: NOTICE:  ok bulk mixed tenant product list fails closed
psql:<stdin>:147: NOTICE:  ok bulk duplicate list rejected
psql:<stdin>:147: NOTICE:  ok bulk size bounded
psql:<stdin>:147: NOTICE:  ok revoked permission denies exact replay
psql:<stdin>:147: NOTICE:  ok audit failure leaves no partial run
psql:<stdin>:147: NOTICE:  ok direct update rejected
psql:<stdin>:147: NOTICE:  ok direct delete rejected
psql:<stdin>:147: NOTICE:  ok archived product cannot create run
psql:<stdin>:147: NOTICE:  ok archived history still readable
psql:<stdin>:147: NOTICE:  ok M1 snapshot includes exact immutable history
psql:<stdin>:147: NOTICE:  ok M1 snapshot keeps answers/hash and removes retry credentials
DO
ROLLBACK
Running tests/m2-product-legal-entity-snapshot-compatibility.test.sql
BEGIN
CREATE EXTENSION
 plan 
------
 1..9
(1 row)

                                            is                                             
-------------------------------------------------------------------------------------------
 ok 1 - every product legal-entity snapshot satisfies the strict product response contract
(1 row)

                                                  is                                                   
-------------------------------------------------------------------------------------------------------
 ok 2 - list_products projections cannot emit null legal-entity fields required by the shared contract
(1 row)

                                            is                                             
-------------------------------------------------------------------------------------------
 ok 3 - every release legal-entity snapshot satisfies the strict release response contract
(1 row)

                                                  is                                                   
-------------------------------------------------------------------------------------------------------
 ok 4 - list_releases projections cannot emit null legal-entity fields required by the shared contract
(1 row)

SELECT 1
UPDATE 1
                                      is                                       
-------------------------------------------------------------------------------
 ok 5 - the local fixture contains malformed and preserved snapshot candidates
(1 row)

UPDATE 1
UPDATE 1
UPDATE 1
UPDATE 1
UPDATE 1
                                         ok                                          
-------------------------------------------------------------------------------------
 ok 6 - an inactive entity with complete fields repairs a malformed product snapshot
(1 row)

                                         ok                                          
-------------------------------------------------------------------------------------
 ok 7 - an inactive entity with complete fields repairs a malformed release snapshot
(1 row)

                              ok                              
--------------------------------------------------------------
 ok 8 - a valid historical product snapshot remains unchanged
(1 row)

                              ok                              
--------------------------------------------------------------
 ok 9 - a valid historical release snapshot remains unchanged
(1 row)

 finish 
--------
(0 rows)

ROLLBACK
Running tests/m2-product-release-registry.test.sql
BEGIN
CREATE EXTENSION
 plan  
-------
 1..11
(1 row)

          has_table           
------------------------------
 ok 1 - products table exists
(1 row)

              has_table               
--------------------------------------
 ok 2 - product releases table exists
(1 row)

               has_table                
----------------------------------------
 ok 3 - assignment history table exists
(1 row)

                   has_table                   
-----------------------------------------------
 ok 4 - lifecycle dependency projection exists
(1 row)

               ok                
---------------------------------
 ok 5 - products has RLS enabled
(1 row)

             table_privs_are              
------------------------------------------
 ok 6 - anon has no products table grants
(1 row)

                     ok                     
--------------------------------------------
 ok 7 - browser role cannot create products
(1 row)

                     ok                      
---------------------------------------------
 ok 8 - browser role cannot archive releases
(1 row)

                  has_index                  
---------------------------------------------
 ok 9 - product list pagination index exists
(1 row)

                  has_index                   
----------------------------------------------
 ok 10 - release list pagination index exists
(1 row)

                                 has_index                                  
----------------------------------------------------------------------------
 ok 11 - internal code uniqueness remains organization-scoped and permanent
(1 row)

 finish 
--------
(0 rows)

ROLLBACK
Running tests/m2-release-snapshot-backfill.test.sql
BEGIN
CREATE EXTENSION
 plan 
------
 1..3
(1 row)

                                  ok                                  
----------------------------------------------------------------------
 ok 1 - known release has a complete legal-entity snapshot if present
(1 row)

                                   ok                                    
-------------------------------------------------------------------------
 ok 2 - repaired release retains the exact same-version product snapshot
(1 row)

                                ok                                 
-------------------------------------------------------------------
 ok 3 - repair audit is unique and binds the exact snapshot digest
(1 row)

 finish 
--------
(0 rows)

ROLLBACK
Running tests/m2-v1-finding-impact-propagation.test.sql
Timing is off.
CREATE FUNCTION
psql:<stdin>:75: NOTICE:  ok   finding propagation owns exactly the durable source, impact, override, and job records
 check 
-------
 
(1 row)

BEGIN
psql:<stdin>:435: NOTICE:  ok   registering an opaque source creates one tenant-scoped durable job
psql:<stdin>:435: NOTICE:  ok   release-scoped source pages are bounded and replay without duplicate jobs
psql:<stdin>:435: NOTICE:  ok   a due job is exclusively leased with a checkpoint
psql:<stdin>:435: NOTICE:  ok   one persisted page produces one source-to-product association without analyst cloning
psql:<stdin>:435: NOTICE:  ok   a product-specific exception is a separate audited override rather than a copied assessment
psql:<stdin>:435: NOTICE:  ok   ending an override is versioned, idempotent, and never silently replaces the reason
psql:<stdin>:435: NOTICE:  ok   resolving a source closes active impacts and records an idempotent terminal job
psql:<stdin>:435: NOTICE:  ok   cross-tenant update collapses an intermediate foreign source to not found
psql:<stdin>:435: NOTICE:  ok   stale graph work is terminally obsoleted instead of retried or dead-lettered
psql:<stdin>:435: NOTICE:  ok   an active baseline-scoped finding blocks baseline archive through its published lifecycle fact
psql:<stdin>:435: NOTICE:  ok   a baseline membership event on product B fans out active baseline sources detected on product A
psql:<stdin>:435: NOTICE:  ok   the fan-out fixture ends only its own release-aware membership before archival checks
psql:<stdin>:435: NOTICE:  ok   archived finding history remains retained while its inactive dependency fact permits controlled baseline archive
DO
ROLLBACK
Running tests/m2-v1-product-import.test.sql
Timing is off.
CREATE FUNCTION
CREATE FUNCTION
psql:<stdin>:32: NOTICE:  ok   import storage and the minimal two-table model are installed
 check 
-------
 
(1 row)

psql:<stdin>:41: NOTICE:  ok   import state is service-only and indexed
 check 
-------
 
(1 row)

 check 
-------
 
(1 row)

BEGIN
psql:<stdin>:49: NOTICE:  ok   browser roles cannot execute import coordination
DO
ROLLBACK
BEGIN
DO
ROLLBACK
BEGIN
DO
ROLLBACK
BEGIN
DO
ROLLBACK
BEGIN
DO
ROLLBACK
BEGIN
DO
ROLLBACK
BEGIN
DO
ROLLBACK
BEGIN
DO
ROLLBACK
psql:<stdin>:385: NOTICE:  ok   import query plans remain tenant- and import-index bounded
 check 
-------
 
(1 row)

Running tests/m2-v1-release-market-lifecycle.test.sql
Timing is off.
CREATE FUNCTION
psql:<stdin>:37: NOTICE:  ok   the minimal regulatory model creates four RLS-protected tables only
 check 
-------
 
(1 row)

 check 
-------
 
(1 row)

psql:<stdin>:46: NOTICE:  ok   audit history is append-only at the service-role boundary
psql:<stdin>:73: NOTICE:  ok   regulatory RPCs are service-role-only security definers with pinned search paths
 check 
-------
 
(1 row)

psql:<stdin>:93: NOTICE:  ok   one active versioned EU-27 reference set contains exactly 27 canonical codes
 check 
-------
 
(1 row)

psql:<stdin>:102: NOTICE:  ok   dependency facts bind a release to the stated product and organization
 check 
-------
 
(1 row)

psql:<stdin>:140: NOTICE:  ok   regulatory evidence tables are registered in organization exports
 check 
-------
 
(1 row)

BEGIN
CREATE FUNCTION
CREATE TRIGGER
psql:<stdin>:779: NOTICE:  ok   release JSON uses the V1 lifecycle contract and warns when availability is empty
psql:<stdin>:779: NOTICE:  ok   member-state RPC returns the exact versioned response envelope
psql:<stdin>:779: NOTICE:  ok   new release has an empty market-availability response envelope
psql:<stdin>:779: NOTICE:  ok   placement without availability is rejected, audited, and leaves no outbox event
psql:<stdin>:779: NOTICE:  ok   development availability add writes projection/audit/outbox atomically
psql:<stdin>:779: NOTICE:  ok   unsupported Member States fail closed without an aggregate write
psql:<stdin>:779: NOTICE:  ok   null aggregate versions fail closed instead of bypassing optimistic locking
psql:<stdin>:779: NOTICE:  ok   database transition boundary rejects non-UTC-Z timestamp text
psql:<stdin>:779: NOTICE:  ok   future placement timestamps fail closed
psql:<stdin>:779: NOTICE:  ok   placement cannot predate product creation
psql:<stdin>:779: NOTICE:  ok   audit persistence failure rolls back release and outbox together
psql:<stdin>:779: NOTICE:  ok   placement succeeds with active availability and emits audit-backed timeline/retention evidence
psql:<stdin>:779: NOTICE:  ok   availability changes after placement require a meaningful reason
psql:<stdin>:779: NOTICE:  ok   reasoned post-market add succeeds
psql:<stdin>:779: NOTICE:  ok   market correction records distinct before/after audit snapshots
psql:<stdin>:779: NOTICE:  ok   market removal closes the projection and current reads exclude the removed state
psql:<stdin>:779: NOTICE:  ok   placed release advances to in-support
psql:<stdin>:779: NOTICE:  ok   placed-date correction preserves before/after audit values and emits recalculation evidence
psql:<stdin>:779: NOTICE:  ok   stale transition is rejected and audited without changing lifecycle
psql:<stdin>:779: NOTICE:  ok   support can end only through the forward edge
psql:<stdin>:779: NOTICE:  ok   withdrawal requires a reason at the database boundary
psql:<stdin>:779: NOTICE:  ok   reasoned withdrawal succeeds without erasing regulatory history
psql:<stdin>:779: NOTICE:  ok   withdrawn is terminal
psql:<stdin>:779: NOTICE:  ok   lifecycle timeline is rebuilt from immutable audit actions in a strict response envelope
psql:<stdin>:779: NOTICE:  ok   release archival requires withdrawn state
psql:<stdin>:779: NOTICE:  ok   a retired country entry is rejected even when its canonical code is known
psql:<stdin>:779: NOTICE:  ok   a retired-only availability projection cannot satisfy placement
psql:<stdin>:779: NOTICE:  ok   the release invariant trigger also rejects retired-only placement
psql:<stdin>:779: NOTICE:  ok   one release can record every supported Member State through optimistic commands
psql:<stdin>:779: NOTICE:  ok   a retired reference entry does not block removal of its active projection
psql:<stdin>:779: NOTICE:  ok   a retired from-entry can be corrected to an active reference entry
psql:<stdin>:779: NOTICE:  ok   composite dependency foreign key rejects a release belonging to another product
psql:<stdin>:779: NOTICE:  ok   legacy preflight aborts on released or retired rows before lifecycle alteration
psql:<stdin>:779: NOTICE:  ok   cross-tenant product and release identifiers return generic not-found
psql:<stdin>:779: NOTICE:  ok   retired-reference removal remains tenant isolated
psql:<stdin>:779: NOTICE:  ok   retired-reference correction remains tenant isolated
DO
ROLLBACK
Running tests/m2-v1-support-period-retention-alerts.test.sql
Timing is off.
CREATE FUNCTION
psql:<stdin>:26: NOTICE:  ok   support-period decisions are service-role-only and retain active-scope and idempotency indexes
 check 
-------
 
(1 row)

BEGIN
psql:<stdin>:143: NOTICE:  ok   valid support decision persists an immutable first revision with three default schedules
psql:<stdin>:143: NOTICE:  ok   same support command idempotency key replays without another decision
psql:<stdin>:143: NOTICE:  ok   reusing an idempotency key with a different legal decision fails closed
psql:<stdin>:143: NOTICE:  ok   retention reads are pure and explicitly report missing placed-on-market input
psql:<stdin>:143: NOTICE:  ok   superseding preserves history, obsoletes old schedules, and creates exactly three new schedules
DO
ROLLBACK
Running tests/m2-v1-variants-hierarchy-finding-propagation.test.sql
Timing is off.
CREATE FUNCTION
psql:<stdin>:40: NOTICE:  ok   relationship records are service-role-only and retain active adjacency indexes
 check 
-------
 
(1 row)

BEGIN
psql:<stdin>:397: NOTICE:  ok   baseline creation writes the first immutable revision
psql:<stdin>:397: NOTICE:  ok   release-aware baseline membership is recorded
psql:<stdin>:397: NOTICE:  ok   baseline revision does not rewrite prior release applicability
psql:<stdin>:397: NOTICE:  ok   baseline-source variant is release aware and advances graph version
psql:<stdin>:397: NOTICE:  ok   a non-member cannot read an allowed component preview
psql:<stdin>:397: NOTICE:  ok   allowed preview is an API-success outcome
psql:<stdin>:397: NOTICE:  ok   embedded component link is durable and graph-versioned
psql:<stdin>:397: NOTICE:  ok   component preview rejects a direct graph cycle before persistence
psql:<stdin>:397: NOTICE:  ok   a release-scoped component link excludes other child releases
psql:<stdin>:397: NOTICE:  ok   the matching child release reaches its parent
psql:<stdin>:397: NOTICE:  ok   one-item propagation pages return every candidate exactly once
psql:<stdin>:397: NOTICE:  ok   product-wide scope crosses a downstream release-specific edge
psql:<stdin>:397: NOTICE:  ok   mixed-scope candidate paths stay tenant-scoped, acyclic, and bounded
psql:<stdin>:397: NOTICE:  ok   candidate cursor must be canonical
psql:<stdin>:397: NOTICE:  ok   resolver returns candidate variants without claiming finding applicability
psql:<stdin>:397: NOTICE:  ok   relationship mutation enqueues one auditable graph-change event under replay
psql:<stdin>:397: NOTICE:  ok   relationship history filters and represents obsolete graph events without private payloads
psql:<stdin>:397: NOTICE:  ok   baseline archival is blocked while active membership or variant remains
DO
ROLLBACK
psql:<stdin>:420: NOTICE:  ok   relationship graph event leasing functions are security-definer, pinned, and service-role-only
 check 
-------
 
(1 row)

BEGIN
psql:<stdin>:695: NOTICE:  ok   a scheduled relationship graph event with no due time claims exclusively and stays tenant-scoped
psql:<stdin>:695: NOTICE:  ok   an expired relationship graph lease is reclaimed with a new owner and checkpoint
psql:<stdin>:695: NOTICE:  ok   completion requires the matching organization, owner, and checkpoint, then is idempotent for replay
psql:<stdin>:695: NOTICE:  ok   a retryable relationship graph event clears its lease and receives bounded backoff
psql:<stdin>:695: NOTICE:  ok   nonretryable and exhausted relationship graph events become dead letters without source payload logs
psql:<stdin>:695: NOTICE:  ok   a final graph-event checkpoint is idempotent after the worker loses its first response
psql:<stdin>:695: NOTICE:  ok   relationship graph lease commands reject invalid lease arguments
DO
ROLLBACK
Running tests/m2-v2-connector-sync.test.sql
Timing is off.
CREATE FUNCTION
CREATE FUNCTION
 check 
-------
 
(1 row)

psql:<stdin>:44: NOTICE:  ok   connector sync introduces exactly the eight expected tables
psql:<stdin>:67: NOTICE:  ok   every connector sync table has RLS enabled without forcing it and no browser/public grants
 check 
-------
 
(1 row)

 check 
-------
 
(1 row)

psql:<stdin>:96: NOTICE:  ok   every connector sync RPC is a service-role-only security definer with pinned search_path
 check 
-------
 
(1 row)

psql:<stdin>:104: NOTICE:  ok   the sync-run transition trigger helper is service-role-only despite being security definer
psql:<stdin>:129: NOTICE:  ok   connector sync helper functions are never callable by browser roles
 check 
-------
 
(1 row)

psql:<stdin>:135: NOTICE:  ok   claiming is organization-scoped and the global overload no longer exists
 check 
-------
 
(1 row)

 check 
-------
 
(1 row)

psql:<stdin>:141: NOTICE:  ok   authority-policy persistence requires the digest-bearing overload
 check 
-------
 
(1 row)

psql:<stdin>:147: NOTICE:  ok   embedded hierarchy is an explicit policy-controlled product field, not an ungoverned payload key
psql:<stdin>:170: NOTICE:  ok   connector foreign-key paths have the required supporting indexes
 check 
-------
 
(1 row)

psql:<stdin>:189: NOTICE:  ok   a sync conflict is anchored to exactly one tenant-scoped external identity or plan item
 check 
-------
 
(1 row)

psql:<stdin>:206: NOTICE:  ok   connector creation has an additive request-digest idempotency invariant
 check 
-------
 
(1 row)

psql:<stdin>:217: NOTICE:  ok   connector hardening constraints protect historical rows as well as new writes
 check 
-------
 
(1 row)

 check 
-------
 
(1 row)

psql:<stdin>:226: NOTICE:  ok   a protected field can never be persisted as external_authoritative
BEGIN
psql:<stdin>:870: NOTICE:  ok   malformed scalar conflict values fail before product mutation rather than being JSON-stringified
psql:<stdin>:870: NOTICE:  ok   connector creation succeeds
psql:<stdin>:870: NOTICE:  ok   the database rejects a keyed connector without its request digest
psql:<stdin>:870: NOTICE:  ok   the database rejects a request digest without its connector key
psql:<stdin>:870: NOTICE:  ok   historical connectors may retain an entirely absent idempotency pair
psql:<stdin>:870: NOTICE:  ok   connector creation replays the same durable row and cursor for an identical idempotency key
psql:<stdin>:870: NOTICE:  ok   a reused connector idempotency key with a different request is rejected without another connector
psql:<stdin>:870: NOTICE:  ok   secret set succeeds and never echoes the value
psql:<stdin>:870: NOTICE:  ok   the resolved secret round-trips through pgcrypto
psql:<stdin>:870: NOTICE:  ok   decrypting the secret with the wrong key fails loudly rather than returning garbage
psql:<stdin>:870: NOTICE:  ok   the read-only authority preview returns the digest the persistence path requires
psql:<stdin>:870: NOTICE:  ok   field authority policy upsert succeeds
psql:<stdin>:870: NOTICE:  ok   a preview digest becomes stale after the active authority policy version changes
psql:<stdin>:870: NOTICE:  ok   the RPC rejects protected+external_authoritative as invalid_request before it ever reaches the DB constraint
psql:<stdin>:870: NOTICE:  ok   the DB CHECK constraint independently rejects protected+external_authoritative even bypassing the RPC
psql:<stdin>:870: NOTICE:  ok   embedded hierarchy has an explicit versioned parentExternalId authority policy
psql:<stdin>:870: NOTICE:  ok   the existing M2 embedded-edge preview accepts connector provenance
psql:<stdin>:870: NOTICE:  ok   the existing M2 embedded-edge create accepts connector provenance
psql:<stdin>:870: NOTICE:  ok   linking a fresh external identity succeeds
psql:<stdin>:870: NOTICE:  ok   a second active mapping for the same external id under the same connector is structurally blocked, never auto-merged
psql:<stdin>:870: NOTICE:  ok   the external parent identity is linked in the same connector and tenant
psql:<stdin>:870: NOTICE:  ok   an external identifier linked in one tenant is invisible when queried from another tenant
psql:<stdin>:870: NOTICE:  ok   begin_sync_run_atomic queues a dry run
psql:<stdin>:870: NOTICE:  ok   connector exclusivity blocks a second non-terminal run for the same connector
psql:<stdin>:870: NOTICE:  ok   a freshly created connector has no cursor yet
psql:<stdin>:870: NOTICE:  ok   claim_sync_run claims the queued dry run
psql:<stdin>:870: NOTICE:  ok   saving a plan with an open conflict routes the run to waiting_for_review, never straight to completed
psql:<stdin>:870: NOTICE:  ok   the run envelope exposes the server-authoritative plan row count for a stale-preview commit guard
psql:<stdin>:870: NOTICE:  ok   the durable plan persists only the canonical structured SyncFieldDiff shape
psql:<stdin>:870: NOTICE:  ok   the policy preview derives bounded create/update counts and samples from the latest unexpired dry run
psql:<stdin>:870: NOTICE:  ok   commit is blocked while a conflict is still open
psql:<stdin>:870: NOTICE:  ok   the conflict record carries both values, sources, and the permitted actions
psql:<stdin>:870: NOTICE:  ok   resolving with a stale expected version is rejected as a conflict, not silently applied
psql:<stdin>:870: NOTICE:  ok   resolving with the correct expected version succeeds
psql:<stdin>:870: NOTICE:  ok   resolving an open conflict decrements the run conflict count once without discarding conflict history
psql:<stdin>:870: NOTICE:  ok   a plan-bound hierarchy conflict still blocks commit after an unrelated field was resolved
psql:<stdin>:870: NOTICE:  ok   a first-seen child hierarchy conflict is plan-bound and serializes a nullable externalIdentityId
psql:<stdin>:870: NOTICE:  ok   the plan-bound first-seen hierarchy conflict accepts only after its target plan is durable
psql:<stdin>:870: NOTICE:  ok   resolving the final open conflict makes the persisted run count zero for the commit control
psql:<stdin>:870: NOTICE:  ok   commit can be requested once every conflict is resolved
psql:<stdin>:870: NOTICE:  ok   claim_sync_run claims the queued commit phase
psql:<stdin>:870: NOTICE:  ok   the claimed commit remains running until the durable commit transaction finishes
psql:<stdin>:870: NOTICE:  ok   commit applies the plan and completes the run
psql:<stdin>:870: NOTICE:  ok   a keep_cra resolution suppresses that field while the same conflict item still applies independent allowed field diffs
psql:<stdin>:870: NOTICE:  ok   the plan-item create action actually created the product via the existing ProductUseCases-backed RPC, not a bespoke write path
psql:<stdin>:870: NOTICE:  ok   a committed create atomically persists the tenant-and-connector-scoped external identity for repeatable future syncs
psql:<stdin>:870: NOTICE:  ok   a plan-bound first-seen hierarchy conflict creates the connector-owned edge only after materializing the unique parent and child identities
psql:<stdin>:870: NOTICE:  ok   cursor only advances after a durable commit
psql:<stdin>:870: NOTICE:  ok   a hierarchy dry run starts after the first product identity has materialized
psql:<stdin>:870: NOTICE:  ok   the organization-scoped worker claims the hierarchy dry run
psql:<stdin>:870: NOTICE:  ok   an existing mapped child with an external parent is held for an explicit hierarchy conflict review
psql:<stdin>:870: NOTICE:  ok   the hierarchy conflict is bound to the mapped child external identity and retains policy provenance
psql:<stdin>:870: NOTICE:  ok   a reviewed hierarchy manual value is accepted for the explicitly mapped CRA parent
psql:<stdin>:870: NOTICE:  ok   the reviewed hierarchy plan can be committed
psql:<stdin>:870: NOTICE:  ok   the hierarchy commit phase is claimed
psql:<stdin>:870: NOTICE:  ok   the reviewed hierarchy commit completes atomically with its cursor advance
psql:<stdin>:870: NOTICE:  ok   hierarchy application creates only the connector-owned parent-to-child embedded edge with bounded provenance
psql:<stdin>:870: NOTICE:  ok   the exclusivity slot is released once the prior run reaches a terminal state
psql:<stdin>:870: NOTICE:  ok   a plan item targeting a nonexistent product does not silently skip -- the whole commit rolls back and the run is retrying/failed
psql:<stdin>:870: NOTICE:  ok   a failed commit never advances the durable cursor past the last successful one
psql:<stdin>:870: NOTICE:  ok   a privileged retry preserves a failed commit phase and its retry history for durable replay
psql:<stdin>:870: NOTICE:  ok   the retried failed commit is claimed as a commit rather than re-planned as a dry run
psql:<stdin>:870: NOTICE:  ok   replaying a failed commit preserves the original plan rather than inserting duplicate plan items or conflicts
DO
ROLLBACK
 check 
-------
 
(1 row)

psql:<stdin>:879: NOTICE:  ok   the existing product-relationship cycle guard function still exists and is reusable by a future sync dispatch
Running tests/m2-v2-substantial-modifications-security-update-artifacts.test.sql
Timing is off.
CREATE FUNCTION
 check 
-------
 
(1 row)

psql:<stdin>:32: NOTICE:  ok   M2 V2 introduces exactly the three retained product evidence tables
 check 
-------
 
(1 row)

psql:<stdin>:63: NOTICE:  ok   M2 V2 tables use RLS without forcing it and have no browser or public grants
psql:<stdin>:84: NOTICE:  ok   M2 V2 tenant FKs bind assessment joins and artifacts to the declared product release
 check 
-------
 
(1 row)

psql:<stdin>:112: NOTICE:  ok   tenant deletion defers M2 and upstream product legal-entity dependency checks without cascading direct deletes
 check 
-------
 
(1 row)

psql:<stdin>:131: NOTICE:  ok   assessment drafts retain the locked narrative columns and JSON builders keep nullable keys
 check 
-------
 
(1 row)

psql:<stdin>:186: NOTICE:  ok   M2 V2 commands are service-role-only security definers with pinned search paths
 check 
-------
 
(1 row)

psql:<stdin>:217: NOTICE:  ok   new M2 V2 security-definer helpers and guards are never executable by browser roles
 check 
-------
 
(1 row)

psql:<stdin>:248: NOTICE:  ok   artifact bucket is private and lifecycle/export/retention links are registered
 check 
-------
 
(1 row)

psql:<stdin>:272: NOTICE:  ok   M2 V2 final RPC surface drops wrapper-era base functions and scopes the metrics snapshot
 check 
-------
 
(1 row)

BEGIN
psql:<stdin>:1011: NOTICE:  ok   draft assessments retain nullable partial fields and cannot be reviewed before completion
psql:<stdin>:1011: NOTICE:  ok   assessment creation uses a release join without recording narrative in audit facts
psql:<stdin>:1011: NOTICE:  ok   reviewed potentially substantial assessment projects an active lifecycle dependency fact
psql:<stdin>:1011: NOTICE:  ok   reassessment supersedes instead of overwriting and deactivates the prior fact
psql:<stdin>:1011: NOTICE:  ok   foreign tenant assessment probes collapse to stable not found
psql:<stdin>:1011: NOTICE:  ok   same verified content can back multiple immutable release artifact records
psql:<stdin>:1011: NOTICE:  ok   finalized approved artifact publishes with an active availability dependency fact
psql:<stdin>:1011: NOTICE:  ok   artifact content identity remains immutable after reservation and finalization
psql:<stdin>:1011: NOTICE:  ok   support-period recalculation cannot lower an established availability window
psql:<stdin>:1011: NOTICE:  ok   external references persist only validated inspection sources, require verification, and cannot swap at publication
psql:<stdin>:1011: NOTICE:  ok   external monitor blocks changed content and never reactivates an expired artifact
psql:<stdin>:1011: NOTICE:  ok   early withdrawal requires and records an approved published replacement with equal availability
psql:<stdin>:1011: NOTICE:  ok   cleanup is recorded through the reused idempotent regulatory outbox
psql:<stdin>:1011: NOTICE:  ok   an issue date outside the support period reserves as availability-blocked
psql:<stdin>:1011: NOTICE:  ok   publishing an artifact issued outside the support period is blocked
psql:<stdin>:1011: NOTICE:  ok   finalizing a missing storage object records unavailable integrity
psql:<stdin>:1011: NOTICE:  ok   a same-version artifact with different content reserves as its own record
psql:<stdin>:1011: NOTICE:  ok   a concurrent duplicate active modification collapses to a conflict outcome
psql:<stdin>:1011: NOTICE:  ok   metrics snapshot counts backlog, flagged determinations, and quarantine without false positives
psql:<stdin>:1011: NOTICE:  ok   worker effects resolve a current active org authority and retain source provenance
psql:<stdin>:1011: NOTICE:  ok   worker effects remain retryable when no active owner or admin can authorize them
psql:<stdin>:1011: NOTICE:  ok   direct legal entity deletion remains blocked by deferred product and release references at commit
psql:<stdin>:1011: NOTICE:  ok   direct product deletion remains blocked by deferred M2 evidence references at commit
psql:<stdin>:1011: NOTICE:  ok   tenant cascade test has no active legal-hold authority
psql:<stdin>:1011: NOTICE:  ok   exact organization deletion atomically cascades M2 evidence after hold clearance
DO
ROLLBACK
 check 
-------
 
(1 row)

psql:<stdin>:1049: NOTICE:  ok   new cleanup and metadata-edit RPCs are service-role only with pinned search_path
psql:<stdin>:1065: NOTICE:  ok   cleanup completion columns exist and are service-role updatable only
 check 
-------
 
(1 row)

psql:<stdin>:1074: NOTICE:  ok   product_compliance_metrics_snapshot reports an upload-failure gauge
 check 
-------
 
(1 row)

BEGIN
psql:<stdin>:1347: NOTICE:  ok   reviewing above the policy suggestion succeeds once a mandatory override reason is given
psql:<stdin>:1347: NOTICE:  ok   a substantial determination activates an assessment retention-authority fact
psql:<stdin>:1347: NOTICE:  ok   reassessing a substantial assessment deactivates the superseded fact
psql:<stdin>:1347: NOTICE:  ok   artifacts sharing byte-identical content share the same content-addressed object key
psql:<stdin>:1347: NOTICE:  ok   cleanup is not due before the artifact is expired or withdrawn
psql:<stdin>:1347: NOTICE:  ok   cleanup defers deleting bytes while a live sibling still references the shared object key
psql:<stdin>:1347: NOTICE:  ok   cleanup clears once no live sibling references the shared object key
psql:<stdin>:1347: NOTICE:  ok   cleanup completion is durably recorded with an audit fact
psql:<stdin>:1347: NOTICE:  ok   cleanup is idempotent once already completed
psql:<stdin>:1347: NOTICE:  ok   cleanup is blocked while the organization has an active legal hold
psql:<stdin>:1347: NOTICE:  ok   metadata edit updates mutable fields, bumps version, and writes an audit fact
psql:<stdin>:1347: NOTICE:  ok   metadata edit rejects a stale expected version as a conflict, not a silent overwrite
psql:<stdin>:1347: NOTICE:  ok   metrics snapshot exposes the upload-failure gauge alongside the existing gauges
DO
ROLLBACK
Running tests/m3-completed-graph-immutability.test.sql
BEGIN
DO
CREATE FUNCTION
SET
DO
RESET
ROLLBACK
Running tests/m3-component-parent-index.test.sql
BEGIN
DO
ROLLBACK
Running tests/m3-deduplicated-validation-projection.test.sql
BEGIN
              set_config              
--------------------------------------
 4abce3b2-0def-455e-9507-ac862dfb9660
(1 row)

INSERT 0 1
DO
ROLLBACK
Running tests/m3-ingest-exhausted-lease.test.sql
BEGIN
CREATE FUNCTION
DO
ROLLBACK
Running tests/m3-quality-terminal-predecessor.test.sql
BEGIN
              set_config              
--------------------------------------
 1d9c49f7-d1f1-4768-8306-1a88d6767116
(1 row)

INSERT 0 1
DO
psql:<stdin>:163: NOTICE:  PASS terminal failure/expired lease progress, retryable/queued/live predecessor ordering, completed-only baseline, tenant isolation
DO
SET
DO
RESET
ROLLBACK
Running tests/m3-sbom-composite-supplier.test.sql
CREATE FUNCTION
 check 
-------
 
(1 row)

psql:<stdin>:23: NOTICE:  ok   M3-07 persists supplier and composite provenance facts
psql:<stdin>:38: NOTICE:  ok   M3-07 tables are RLS protected and browser-private
 check 
-------
 
(1 row)

psql:<stdin>:45: NOTICE:  ok   M3-07 security-definer coordination is service-role only
 check 
-------
 
(1 row)

 check 
-------
 
(1 row)

psql:<stdin>:53: NOTICE:  ok   M3-07 composite worker and scope RPCs retain their exact private signatures
psql:<stdin>:60: NOTICE:  ok   M3-07 composite repairs are service-role-only and retain dependency provenance
 check 
-------
 
(1 row)

psql:<stdin>:66: NOTICE:  ok   M3-07 provenance uses the dependency contract field names
 check 
-------
 
(1 row)

Running tests/m3-sbom-intake.test.sql
Timing is off.
CREATE FUNCTION
 check 
-------
 
(1 row)

psql:<stdin>:32: NOTICE:  ok   M3 retains immutable intake evidence and the private normalized graph tables
 check 
-------
 
(1 row)

psql:<stdin>:54: NOTICE:  ok   SBOM tables are RLS protected and private to service role
 check 
-------
 
(1 row)

psql:<stdin>:67: NOTICE:  ok   browser roles cannot call security-definer SBOM coordination RPCs
psql:<stdin>:77: NOTICE:  ok   SBOM evidence media types and CI token identifiers align with the shared contracts
 check 
-------
 
(1 row)

BEGIN
DO
ROLLBACK
BEGIN
DO
ROLLBACK
psql:<stdin>:268: NOTICE:  ok   M3 normalization persists the tenant-scoped document graph without a standalone report table
 check 
-------
 
(1 row)

psql:<stdin>:284: NOTICE:  ok   browser roles cannot call SBOM validation persistence and report RPCs
 check 
-------
 
(1 row)

BEGIN
DO
ROLLBACK
BEGIN
DO
ROLLBACK
BEGIN
DO
ROLLBACK
BEGIN
DO
ROLLBACK
Running tests/m3-sbom-lineage-diff.test.sql
BEGIN
DO
CREATE FUNCTION
 check 
-------
 
(1 row)

 check 
-------
 
(1 row)

 check 
-------
 
(1 row)

DO
ROLLBACK
Running tests/m3-sbom-normalization.test.sql
BEGIN
CREATE FUNCTION
 check 
-------
 
(1 row)

 check 
-------
 
(1 row)

DO
DO
ROLLBACK
Running tests/m3-sbom-quality.test.sql
BEGIN
CREATE FUNCTION
 check 
-------
 
(1 row)

 check 
-------
 
(1 row)

 check 
-------
 
(1 row)

ROLLBACK
Running tests/m3-sbom-source-supplier-pagination.test.sql
BEGIN
CREATE FUNCTION
              set_config              
--------------------------------------
 2963ce95-7ccd-4f50-b8e3-c1a395eb656f
(1 row)

INSERT 0 1
DO
ROLLBACK
Running tests/m4-offline-bundle-csaf.test.sql
Timing is off.
CREATE FUNCTION
 check 
-------
 
(1 row)

psql:<stdin>:26: NOTICE:  ok   offline imports and CSAF mirror surfaces are RLS protected and browser-inaccessible
psql:<stdin>:44: NOTICE:  ok   bundle and CSAF functions are service-role-only security definers with pinned paths
 check 
-------
 
(1 row)

BEGIN
DO
ROLLBACK
BEGIN
DO
ROLLBACK
BEGIN
DO
ROLLBACK
Running tests/m4-reachability-advisory-review.test.sql
Timing is off.
CREATE FUNCTION
 check 
-------
 
(1 row)

psql:<stdin>:33: NOTICE:  ok   M4-07 keeps immutable reachability and review ledgers tenant-scoped and browser-inaccessible
 check 
-------
 
(1 row)

psql:<stdin>:41: NOTICE:  ok   M4-07 result and event idempotency prevent duplicate evidence or notifications
psql:<stdin>:72: NOTICE:  ok   M4-07 database functions are service-role-only security definers with a pinned path
 check 
-------
 
(1 row)

 check 
-------
 
(1 row)

psql:<stdin>:86: NOTICE:  ok   M4-07 trigger-only stale helper has no direct execution grant
 check 
-------
 
(1 row)

psql:<stdin>:100: NOTICE:  ok   M4-07 validates evidence required for not_reachable and preserves advisory history as review_required
Running tests/m4-vulnerability-cpe-reevaluation.test.sql
Timing is off.
CREATE FUNCTION
psql:<stdin>:28: NOTICE:  ok   M4 CPE fields and material source fingerprints are present without a duplicate findings ledger
 check 
-------
 
(1 row)

 check 
-------
 
(1 row)

psql:<stdin>:38: NOTICE:  ok   M4 CPE method and review codes are accepted only at matching boundaries
 check 
-------
 
(1 row)

psql:<stdin>:63: NOTICE:  ok   M4 targeted re-evaluation and verdict/history RPCs are service-role-only security definers with pinned paths
psql:<stdin>:75: NOTICE:  ok   M4 worker queue pins NVD input and candidate/discovery APIs remain bounded and restart-safe
 check 
-------
 
(1 row)

psql:<stdin>:85: NOTICE:  ok   M4 projection carries CPE and human/re-evaluation evidence while KEV uses the effective verdict
 check 
-------
 
(1 row)

psql:<stdin>:95: NOTICE:  ok   M4 preserves evaluated CPE proof and returns an exact human-verdict finding without page truncation
 check 
-------
 
(1 row)

Running tests/m4-vulnerability-enrichment-kev-alerts.test.sql
Timing is off.
CREATE FUNCTION
psql:<stdin>:24: NOTICE:  ok   M4 KEV ledger is tenant-scoped, RLS enabled, and not browser accessible
 check 
-------
 
(1 row)

psql:<stdin>:44: NOTICE:  ok   M4 alert and action RPCs are service-role-only security definers with a pinned path
 check 
-------
 
(1 row)

psql:<stdin>:51: NOTICE:  ok   M4 matching persistence validates through a public wrapper and retains a private unchecked implementation
 check 
-------
 
(1 row)

psql:<stdin>:58: NOTICE:  ok   M4 successful KEV delivery returns exactly one terminal branch before retry logic
 check 
-------
 
(1 row)

psql:<stdin>:68: NOTICE:  ok   M4 finding projection keeps the authoritative KEV observation from its baseline
 check 
-------
 
(1 row)

 check 
-------
 
(1 row)

psql:<stdin>:78: NOTICE:  ok   M4 alert projection cannot surface non-applicable lifecycle rows as active KEV alerts
psql:<stdin>:86: NOTICE:  ok   M4 derived intelligence accepts the durable scalar EPSS and GitHub score envelopes
 check 
-------
 
(1 row)

Running tests/m4-vulnerability-feed-mirror.test.sql
Timing is off.
CREATE FUNCTION
 check 
-------
 
(1 row)

psql:<stdin>:38: NOTICE:  ok   M4 mirror is global, RLS protected, and inaccessible to browser roles
 check 
-------
 
(1 row)

psql:<stdin>:58: NOTICE:  ok   M4 coordination RPCs are service-role-only security definers with pinned search paths
psql:<stdin>:75: NOTICE:  ok   M4 mutable records use the repository updated_at trigger invariant
 check 
-------
 
(1 row)

BEGIN
DO
ROLLBACK
Running tests/m4-vulnerability-matching-completion.test.sql
Timing is off.
CREATE FUNCTION
psql:<stdin>:46: NOTICE:  ok   M4 result paging and accuracy recording RPCs are service-role-only security definers with pinned search paths
 check 
-------
 
(1 row)

BEGIN
DO
ROLLBACK
Running tests/m5-bulk-assessment.test.sql
CREATE FUNCTION
psql:<stdin>:29: NOTICE:  ok   M5 bulk ledger is tenant-scoped, RLS protected, and browser-private
 check 
-------
 
(1 row)

 check 
-------
 
(1 row)

psql:<stdin>:52: NOTICE:  ok   M5 bulk RPCs are service-role-only security definers with pinned paths
psql:<stdin>:64: NOTICE:  ok   M5 bulk preview has bounded snapshots and propagation matches identity plus version
 check 
-------
 
(1 row)

Running tests/m5-remediation-anchors.test.sql
CREATE FUNCTION
 check 
-------
 
(1 row)

 check 
-------
 
(1 row)

 check 
-------
 
(1 row)

 check 
-------
 
(1 row)

 check 
-------
 
(1 row)

Running tests/m5-suppression-sla.test.sql
CREATE FUNCTION
 check 
-------
 
(1 row)

psql:<stdin>:32: NOTICE:  ok   M5-04 state is tenant-scoped, RLS protected, and browser-private
psql:<stdin>:44: NOTICE:  ok   M5-04 suppression is finite, append-only, and tenant-bound to a finding
 check 
-------
 
(1 row)

psql:<stdin>:57: NOTICE:  ok   M5-04 policies, state versions, and durable event deduplication exist
 check 
-------
 
(1 row)

psql:<stdin>:68: NOTICE:  ok   M5-04 mutable triage state retains the repository updated_at trigger invariant
 check 
-------
 
(1 row)

psql:<stdin>:84: NOTICE:  ok   M5-04 unconfigured states retain observed severity without read-version churn
 check 
-------
 
(1 row)

 check 
-------
 
(1 row)

psql:<stdin>:90: NOTICE:  ok   M5-04 policy setup remains prospective when a detail read first materializes state
psql:<stdin>:117: NOTICE:  ok   M5-04 RPCs are pinned security definers and service-role only
 check 
-------
 
(1 row)

Running tests/m5-triage-notes.test.sql
BEGIN
CREATE FUNCTION
 check 
-------
 
(1 row)

 check 
-------
 
(1 row)

DO
DO
ROLLBACK
Running tests/m5-triage-queue.test.sql
CREATE FUNCTION
 check 
-------
 
(1 row)

psql:<stdin>:29: NOTICE:  ok   M5 saved views are RLS protected and service-role only
psql:<stdin>:54: NOTICE:  ok   M5 RPCs are security definers with pinned paths and no browser grants
 check 
-------
 
(1 row)

psql:<stdin>:64: NOTICE:  ok   M5 saved views use optimistic versions, tenant names, and durable idempotency
 check 
-------
 
(1 row)

 check 
-------
 
(1 row)

psql:<stdin>:78: NOTICE:  ok   M5 queue uses active tenant keyset indexes and opaque cursor encoding
psql:<stdin>:84: NOTICE:  ok   M5 detail uses the shared reEvaluationState wire key
 check 
-------
 
(1 row)

Running tests/m5-vex-assessments-approval.test.sql
CREATE FUNCTION
 check 
-------
 
(1 row)

psql:<stdin>:31: NOTICE:  ok   M5 VEX state, evidence, policy, history, and command records are private
psql:<stdin>:45: NOTICE:  ok   M5 VEX revisions retain tenant current/history and idempotency invariants
 check 
-------
 
(1 row)

psql:<stdin>:72: NOTICE:  ok   M5 VEX RPCs are service-only security definers with pinned search paths
 check 
-------
 
(1 row)

 check 
-------
 
(1 row)

psql:<stdin>:82: NOTICE:  ok   M5 queue uses the parsed reEvaluation key and VEX approval filters
BEGIN
psql:<stdin>:273: NOTICE:  ok   VEX submit creates an immutable pending revision with a policy snapshot
psql:<stdin>:273: NOTICE:  ok   VEX submit idempotency replays the stored result without a duplicate revision
psql:<stdin>:273: NOTICE:  ok   VEX submit rejects stale expected versions without writing audit facts
psql:<stdin>:273: NOTICE:  ok   VEX submit enforces the not_affected justification matrix server-side
psql:<stdin>:273: NOTICE:  ok   VEX approval enforces separation of duties at the database boundary
psql:<stdin>:273: NOTICE:  ok   VEX approval is versioned and audited atomically
psql:<stdin>:273: NOTICE:  ok   VEX revision supersedes instead of mutating the prior approved revision
psql:<stdin>:273: NOTICE:  ok   VEX policy changes do not silently approve pending assessment snapshots
psql:<stdin>:273: NOTICE:  ok   M5 queue filters current VEX approvals and the corrected reEvaluation key
DO
ROLLBACK
Running tests/m5-vex-export-publication.test.sql
CREATE FUNCTION
 check 
-------
 
(1 row)

 check 
-------
 
(1 row)

 check 
-------
 
(1 row)

 check 
-------
 
(1 row)

Running tests/m6-manual-submission-evidence.test.sql
BEGIN
CREATE FUNCTION
 check 
-------
 
(1 row)

 check 
-------
 
(1 row)

DO
ROLLBACK
Running tests/m6-reporting-deadline-monitoring.test.sql
BEGIN
CREATE FUNCTION
 check 
-------
 
(1 row)

 check 
-------
 
(1 row)

DO
DO
 check 
-------
 
(1 row)

ROLLBACK
Running tests/m6-reporting-obligations.test.sql
BEGIN
CREATE FUNCTION
 check 
-------
 
(1 row)

 check 
-------
 
(1 row)

DO
DO
 check 
-------
 
(1 row)

ROLLBACK
Running tests/m6-reporting-rehearsals.test.sql
BEGIN
CREATE FUNCTION
DO
 check 
-------
 
(1 row)

 check 
-------
 
(1 row)

ROLLBACK
Running tests/m6-reporting-stage-drafts.test.sql
BEGIN
CREATE FUNCTION
 check 
-------
 
(1 row)

 check 
-------
 
(1 row)

DO
ROLLBACK
Running tests/m7-annex-vii-technical-files.test.sql
BEGIN
CREATE FUNCTION
 check 
-------
 
(1 row)

 check 
-------
 
(1 row)

 check 
-------
 
(1 row)

ROLLBACK
Running tests/m7-scoped-auditor-snapshot-access.test.sql
BEGIN
CREATE EXTENSION
 plan  
-------
 1..34
(1 row)

                ok                 
-----------------------------------
 ok 1 - auditor grant table exists
(1 row)

                 ok                  
-------------------------------------
 ok 2 - auditor session table exists
(1 row)

                    ok                    
------------------------------------------
 ok 3 - auditor access-event table exists
(1 row)

                    ok                    
------------------------------------------
 ok 4 - grants use enabled non-forced RLS
(1 row)

                     ok                     
--------------------------------------------
 ok 5 - sessions use enabled non-forced RLS
(1 row)

                       ok                        
-------------------------------------------------
 ok 6 - access events use enabled non-forced RLS
(1 row)

                  ok                   
---------------------------------------
 ok 7 - service role can manage grants
(1 row)

                        ok                        
--------------------------------------------------
 ok 8 - authenticated cannot read grants directly
(1 row)

                    ok                     
-------------------------------------------
 ok 9 - anon cannot read sessions directly
(1 row)

                                ok                                 
-------------------------------------------------------------------
 ok 10 - authenticated cannot read dedicated access audit directly
(1 row)

                        ok                         
---------------------------------------------------
 ok 11 - failed redemption rate-limit index exists
(1 row)

                     ok                     
--------------------------------------------
 ok 12 - grant token hashes are constrained
(1 row)

                        ok                         
---------------------------------------------------
 ok 13 - grant snapshot reference is tenant-scoped
(1 row)

                       ok                        
-------------------------------------------------
 ok 14 - grant export reference is tenant-scoped
(1 row)

                           ok                            
---------------------------------------------------------
 ok 15 - grant creation is a pinned security-definer RPC
(1 row)

                         ok                          
-----------------------------------------------------
 ok 16 - redemption is a pinned security-definer RPC
(1 row)

                           ok                            
---------------------------------------------------------
 ok 17 - auditor access is a pinned security-definer RPC
(1 row)

                               ok                                
-----------------------------------------------------------------
 ok 18 - artifact authorization is a pinned security-definer RPC
(1 row)

                   ok                    
-----------------------------------------
 ok 19 - service role can create a grant
(1 row)

                         ok                          
-----------------------------------------------------
 ok 20 - authenticated cannot create grants directly
(1 row)

                 ok                  
-------------------------------------
 ok 21 - anon cannot redeem directly
(1 row)

                              ok                              
--------------------------------------------------------------
 ok 22 - grant creation checks its dedicated share permission
(1 row)

                             ok                             
------------------------------------------------------------
 ok 23 - grant creation permits only ready snapshot exports
(1 row)

                     ok                      
---------------------------------------------
 ok 24 - redemption locks the one-time grant
(1 row)

                          ok                          
------------------------------------------------------
 ok 25 - redeemed links cannot create another session
(1 row)

                                        ok                                         
-----------------------------------------------------------------------------------
 ok 26 - redemption failures are rate-limited without storing a raw client address
(1 row)

                       ok                        
-------------------------------------------------
 ok 27 - every auditor view rechecks grant state
(1 row)

                             ok                             
------------------------------------------------------------
 ok 28 - artifact authorization rechecks session revocation
(1 row)

                                   ok                                    
-------------------------------------------------------------------------
 ok 29 - artifact authorization writes dedicated delivery audit evidence
(1 row)

                            ok                            
----------------------------------------------------------
 ok 30 - auditor view payload never exposes storage paths
(1 row)

                                    ok                                    
--------------------------------------------------------------------------
 ok 31 - auditor scope is frozen snapshot content with supersession state
(1 row)

                           is                           
--------------------------------------------------------
 ok 32 - unknown redemption token is safely unavailable
(1 row)

                          is                           
-------------------------------------------------------
 ok 33 - unknown auditor session is safely unavailable
(1 row)

                           is                           
--------------------------------------------------------
 ok 34 - unknown artifact session is safely unavailable
(1 row)

 finish 
--------
(0 rows)

ROLLBACK
Running tests/m7-structured-cybersecurity-risk-register.test.sql
BEGIN
CREATE FUNCTION
 check 
-------
 
(1 row)

 check 
-------
 
(1 row)

 check 
-------
 
(1 row)

 check 
-------
 
(1 row)

 check 
-------
 
(1 row)

 check 
-------
 
(1 row)

ROLLBACK
Running tests/m7-technical-file-snapshots-exports.test.sql
BEGIN
CREATE EXTENSION
 plan  
-------
 1..47
(1 row)

              ok              
------------------------------
 ok 1 - snapshot table exists
(1 row)

               ok               
--------------------------------
 ok 2 - export job table exists
(1 row)

                      ok                      
----------------------------------------------
 ok 3 - snapshots have enabled non-forced RLS
(1 row)

                       ok                       
------------------------------------------------
 ok 4 - export jobs have enabled non-forced RLS
(1 row)

                    ok                    
------------------------------------------
 ok 5 - service role can manage snapshots
(1 row)

                     ok                     
--------------------------------------------
 ok 6 - service role can manage export jobs
(1 row)

                         ok                          
-----------------------------------------------------
 ok 7 - authenticated cannot read snapshots directly
(1 row)

                          ok                           
-------------------------------------------------------
 ok 8 - authenticated cannot read export jobs directly
(1 row)

                   ok                   
----------------------------------------
 ok 9 - snapshot purpose is constrained
(1 row)

                  ok                  
--------------------------------------
 ok 10 - export status is constrained
(1 row)

                         ok                          
-----------------------------------------------------
 ok 11 - ready export requires all artifact metadata
(1 row)

                     ok                     
--------------------------------------------
 ok 12 - generating export requires a lease
(1 row)

                  ok                   
---------------------------------------
 ok 13 - snapshot product index exists
(1 row)

                ok                
----------------------------------
 ok 14 - queued work index exists
(1 row)

                    ok                     
-------------------------------------------
 ok 15 - snapshot export bucket is private
(1 row)

                            is                            
----------------------------------------------------------
 ok 16 - snapshot export bucket enforces the 25MB ceiling
(1 row)

                            ok                             
-----------------------------------------------------------
 ok 17 - snapshot creator is a pinned security-definer RPC
(1 row)

                           ok                            
---------------------------------------------------------
 ok 18 - export creator is a pinned security-definer RPC
(1 row)

                            ok                             
-----------------------------------------------------------
 ok 19 - worker claim RPC is a pinned security-definer RPC
(1 row)

                    ok                     
-------------------------------------------
 ok 20 - service role can create snapshots
(1 row)

                           ok                           
--------------------------------------------------------
 ok 21 - authenticated cannot create snapshots directly
(1 row)

                             ok                             
------------------------------------------------------------
 ok 22 - snapshot creator locks the technical-file revision
(1 row)

                       ok                        
-------------------------------------------------
 ok 23 - snapshot creation audits inside the RPC
(1 row)

                        ok                         
---------------------------------------------------
 ok 24 - export creation stores an idempotency key
(1 row)

                                  ok                                   
-----------------------------------------------------------------------
 ok 25 - download authorization records after the signed URL is issued
(1 row)

                           ok                           
--------------------------------------------------------
 ok 26 - export detail is a pinned security-definer RPC
(1 row)

                              ok                               
---------------------------------------------------------------
 ok 27 - public export JSON never exposes private object paths
(1 row)

                            ok                             
-----------------------------------------------------------
 ok 28 - snapshot payload uses the contract schema version
(1 row)

                            ok                             
-----------------------------------------------------------
 ok 29 - snapshot JSON includes the bounded payload length
(1 row)

                    ok                     
-------------------------------------------
 ok 30 - worker failure is audited durably
(1 row)

                                     ok                                     
----------------------------------------------------------------------------
 ok 31 - export failure codes match the worker and contract terminal states
(1 row)

                      ok                      
----------------------------------------------
 ok 32 - snapshot immutability trigger exists
(1 row)

                        ok                         
---------------------------------------------------
 ok 33 - snapshot trigger rejects payload mutation
(1 row)

                               ok                               
----------------------------------------------------------------
 ok 34 - snapshot supersession requires the same technical file
(1 row)

                                       ok                                       
--------------------------------------------------------------------------------
 ok 35 - snapshot supersession is product-bound and one-way to a later snapshot
(1 row)

                                ok                                 
-------------------------------------------------------------------
 ok 36 - snapshot readiness uses the readiness contract status key
(1 row)

                                      ok                                       
-------------------------------------------------------------------------------
 ok 37 - snapshot creation persists and compares an idempotency command digest
(1 row)

                                   ok                                    
-------------------------------------------------------------------------
 ok 38 - snapshot creation does not take global cross-tenant table locks
(1 row)

                       ok                       
------------------------------------------------
 ok 39 - expired export leases can be reclaimed
(1 row)

                                    is                                    
--------------------------------------------------------------------------
 ok 40 - snapshot timestamps are RFC3339 without literal quote characters
(1 row)

                              ok                               
---------------------------------------------------------------
 ok 41 - snapshot payload uses the RFC3339 timestamp formatter
(1 row)

                            is                            
----------------------------------------------------------
 ok 42 - unverified tenant actor cannot create a snapshot
(1 row)

SELECT 1
INSERT 0 1
                                           is                                            
-----------------------------------------------------------------------------------------
 ok 43 - worker failure code accepted by the RPC reaches a durable failed terminal state
(1 row)

                               is                                
-----------------------------------------------------------------
 ok 44 - terminal failed export stores the contract failure code
(1 row)

                                   throws_ok                                    
--------------------------------------------------------------------------------
 ok 45 - new failure-code constraint rejects legacy values outside the contract
(1 row)

SELECT 1
                    is                     
-------------------------------------------
 ok 46 - first snapshot command is created
(1 row)

                                    is                                    
--------------------------------------------------------------------------
 ok 47 - same snapshot idempotency key with a changed command is rejected
(1 row)

 finish 
--------
(0 rows)

ROLLBACK
Running tests/m7-version-pinned-evidence-readiness.test.sql
BEGIN
CREATE EXTENSION
 plan  
-------
 1..25
(1 row)

                        ok                        
--------------------------------------------------
 ok 1 - append-only evidence review ledger exists
(1 row)

                       ok                        
-------------------------------------------------
 ok 2 - review ledger has enabled non-forced RLS
(1 row)

                      ok                      
----------------------------------------------
 ok 3 - service role has review ledger access
(1 row)

                           ok                            
---------------------------------------------------------
 ok 4 - authenticated has no direct review ledger access
(1 row)

                          ok                          
------------------------------------------------------
 ok 5 - general description requires product evidence
(1 row)

                           ok                           
--------------------------------------------------------
 ok 6 - support section accepts only its support record
(1 row)

                               ok                               
----------------------------------------------------------------
 ok 7 - vulnerability handling accepts triage and risk evidence
(1 row)

                            ok                            
----------------------------------------------------------
 ok 8 - SBOM section accepts only immutable SBOM evidence
(1 row)

                            ok                            
----------------------------------------------------------
 ok 9 - risk-register source kind constraint is validated
(1 row)

                             ok                             
------------------------------------------------------------
 ok 10 - source links persist fingerprints and review state
(1 row)

                 ok                  
-------------------------------------
 ok 11 - reverse lookup index exists
(1 row)

                ok                 
-----------------------------------
 ok 12 - stale lookup index exists
(1 row)

                        ok                        
--------------------------------------------------
 ok 13 - readiness RPC is pinned security definer
(1 row)

                   ok                    
-----------------------------------------
 ok 14 - service role can read readiness
(1 row)

                       ok                        
-------------------------------------------------
 ok 15 - authenticated cannot call readiness RPC
(1 row)

                         ok                          
-----------------------------------------------------
 ok 16 - stale review RPC is pinned security definer
(1 row)

                           ok                           
--------------------------------------------------------
 ok 17 - M8 reverse projection is service-role callable
(1 row)

                                        ok                                        
----------------------------------------------------------------------------------
 ok 18 - reverse projection exposes pinned link metadata without product metadata
(1 row)

                               ok                                
-----------------------------------------------------------------
 ok 19 - material-change implementation persists a replay digest
(1 row)

                                 ok                                  
---------------------------------------------------------------------
 ok 20 - review implementation persists a replayable review identity
(1 row)

                                        ok                                         
-----------------------------------------------------------------------------------
 ok 21 - manual-reference reviews do not dereference an unassigned source snapshot
(1 row)

                             ok                              
-------------------------------------------------------------
 ok 22 - material-change replay is serialized by command key
(1 row)

                         ok                         
----------------------------------------------------
 ok 23 - review replay is serialized by command key
(1 row)

                            is                            
----------------------------------------------------------
 ok 24 - unverified tenant actor cannot inspect readiness
(1 row)

                              is                              
--------------------------------------------------------------
 ok 25 - unverified tenant actor cannot inspect reverse links
(1 row)

 finish 
--------
(0 rows)

ROLLBACK
Running tests/m7-versioned-declarations-of-conformity.test.sql
BEGIN
CREATE EXTENSION
 plan  
-------
 1..28
(1 row)

                    ok                    
------------------------------------------
 ok 1 - declaration template table exists
(1 row)

               ok                
---------------------------------
 ok 2 - declaration table exists
(1 row)

                       ok                        
-------------------------------------------------
 ok 3 - declarations have enabled non-forced RLS
(1 row)

                     ok                      
---------------------------------------------
 ok 4 - service role can manage declarations
(1 row)

                            ok                            
----------------------------------------------------------
 ok 5 - authenticated cannot access declarations directly
(1 row)

                  ok                  
--------------------------------------
 ok 6 - declaration bucket is private
(1 row)

                ok                 
-----------------------------------
 ok 7 - Annex V template is pinned
(1 row)

                                ok                                
------------------------------------------------------------------
 ok 8 - only one current issued declaration can exist per product
(1 row)

                             ok                             
------------------------------------------------------------
 ok 9 - notified-body route requires certificate references
(1 row)

                       ok                       
------------------------------------------------
 ok 10 - issue RPC is a pinned security-definer
(1 row)

                        ok                        
--------------------------------------------------
 ok 11 - reissue RPC is a pinned security-definer
(1 row)

                     ok                      
---------------------------------------------
 ok 12 - authenticated cannot issue directly
(1 row)

                       ok                       
------------------------------------------------
 ok 13 - service role can issue through the RPC
(1 row)

                      ok                       
-----------------------------------------------
 ok 14 - issue checks the dedicated permission
(1 row)

                         ok                          
-----------------------------------------------------
 ok 15 - preview rechecks current evidence readiness
(1 row)

                           ok                            
---------------------------------------------------------
 ok 16 - issue preparation writes durable audit evidence
(1 row)

                             ok                              
-------------------------------------------------------------
 ok 17 - issuance finalization writes durable audit evidence
(1 row)

                                  ok                                   
-----------------------------------------------------------------------
 ok 18 - public declaration JSON never exposes the private object path
(1 row)

                           ok                           
--------------------------------------------------------
 ok 19 - issued declaration immutability trigger exists
(1 row)

                                  ok                                  
----------------------------------------------------------------------
 ok 20 - timestamp trigger runs before declaration immutability guard
(1 row)

                        ok                         
---------------------------------------------------
 ok 21 - trigger protects issued payload and bytes
(1 row)

                                ok                                
------------------------------------------------------------------
 ok 22 - issued declaration fixture exists for immutability probe
(1 row)

                            throws_ok                            
-----------------------------------------------------------------
 ok 23 - issued no-op update cannot change timestamp after guard
(1 row)

                          is                          
------------------------------------------------------
 ok 24 - cross-tenant unverified preview is forbidden
(1 row)

                      is                      
----------------------------------------------
 ok 25 - unverified tenant actor cannot issue
(1 row)

                         throws_ok                          
------------------------------------------------------------
 ok 26 - cross-tenant invalid references cannot be inserted
(1 row)

                                  ok                                   
-----------------------------------------------------------------------
 ok 27 - issue locks its declaration before checking preview freshness
(1 row)

                       ok                        
-------------------------------------------------
 ok 28 - reissue serializes competing successors
(1 row)

 finish 
--------
(0 rows)

ROLLBACK
Running tests/m8-evidence-bulk-intake-classification-contract.test.sql
BEGIN
CREATE EXTENSION
 plan 
------
 1..5
(1 row)

                  ok                   
---------------------------------------
 ok 1 - bulk batch creation RPC exists
(1 row)

                         ok                          
-----------------------------------------------------
 ok 2 - bulk classification is derived by the server
(1 row)

                                     ok                                      
-----------------------------------------------------------------------------
 ok 3 - contract-shaped items need not carry a client classification payload
(1 row)

                                       ok                                       
--------------------------------------------------------------------------------
 ok 4 - bulk completion accepts only a bounded inspected failure-code allowlist
(1 row)

                                   ok                                   
------------------------------------------------------------------------
 ok 5 - a failed bulk completion durably records a safe item error code
(1 row)

 finish 
--------
(0 rows)

ROLLBACK
Running tests/m8-evidence-intake.test.sql
BEGIN
CREATE EXTENSION
 plan  
-------
 1..27
(1 row)

                      ok                       
-----------------------------------------------
 ok 1 - logical evidence document table exists
(1 row)

                       ok                       
------------------------------------------------
 ok 2 - immutable evidence version table exists
(1 row)

                  ok                  
--------------------------------------
 ok 3 - durable scan job table exists
(1 row)

                    ok                     
-------------------------------------------
 ok 4 - durable notification outbox exists
(1 row)

                ok                 
-----------------------------------
 ok 5 - evidence bucket is private
(1 row)

                   is                   
----------------------------------------
 ok 6 - evidence bucket limit is 50 MiB
(1 row)

                             is                              
-------------------------------------------------------------
 ok 7 - taxonomy maps explicitly to evidence retention class
(1 row)

                        is                        
--------------------------------------------------
 ok 8 - unknown taxonomy has no retention mapping
(1 row)

                     ok                      
---------------------------------------------
 ok 9 - versions have enabled non-forced RLS
(1 row)

                        ok                        
--------------------------------------------------
 ok 10 - service role has evidence version access
(1 row)

                             ok                              
-------------------------------------------------------------
 ok 11 - authenticated has no direct evidence version access
(1 row)

                            ok                            
----------------------------------------------------------
 ok 12 - reservation RPC has pinned security-definer path
(1 row)

                     ok                     
--------------------------------------------
 ok 13 - service role can finalize evidence
(1 row)

                       ok                       
------------------------------------------------
 ok 14 - authenticated cannot finalize evidence
(1 row)

                             ok                             
------------------------------------------------------------
 ok 15 - finalization queues scan pending rather than clean
(1 row)

                     ok                     
--------------------------------------------
 ok 16 - scan recording supports quarantine
(1 row)

                        is                        
--------------------------------------------------
 ok 17 - unverified actor cannot request download
(1 row)

                         ok                          
-----------------------------------------------------
 ok 18 - M7 source kind constraint remains validated
(1 row)

                       ok                        
-------------------------------------------------
 ok 19 - M7 snapshot resolves evidence documents
(1 row)

                        ok                        
--------------------------------------------------
 ok 20 - M7 snapshot reports quarantined evidence
(1 row)

                      ok                       
-----------------------------------------------
 ok 21 - expired evidence cannot be downloaded
(1 row)

                              ok                              
--------------------------------------------------------------
 ok 22 - test report section permits clean evidence documents
(1 row)

                  ok                   
---------------------------------------
 ok 23 - notification claim RPC exists
(1 row)

                               ok                                
-----------------------------------------------------------------
 ok 24 - notification claim RPC has pinned security-definer path
(1 row)

                          ok                          
------------------------------------------------------
 ok 25 - notification completion is service-role only
(1 row)

                            ok                             
-----------------------------------------------------------
 ok 26 - finalization rejects null measured content claims
(1 row)

                               ok                                
-----------------------------------------------------------------
 ok 27 - list RPC returns shared list envelope and linkage count
(1 row)

 finish 
--------
(0 rows)

ROLLBACK
Running tests/m8-evidence-ocr-search.test.sql
BEGIN
CREATE EXTENSION
 plan  
-------
 1..31
(1 row)

                                ok                                
------------------------------------------------------------------
 ok 1 - derived text is isolated from immutable evidence versions
(1 row)

                  ok                  
--------------------------------------
 ok 2 - durable extraction jobs exist
(1 row)

                       ok                       
------------------------------------------------
 ok 3 - derived text has enabled non-forced RLS
(1 row)

                         ok                         
----------------------------------------------------
 ok 4 - extraction jobs have enabled non-forced RLS
(1 row)

                           ok                            
---------------------------------------------------------
 ok 5 - only service role can access extracted text rows
(1 row)

                         ok                          
-----------------------------------------------------
 ok 6 - only service role can access extraction jobs
(1 row)

                          ok                           
-------------------------------------------------------
 ok 7 - derived text remains version and tenant linked
(1 row)

                               ok                                
-----------------------------------------------------------------
 ok 8 - completed derived text has a partial GIN full-text index
(1 row)

                                ok                                 
-------------------------------------------------------------------
 ok 9 - M8-03 introduces no vector, trigram, or unaccent extension
(1 row)

                          ok                           
-------------------------------------------------------
 ok 10 - full-text vector is a database-derived column
(1 row)

                                ok                                 
-------------------------------------------------------------------
 ok 11 - search vector derives from text rather than browser input
(1 row)

                 ok                  
-------------------------------------
 ok 12 - extraction claim RPC exists
(1 row)

                    ok                    
------------------------------------------
 ok 13 - extraction completion RPC exists
(1 row)

                     ok                     
--------------------------------------------
 ok 14 - manual extraction retry RPC exists
(1 row)

                        ok                        
--------------------------------------------------
 ok 15 - version-scoped extracted-text RPC exists
(1 row)

                               ok                                
-----------------------------------------------------------------
 ok 16 - product-scoped search RPC supports bounded keyset input
(1 row)

                           ok                            
---------------------------------------------------------
 ok 17 - claim RPC pins its security-definer search path
(1 row)

                              ok                              
--------------------------------------------------------------
 ok 18 - completion RPC pins its security-definer search path
(1 row)

                            ok                            
----------------------------------------------------------
 ok 19 - search RPC pins its security-definer search path
(1 row)

                                ok                                 
-------------------------------------------------------------------
 ok 20 - search is service-role mediated, never browser-executable
(1 row)

                      ok                       
-----------------------------------------------
 ok 21 - manual retry is service-role mediated
(1 row)

                                          ok                                          
--------------------------------------------------------------------------------------
 ok 22 - existing additive custom-role and override helper knows evidence permissions
(1 row)

                                   ok                                   
------------------------------------------------------------------------
 ok 23 - search defaults to current versions unless history is explicit
(1 row)

                                 ok                                  
---------------------------------------------------------------------
 ok 24 - search excludes unclean and expired evidence before ranking
(1 row)

                                            ok                                            
------------------------------------------------------------------------------------------
 ok 25 - search constrains version applicability to the requested product before matching
(1 row)

                                ok                                 
-------------------------------------------------------------------
 ok 26 - search rechecks caller permission inside the database RPC
(1 row)

                                    ok                                    
--------------------------------------------------------------------------
 ok 27 - search returns plain snippet text rather than FTS-generated HTML
(1 row)

                                  ok                                   
-----------------------------------------------------------------------
 ok 28 - claim recovers exhausted leases and prevents duplicate claims
(1 row)

                                        ok                                        
----------------------------------------------------------------------------------
 ok 29 - stale jobs cannot overwrite a different source hash or extractor version
(1 row)

                                ok                                 
-------------------------------------------------------------------
 ok 30 - clean scan completion transactionally enqueues extraction
(1 row)

                              is                               
---------------------------------------------------------------
 ok 31 - invalid short query is rejected before data selection
(1 row)

 finish 
--------
(0 rows)

ROLLBACK
Running tests/m8-evidence-retention-deletion-holds.test.sql
BEGIN
CREATE EXTENSION
 plan  
-------
 1..30
(1 row)

                                          ok                                          
--------------------------------------------------------------------------------------
 ok 1 - each immutable evidence version has a durable retention protection projection
(1 row)

                           ok                           
--------------------------------------------------------
 ok 2 - legal holds are durable document-scoped records
(1 row)

                                 ok                                 
--------------------------------------------------------------------
 ok 3 - reviewed deletion is durable rather than an automatic purge
(1 row)

                               ok                                
-----------------------------------------------------------------
 ok 4 - physical cleanup is tracked independently for safe retry
(1 row)

                                        ok                                        
----------------------------------------------------------------------------------
 ok 5 - evidence documents keep a lifecycle state without deleting audit metadata
(1 row)

                      ok                       
-----------------------------------------------
 ok 6 - legal holds use enabled non-forced RLS
(1 row)

                    ok                     
-------------------------------------------
 ok 7 - holds remain service-role mediated
(1 row)

                           ok                            
---------------------------------------------------------
 ok 8 - deletion requests have an idempotency constraint
(1 row)

                              ok                               
---------------------------------------------------------------
 ok 9 - a released hold retains actor, time and release reason
(1 row)

                           ok                           
--------------------------------------------------------
 ok 10 - active legal holds have a focused lookup index
(1 row)

                       ok                        
-------------------------------------------------
 ok 11 - retention projection refresh RPC exists
(1 row)

                 ok                  
-------------------------------------
 ok 12 - retention review RPC exists
(1 row)

                  ok                   
---------------------------------------
 ok 13 - legal-hold history RPC exists
(1 row)

                   ok                    
-----------------------------------------
 ok 14 - legal hold placement RPC exists
(1 row)

                  ok                   
---------------------------------------
 ok 15 - legal hold release RPC exists
(1 row)

                        ok                         
---------------------------------------------------
 ok 16 - explicit deletion confirmation RPC exists
(1 row)

                ok                
----------------------------------
 ok 17 - cleanup claim RPC exists
(1 row)

                  ok                   
---------------------------------------
 ok 18 - cleanup completion RPC exists
(1 row)

                                 ok                                  
---------------------------------------------------------------------
 ok 19 - destructive confirmation has a pinned security-definer path
(1 row)

                            ok                             
-----------------------------------------------------------
 ok 20 - destructive confirmation is service-role mediated
(1 row)

                                               ok                                               
------------------------------------------------------------------------------------------------
 ok 21 - the projection consumes persisted M2 protection and status rather than date arithmetic
(1 row)

                                 ok                                  
---------------------------------------------------------------------
 ok 22 - archived linked products remain part of evidence protection
(1 row)

                                 ok                                  
---------------------------------------------------------------------
 ok 23 - protection refresh preserves the strongest known protection
(1 row)

                                            ok                                            
------------------------------------------------------------------------------------------
 ok 24 - confirmation locks the evidence document against concurrent replacement or holds
(1 row)

                                ok                                
------------------------------------------------------------------
 ok 25 - confirmation checks active holds in the same transaction
(1 row)

                                         ok                                         
------------------------------------------------------------------------------------
 ok 26 - confirmation blocks document references retained by technical-file sources
(1 row)

                                     ok                                     
----------------------------------------------------------------------------
 ok 27 - access revocation and deletion intent are durably audited together
(1 row)

                                      ok                                      
------------------------------------------------------------------------------
 ok 28 - cleanup rechecks protection before exposing an object deletion claim
(1 row)

                                     ok                                     
----------------------------------------------------------------------------
 ok 29 - cleanup completion accepts the worker’s idempotent deleted outcome
(1 row)

                                        ok                                        
----------------------------------------------------------------------------------
 ok 30 - the live review RPC exposes every required conservative-protection field
(1 row)

 finish 
--------
(0 rows)

ROLLBACK
Running tests/m8-evidence-validity-reuse-alerts.test.sql
BEGIN
CREATE EXTENSION
 plan  
-------
 1..37
(1 row)

                                           ok                                            
-----------------------------------------------------------------------------------------
 ok 1 - organization settings stores expiry intervals without a duplicate settings table
(1 row)

                              ok                               
---------------------------------------------------------------
 ok 2 - expiry settings have an optimistic concurrency version
(1 row)

                                is                                
------------------------------------------------------------------
 ok 3 - new organization defaults use 30/14/7/1 expiry thresholds
(1 row)

                                    ok                                    
--------------------------------------------------------------------------
 ok 4 - threshold validation rejects duplicate and out-of-range intervals
(1 row)

                             is                             
------------------------------------------------------------
 ok 5 - missing validity is never inferred as valid forever
(1 row)

                                 is                                 
--------------------------------------------------------------------
 ok 6 - open-ended validity is explicit and has no expiry threshold
(1 row)

                           is                           
--------------------------------------------------------
 ok 7 - validity expiry remains distinct from retention
(1 row)

                 is                 
------------------------------------
 ok 8 - future validity is explicit
(1 row)

                              is                              
--------------------------------------------------------------
 ok 9 - largest configured threshold determines expiring soon
(1 row)

                               is                               
----------------------------------------------------------------
 ok 10 - evidence outside configured thresholds remains current
(1 row)

                               ok                                
-----------------------------------------------------------------
 ok 11 - validity notifications dedupe per version and threshold
(1 row)

                                     ok                                     
----------------------------------------------------------------------------
 ok 12 - outbox records validity events and terminal unavailable recipients
(1 row)

                            ok                            
----------------------------------------------------------
 ok 13 - notification outbox keeps enabled non-forced RLS
(1 row)

                    ok                    
------------------------------------------
 ok 14 - outbox remains service-role-only
(1 row)

                   ok                    
-----------------------------------------
 ok 15 - expiry interval read RPC exists
(1 row)

                               ok                                
-----------------------------------------------------------------
 ok 16 - idempotent optimistic expiry interval update RPC exists
(1 row)

                         ok                         
----------------------------------------------------
 ok 17 - durable validity reconciliation RPC exists
(1 row)

                      ok                       
-----------------------------------------------
 ok 18 - lease claim and completion RPCs exist
(1 row)

                     ok                      
---------------------------------------------
 ok 19 - bounded tenant traversal RPC exists
(1 row)

                         ok                         
----------------------------------------------------
 ok 20 - version-pinned reuse projection RPC exists
(1 row)

                           ok                            
---------------------------------------------------------
 ok 21 - validity-filtered evidence list overload exists
(1 row)

                                 ok                                  
---------------------------------------------------------------------
 ok 22 - settings mutation has a pinned security-definer search path
(1 row)

                                  ok                                  
----------------------------------------------------------------------
 ok 23 - notification claim has a pinned security-definer search path
(1 row)

                        ok                         
---------------------------------------------------
 ok 24 - reuse projection is service-role mediated
(1 row)

                      ok                       
-----------------------------------------------
 ok 25 - tenant traversal is service-role only
(1 row)

                                            ok                                            
------------------------------------------------------------------------------------------
 ok 26 - reuse projection requires evidence access and gates technical targets separately
(1 row)

                                           ok                                            
-----------------------------------------------------------------------------------------
 ok 27 - reuse resolves an immutable linked version rather than retargeting the document
(1 row)

                                            ok                                            
------------------------------------------------------------------------------------------
 ok 28 - reuse excludes inactive technical-file targets just as its count projection does
(1 row)

                                      ok                                       
-------------------------------------------------------------------------------
 ok 29 - framework mapping contract is honestly empty while M10 is unavailable
(1 row)

                                     ok                                      
-----------------------------------------------------------------------------
 ok 30 - list applies validity filtering and returns matching linkage counts
(1 row)

                                                       ok                                                       
----------------------------------------------------------------------------------------------------------------
 ok 31 - next cursor is the final selected row only when another page exists, so keyset pages do not skip a row
(1 row)

                                      ok                                       
-------------------------------------------------------------------------------
 ok 32 - reconciliation excludes evidence applicable only to archived products
(1 row)

                                 ok                                  
---------------------------------------------------------------------
 ok 33 - settings update persists and serializes idempotent commands
(1 row)

                                       ok                                        
---------------------------------------------------------------------------------
 ok 34 - claimed expiry dates are UTC timestamps accepted by the worker boundary
(1 row)

                             is                             
------------------------------------------------------------
 ok 35 - cross-tenant/unverified interval reads fail closed
(1 row)

                           is                            
---------------------------------------------------------
 ok 36 - cross-tenant/unverified reuse reads fail closed
(1 row)

                                   is                                   
------------------------------------------------------------------------
 ok 37 - empty foreign tenant queue does not disclose notification data
(1 row)

 finish 
--------
(0 rows)

ROLLBACK
Running tests/m8-evidence-versions-delivery.test.sql
BEGIN
CREATE EXTENSION
 plan  
-------
 1..27
(1 row)

                                    ok                                    
--------------------------------------------------------------------------
 ok 1 - access grants are durable records rather than storage signed URLs
(1 row)

                        ok                        
--------------------------------------------------
 ok 2 - access grants have enabled non-forced RLS
(1 row)

                             ok                              
-------------------------------------------------------------
 ok 3 - only service role receives access-grant table access
(1 row)

                             ok                              
-------------------------------------------------------------
 ok 4 - authenticated users cannot read bearer grant records
(1 row)

                           ok                           
--------------------------------------------------------
 ok 5 - grant document and version must belong together
(1 row)

                   ok                   
----------------------------------------
 ok 6 - evidence bucket remains private
(1 row)

                                ok                                 
-------------------------------------------------------------------
 ok 7 - safe preview images are allowed while SVG remains rejected
(1 row)

                        ok                         
---------------------------------------------------
 ok 8 - finalization accepts verified WebP content
(1 row)

                    ok                     
-------------------------------------------
 ok 9 - replacement reservation RPC exists
(1 row)

                 ok                 
------------------------------------
 ok 10 - version history RPC exists
(1 row)

                   ok                    
-----------------------------------------
 ok 11 - access authorization RPC exists
(1 row)

                  ok                  
--------------------------------------
 ok 12 - access redemption RPC exists
(1 row)

                  ok                  
--------------------------------------
 ok 13 - integrity failure RPC exists
(1 row)

                             ok                              
-------------------------------------------------------------
 ok 14 - replacement RPC uses a pinned security-definer path
(1 row)

                             ok                             
------------------------------------------------------------
 ok 15 - redemption RPC uses a pinned security-definer path
(1 row)

                       ok                       
------------------------------------------------
 ok 16 - authorization RPC is service-role only
(1 row)

                     ok                     
--------------------------------------------
 ok 17 - integrity RPC is service-role only
(1 row)

                                       ok                                        
---------------------------------------------------------------------------------
 ok 18 - replacement locks the document and detects stale current-version writes
(1 row)

                                  ok                                   
-----------------------------------------------------------------------
 ok 19 - replacement assigns deterministic append-only version numbers
(1 row)

                             ok                              
-------------------------------------------------------------
 ok 20 - authorization verifies version-pinned product scope
(1 row)

                                   ok                                   
------------------------------------------------------------------------
 ok 21 - redemption records byte delivery separately from authorization
(1 row)

                          ok                          
------------------------------------------------------
 ok 22 - redemption rejects out-of-bounds byte ranges
(1 row)

                                ok                                 
-------------------------------------------------------------------
 ok 23 - integrity failures enqueue responsible-owner notification
(1 row)

                                     ok                                     
----------------------------------------------------------------------------
 ok 24 - integrity failure terminally records the correlated delivery grant
(1 row)

                                   ok                                    
-------------------------------------------------------------------------
 ok 25 - notification claim identifies integrity versus quarantine alert
(1 row)

                                   ok                                   
------------------------------------------------------------------------
 ok 26 - authorization and issuance are durably audited in the same RPC
(1 row)

                             ok                             
------------------------------------------------------------
 ok 27 - version history is newest-first and product-scoped
(1 row)

 finish 
--------
(0 rows)

ROLLBACK
Running tests/m9-02-supplier-evidence-portal.test.sql
BEGIN
CREATE EXTENSION
 plan  
-------
 1..27
(1 row)

             ok              
-----------------------------
 ok 1 - request table exists
(1 row)

                   ok                   
----------------------------------------
 ok 2 - immutable revision table exists
(1 row)

                ok                 
-----------------------------------
 ok 3 - revision item table exists
(1 row)

                    ok                    
------------------------------------------
 ok 4 - hash-only invitation table exists
(1 row)

                    ok                    
------------------------------------------
 ok 5 - external attribution table exists
(1 row)

                     ok                      
---------------------------------------------
 ok 6 - requests have enabled non-forced RLS
(1 row)

                       ok                       
------------------------------------------------
 ok 7 - invitations have enabled non-forced RLS
(1 row)

                      ok                       
-----------------------------------------------
 ok 8 - anonymous has no direct request access
(1 row)

                          ok                          
------------------------------------------------------
 ok 9 - authenticated has no direct submission access
(1 row)

                      ok                       
-----------------------------------------------
 ok 10 - service role owns request persistence
(1 row)

                      ok                       
-----------------------------------------------
 ok 11 - invitation persists a token hash only
(1 row)

                            ok                            
----------------------------------------------------------
 ok 12 - no raw invitation or session token column exists
(1 row)

                           ok                           
--------------------------------------------------------
 ok 13 - preview RPC has a pinned security-definer path
(1 row)

                         ok                          
-----------------------------------------------------
 ok 14 - service role can redeem a scoped invitation
(1 row)

                                ok                                
------------------------------------------------------------------
 ok 15 - authenticated cannot redeem a portal invitation directly
(1 row)

                     is                      
---------------------------------------------
 ok 16 - unknown invitation is not disclosed
(1 row)

                       is                        
-------------------------------------------------
 ok 17 - guessed portal session is not disclosed
(1 row)

                                   is                                    
-------------------------------------------------------------------------
 ok 18 - sibling request item cannot be reserved without a valid session
(1 row)

                     is                      
---------------------------------------------
 ok 19 - unscoped internal preview is denied
(1 row)

                                   ok                                   
------------------------------------------------------------------------
 ok 20 - issue derives its preview fingerprint from the canonical draft
(1 row)

                         ok                          
-----------------------------------------------------
 ok 21 - issue command retains an idempotency digest
(1 row)

                         ok                         
----------------------------------------------------
 ok 22 - clean scans remain pending internal review
(1 row)

                             ok                              
-------------------------------------------------------------
 ok 23 - quarantined scans become supplier-visible rejection
(1 row)

                                       ok                                       
--------------------------------------------------------------------------------
 ok 24 - reissue revokes prior active sessions before creating a new invitation
(1 row)

                                            ok                                             
-------------------------------------------------------------------------------------------
 ok 25 - completion has its own M8 idempotency scope rather than requiring the reserve key
(1 row)

                                              ok                                              
----------------------------------------------------------------------------------------------
 ok 26 - an already queued scoped upload can safely replay finalization after a lost response
(1 row)

                                       ok                                       
--------------------------------------------------------------------------------
 ok 27 - a scoped queued submission can be inspected only to retry finalization
(1 row)

 finish 
--------
(0 rows)

ROLLBACK
Running tests/m9-03-supplier-evidence-review.test.sql
BEGIN
CREATE EXTENSION
 plan  
-------
 1..42
(1 row)

                       ok                        
-------------------------------------------------
 ok 1 - immutable supplier-review history exists
(1 row)

                        ok                        
--------------------------------------------------
 ok 2 - review history has enabled non-forced RLS
(1 row)

                         ok                          
-----------------------------------------------------
 ok 3 - anonymous callers cannot read review history
(1 row)

                                ok                                
------------------------------------------------------------------
 ok 4 - authenticated callers cannot read review history directly
(1 row)

                     ok                      
---------------------------------------------
 ok 5 - service role persists review history
(1 row)

                          ok                           
-------------------------------------------------------
 ok 6 - request has an explicit aggregate review state
(1 row)

                       ok                       
------------------------------------------------
 ok 7 - invitation has a durable delivery state
(1 row)

                            ok                             
-----------------------------------------------------------
 ok 8 - follow-up item keeps immutable source-item lineage
(1 row)

                           ok                           
--------------------------------------------------------
 ok 9 - a submission may have only one immutable review
(1 row)

                                 ok                                  
---------------------------------------------------------------------
 ok 10 - review retries are attributed to a reviewer idempotency key
(1 row)

            ok             
---------------------------
 ok 11 - review RPC exists
(1 row)

              ok               
-------------------------------
 ok 12 - re-request RPC exists
(1 row)

             ok              
-----------------------------
 ok 13 - delivery RPC exists
(1 row)

                ok                
----------------------------------
 ok 14 - review-detail RPC exists
(1 row)

               ok                
---------------------------------
 ok 15 - review queue RPC exists
(1 row)

                      ok                       
-----------------------------------------------
 ok 16 - filtered safe request-list RPC exists
(1 row)

                          ok                           
-------------------------------------------------------
 ok 17 - review RPC has a pinned security-definer path
(1 row)

                            ok                             
-----------------------------------------------------------
 ok 18 - re-request RPC has a pinned security-definer path
(1 row)

                           ok                            
---------------------------------------------------------
 ok 19 - delivery RPC has a pinned security-definer path
(1 row)

                         ok                         
----------------------------------------------------
 ok 20 - service role can review submitted evidence
(1 row)

                                 ok                                  
---------------------------------------------------------------------
 ok 21 - authenticated callers cannot invoke the review RPC directly
(1 row)

                         ok                          
-----------------------------------------------------
 ok 22 - service role can create a scoped re-request
(1 row)

                                ok                                 
-------------------------------------------------------------------
 ok 23 - authenticated callers cannot invoke a re-request directly
(1 row)

                             ok                             
------------------------------------------------------------
 ok 24 - service role can use filtered safe request listing
(1 row)

                            ok                            
----------------------------------------------------------
 ok 25 - review rejects versions that are no longer clean
(1 row)

                                           ok                                            
-----------------------------------------------------------------------------------------
 ok 26 - review uses the rendered submission revision as an optimistic-concurrency check
(1 row)

                                               ok                                               
------------------------------------------------------------------------------------------------
 ok 27 - rendered submission revision retains microseconds for the optimistic-concurrency check
(1 row)

                                      ok                                      
------------------------------------------------------------------------------
 ok 28 - review rechecks active reviewer authority after locking the decision
(1 row)

                               ok                               
----------------------------------------------------------------
 ok 29 - rejection reason validation is inside the atomic write
(1 row)

                                ok                                
------------------------------------------------------------------
 ok 30 - per-item state keeps acceptance distinct from scan state
(1 row)

                                        ok                                        
----------------------------------------------------------------------------------
 ok 31 - re-request persists item lineage instead of overwriting the old revision
(1 row)

                                   ok                                    
-------------------------------------------------------------------------
 ok 32 - re-request rejects pending or accepted source items server-side
(1 row)

                                        ok                                        
----------------------------------------------------------------------------------
 ok 33 - re-request revokes prior scoped invitations before issuing a replacement
(1 row)

                         ok                         
----------------------------------------------------
 ok 34 - delivery state is not silently overwritten
(1 row)

                                         ok                                         
------------------------------------------------------------------------------------
 ok 35 - invitation JSON exposes supplier-request delivery failure state internally
(1 row)

                             ok                              
-------------------------------------------------------------
 ok 36 - request summary JSON exposes aggregate review state
(1 row)

                               ok                                
-----------------------------------------------------------------
 ok 37 - review detail JSON exposes review checklist projections
(1 row)

                            ok                            
----------------------------------------------------------
 ok 38 - submission JSON exposes immutable review history
(1 row)

                                        ok                                         
-----------------------------------------------------------------------------------
 ok 39 - ordinary request detail does not expose reviewer-only notes or provenance
(1 row)

                                                ok                                                 
---------------------------------------------------------------------------------------------------
 ok 40 - portal checklist projection always supplies the nullable re-request reason contract field
(1 row)

                             ok                             
------------------------------------------------------------
 ok 41 - follow-up SQL limits match the shared Zod contract
(1 row)

                                   ok                                    
-------------------------------------------------------------------------
 ok 42 - re-request replay digest excludes regenerated invitation expiry
(1 row)

 finish 
--------
(0 rows)

ROLLBACK
Running tests/m9-04-supplier-evidence-reminders-metrics.test.sql
BEGIN
CREATE EXTENSION
 plan  
-------
 1..29
(1 row)

                       has_table                       
-------------------------------------------------------
 ok 1 - M9-04 uses a dedicated durable reminder ledger
(1 row)

                      has_column                      
------------------------------------------------------
 ok 2 - organization settings retain reminder cadence
(1 row)

                 has_column                 
--------------------------------------------
 ok 3 - settings use optimistic concurrency
(1 row)

                  col_is_pk                   
----------------------------------------------
 ok 4 - delivery has an immutable primary key
(1 row)

                                   ok                                    
-------------------------------------------------------------------------
 ok 5 - logical reminder dedupe includes the immutable due-date snapshot
(1 row)

                   ok                   
----------------------------------------
 ok 6 - reminder ledger has RLS enabled
(1 row)

                             ok                             
------------------------------------------------------------
 ok 7 - authenticated users cannot directly read the ledger
(1 row)

               ok                
---------------------------------
 ok 8 - default cadence is valid
(1 row)

                      ok                       
-----------------------------------------------
 ok 9 - duplicate cadence offsets are rejected
(1 row)

                           ok                            
---------------------------------------------------------
 ok 10 - a cadence requires an overdue escalation offset
(1 row)

               ok                
---------------------------------
 ok 11 - zero offset is rejected
(1 row)

                ok                
----------------------------------
 ok 12 - settings read RPC exists
(1 row)

                 ok                 
------------------------------------
 ok 13 - settings update RPC exists
(1 row)

                    ok                     
-------------------------------------------
 ok 14 - durable reconciliation RPC exists
(1 row)

                        ok                         
---------------------------------------------------
 ok 15 - bounded organization traversal RPC exists
(1 row)

               ok                
---------------------------------
 ok 16 - worker claim RPC exists
(1 row)

                      ok                       
-----------------------------------------------
 ok 17 - prepare RPC accepts only a token hash
(1 row)

                       ok                        
-------------------------------------------------
 ok 18 - completion RPC records provider outcome
(1 row)

                                       ok                                       
--------------------------------------------------------------------------------
 ok 19 - manual retry RPC verifies the nested request id and optimistic version
(1 row)

                    ok                    
------------------------------------------
 ok 20 - tenant-scoped metrics RPC exists
(1 row)

                  ok                   
---------------------------------------
 ok 21 - overdue drill-down RPC exists
(1 row)

                            ok                             
-----------------------------------------------------------
 ok 22 - claim RPC has pinned security-definer search path
(1 row)

                   ok                    
-----------------------------------------
 ok 23 - worker RPC is service-role-only
(1 row)

                        ok                        
--------------------------------------------------
 ok 24 - reconciliation obsoletes prior revisions
(1 row)

                            ok                            
----------------------------------------------------------
 ok 25 - catch-up does not flood missed pre-due reminders
(1 row)

                                       ok                                        
---------------------------------------------------------------------------------
 ok 26 - supplier reminder preparation validates token hashes before persistence
(1 row)

                                 ok                                  
---------------------------------------------------------------------
 ok 27 - overdue escalation uses deterministic active-owner fallback
(1 row)

                                   ok                                   
------------------------------------------------------------------------
 ok 28 - claim enforces the delivered supplier reminder frequency bound
(1 row)

                                    ok                                     
---------------------------------------------------------------------------
 ok 29 - turnaround excludes evidence finalized before invitation delivery
(1 row)

 finish 
--------
(0 rows)

ROLLBACK
Running tests/m9-05-supplier-document-extraction.test.sql
BEGIN
CREATE EXTENSION
 plan  
-------
 1..34
(1 row)

                ok                 
-----------------------------------
 ok 1 - inference runs are durable
(1 row)

                  ok                  
--------------------------------------
 ok 2 - field suggestions are durable
(1 row)

               ok               
--------------------------------
 ok 3 - runs use non-forced RLS
(1 row)

                ok                
----------------------------------
 ok 4 - fields use non-forced RLS
(1 row)

                  ok                  
--------------------------------------
 ok 5 - runs are not directly exposed
(1 row)

                   ok                   
----------------------------------------
 ok 6 - fields are not directly exposed
(1 row)

                 ok                 
------------------------------------
 ok 7 - service role owns run state
(1 row)

                  ok                  
--------------------------------------
 ok 8 - service role owns suggestions
(1 row)

               ok                
---------------------------------
 ok 9 - OCR page map is additive
(1 row)

            ok            
--------------------------
 ok 10 - start RPC exists
(1 row)

               ok                
---------------------------------
 ok 11 - worker claim RPC exists
(1 row)

                    ok                     
-------------------------------------------
 ok 12 - lease-bound completion RPC exists
(1 row)

                     ok                     
--------------------------------------------
 ok 13 - lease-bound worker read RPC exists
(1 row)

                  ok                   
---------------------------------------
 ok 14 - on-demand page-map RPC exists
(1 row)

                     ok                      
---------------------------------------------
 ok 15 - new OCR completion accepts page map
(1 row)

                   ok                   
----------------------------------------
 ok 16 - bounded scoped read RPC exists
(1 row)

                     ok                      
---------------------------------------------
 ok 17 - unbounded read overload was removed
(1 row)

                    ok                    
------------------------------------------
 ok 18 - atomic field decision RPC exists
(1 row)

               ok                
---------------------------------
 ok 19 - manual field RPC exists
(1 row)

                       ok                        
-------------------------------------------------
 ok 20 - ordinary sessions cannot bypass the API
(1 row)

                       ok                       
------------------------------------------------
 ok 21 - service role can make scoped decisions
(1 row)

                         is                         
----------------------------------------------------
 ok 22 - unverified identity cannot read extraction
(1 row)

                         is                          
-----------------------------------------------------
 ok 23 - tenant substitution cannot queue extraction
(1 row)

                               is                               
----------------------------------------------------------------
 ok 24 - product and actor substitution cannot read suggestions
(1 row)

                                is                                
------------------------------------------------------------------
 ok 25 - unauthorized read is denied before pagination validation
(1 row)

                    ok                    
------------------------------------------
 ok 26 - page map permits blank OCR pages
(1 row)

                     ok                      
---------------------------------------------
 ok 27 - page map rejects missing first page
(1 row)

                    ok                    
------------------------------------------
 ok 28 - page map rejects duplicate pages
(1 row)

                      is                      
----------------------------------------------
 ok 29 - unknown run cannot attach a page map
(1 row)

                                 is                                 
--------------------------------------------------------------------
 ok 30 - truncated OCR without a page map reaches legacy completion
(1 row)

                                   is                                   
------------------------------------------------------------------------
 ok 31 - truncated OCR with an empty page map reaches legacy completion
(1 row)

                           is                           
--------------------------------------------------------
 ok 32 - nontruncated OCR requires a locatable page map
(1 row)

                                       ok                                       
--------------------------------------------------------------------------------
 ok 33 - service role cannot bypass the confidence gate through the legacy core
(1 row)

                                                      ok                                                       
---------------------------------------------------------------------------------------------------------------
 ok 34 - service role can satisfy the existing organization-settings reminder check while configuring local AI
(1 row)

 finish 
--------
(0 rows)

ROLLBACK
Running tests/m9-06-supplier-sbom-alias-composite.test.sql
BEGIN
DO
ROLLBACK
Running tests/m9-06-supplier-sbom-bridge.test.sql
BEGIN
CREATE EXTENSION
 plan  
-------
 1..21
(1 row)

                      ok                       
-----------------------------------------------
 ok 1 - M9 checklist item links one M3 request
(1 row)

                   ok                    
-----------------------------------------
 ok 2 - M3 grant binds the M9 invitation
(1 row)

                ok                 
-----------------------------------
 ok 3 - M3 grant binds the M9 item
(1 row)

                      ok                       
-----------------------------------------------
 ok 4 - M3 request link has scoped foreign key
(1 row)

                    ok                     
-------------------------------------------
 ok 5 - M3 grant has scoped M9 foreign key
(1 row)

                       ok                       
------------------------------------------------
 ok 6 - M3 grant has scoped M9 item foreign key
(1 row)

                       ok                       
------------------------------------------------
 ok 7 - narrow linked session activation exists
(1 row)

                         ok                         
----------------------------------------------------
 ok 8 - anonymous cannot activate linked M3 session
(1 row)

                           ok                           
--------------------------------------------------------
 ok 9 - authenticated cannot activate linked M3 session
(1 row)

                         ok                          
-----------------------------------------------------
 ok 10 - service role can activate linked M3 session
(1 row)

                     is                     
--------------------------------------------
 ok 11 - guessed session cannot activate M3
(1 row)

                        ok                         
---------------------------------------------------
 ok 12 - M3 reservation rechecks linked M9 session
(1 row)

                           ok                            
---------------------------------------------------------
 ok 13 - M3 upload inspection rechecks linked M9 session
(1 row)

                         ok                         
----------------------------------------------------
 ok 14 - M3 finalization rechecks linked M9 session
(1 row)

                      ok                      
----------------------------------------------
 ok 15 - M9 draft validates scoped M3 request
(1 row)

                     ok                      
---------------------------------------------
 ok 16 - M9 issue binds M3 grants atomically
(1 row)

                        ok                         
---------------------------------------------------
 ok 17 - legacy evidence upload refuses SBOM items
(1 row)

                              ok                               
---------------------------------------------------------------
 ok 18 - component mismatch has bounded supplier-safe guidance
(1 row)

                           ok                            
---------------------------------------------------------
 ok 19 - completed deduplicated source leaves processing
(1 row)

                              ok                               
---------------------------------------------------------------
 ok 20 - composite scope admits only accepted supplier aliases
(1 row)

                             ok                              
-------------------------------------------------------------
 ok 21 - composite source persists accepted alias provenance
(1 row)

 finish 
--------
(0 rows)

ROLLBACK
Running tests/m9-06-supplier-sbom-flow.test.sql
BEGIN
SELECT 1
INSERT 0 1
INSERT 0 1
INSERT 0 1
INSERT 0 1
INSERT 0 1
SELECT 1
DO
ROLLBACK
Running tests/m9-supplier-registry.test.sql
CREATE FUNCTION
psql:<stdin>:19: NOTICE:  ok   M9-01 creates tenant-private supplier registry tables
 check 
-------
 
(1 row)

 check 
-------
 
(1 row)

psql:<stdin>:35: NOTICE:  ok   M9-01 registry tables use RLS and do not expose browser privileges
psql:<stdin>:41: NOTICE:  ok   M9-01 archive-only records do not grant service-role DELETE
 check 
-------
 
(1 row)

 check 
-------
 
(1 row)

psql:<stdin>:47: NOTICE:  ok   M9-01 responsibility identity is exact and restrictive
psql:<stdin>:52: NOTICE:  ok   M9-01 supplier-request link is composite tenant-scoped and restrictive
 check 
-------
 
(1 row)

 check 
-------
 
(1 row)

psql:<stdin>:75: NOTICE:  ok   M9-01 authoritative RPCs are security-definer and service-role-only
 check 
-------
 
(1 row)

psql:<stdin>:82: NOTICE:  ok   M9-01 response projections retain no contact audit metadata and use occurrenceId
psql:<stdin>:88: NOTICE:  ok   M9-01 serializes same-name review and protects product visibility
 check 
-------
 
(1 row)

psql:<stdin>:94: NOTICE:  ok   M9-01 supersession advances only the same canonical component
 check 
-------
 
(1 row)

Running tests/mfa-recovery.test.sql
Timing is off.
CREATE FUNCTION
 check 
-------
 
(1 row)

psql:<stdin>:20: NOTICE:  ok   MFA recovery operation table exists
psql:<stdin>:31: NOTICE:  ok   MFA recovery RPCs exist
 check 
-------
 
(1 row)

psql:<stdin>:46: NOTICE:  ok   MFA recovery table has RLS and no public policies
 check 
-------
 
(1 row)

psql:<stdin>:59: NOTICE:  ok   MFA recovery table is service-role only
 check 
-------
 
(1 row)

psql:<stdin>:112: NOTICE:  ok   MFA recovery RPCs are service-role only
 check 
-------
 
(1 row)

psql:<stdin>:123: NOTICE:  ok   MFA recovery operations cannot store raw code material
 check 
-------
 
(1 row)

BEGIN
psql:<stdin>:404: NOTICE:  ok   malformed MFA recovery code hash is invalid
psql:<stdin>:404: NOTICE:  ok   unknown MFA recovery code hash is invalid
psql:<stdin>:404: NOTICE:  ok   consumed code without an operation is invalid
psql:<stdin>:404: NOTICE:  ok   another user cannot claim an MFA recovery code
psql:<stdin>:404: NOTICE:  ok   MFA recovery fails closed without an auth profile
psql:<stdin>:404: NOTICE:  ok   matching unused code creates one claimed operation
psql:<stdin>:404: NOTICE:  ok   an overlapping retry observes the claimed operation in progress
psql:<stdin>:404: NOTICE:  ok   a different valid code observes the one live user operation
psql:<stdin>:404: NOTICE:  ok   an expired worker lease makes a claimed operation retryable
psql:<stdin>:404: NOTICE:  ok   another user cannot transition an MFA recovery operation
psql:<stdin>:404: NOTICE:  ok   completion rejects the claimed prior state
psql:<stdin>:404: NOTICE:  ok   provider failure persists a sanitized retryable state
psql:<stdin>:404: NOTICE:  ok   retry resumes the same failed operation
psql:<stdin>:404: NOTICE:  ok   factor removal advances a claimed or failed operation
psql:<stdin>:404: NOTICE:  ok   factor removal rejects an already advanced state
psql:<stdin>:404: NOTICE:  ok   failure rejects the factors-removed state
psql:<stdin>:404: NOTICE:  ok   completion deletes codes and records audit atomically
psql:<stdin>:404: NOTICE:  ok   completion rejects completed replay
psql:<stdin>:404: NOTICE:  ok   factor transition rejects completed replay
psql:<stdin>:404: NOTICE:  ok   failure transition rejects completed replay
DO
ROLLBACK
                result                
--------------------------------------
 MFA recovery saga: ALL CHECKS PASSED
(1 row)

Running tests/password-reset.test.sql
Timing is off.
CREATE FUNCTION
 check 
-------
 
(1 row)

psql:<stdin>:20: NOTICE:  ok   atomic password-reset RPC exists
psql:<stdin>:33: NOTICE:  ok   atomic password-reset RPC is service-role only
 check 
-------
 
(1 row)

BEGIN
psql:<stdin>:167: NOTICE:  ok   malformed password-reset token is invalid
psql:<stdin>:167: NOTICE:  ok   unknown password-reset token is invalid
psql:<stdin>:167: NOTICE:  ok   consumed password-reset token is invalid and inert
psql:<stdin>:167: NOTICE:  ok   expired password-reset token remains unconsumed and inert
psql:<stdin>:167: NOTICE:  ok   password-reset token without auth profile fails closed
psql:<stdin>:167: NOTICE:  ok   password-reset token consumes and revokes sessions atomically
DO
ROLLBACK
psql:<stdin>:167: NOTICE:  ok   password-reset token cannot be replayed
                   result                    
---------------------------------------------
 Password reset atomicity: ALL CHECKS PASSED
(1 row)

Running tests/rls.test.sql
Timing is off.
CREATE FUNCTION
CREATE TABLE
INSERT 0 1
psql:<stdin>:92: NOTICE:  ok   no table privileges leak to anon/authenticated/PUBLIC
psql:<stdin>:92: NOTICE:  ok   every public table has RLS enabled
psql:<stdin>:92: NOTICE:  ok   users has a server-side email verification state
psql:<stdin>:92: NOTICE:  ok   every organization has a permissions version
psql:<stdin>:92: NOTICE:  ok   every public function pins search_path
psql:<stdin>:92: NOTICE:  ok   no table uses FORCE row level security
DO
psql:<stdin>:92: NOTICE:  ok   every updated_at column has its trigger
psql:<stdin>:104: NOTICE:  ok   seeded users are marked email-verified
DO
psql:<stdin>:122: NOTICE:  ok   auth_login_attempts has no policy at all
psql:<stdin>:122: NOTICE:  ok   auth_email_verifications has no policy at all
psql:<stdin>:122: NOTICE:  ok   auth_recovery_tokens has no policy at all
psql:<stdin>:122: NOTICE:  ok   auth_mfa_recovery_codes has no policy at all
DO
BEGIN
psql:<stdin>:177: NOTICE:  ok   organization_members selectable without 42P17
psql:<stdin>:177: NOTICE:  ok   seed users visible through shared-org policy
psql:<stdin>:177: NOTICE:  ok   own organization visible
DO
psql:<stdin>:177: NOTICE:  ok   custom roles visible to a member
ROLLBACK
BEGIN
psql:<stdin>:219: NOTICE:  ok   cannot see another organization
psql:<stdin>:219: NOTICE:  ok   cannot see another organization's members
DO
psql:<stdin>:219: NOTICE:  ok   cannot see a user from another organization
ROLLBACK
BEGIN
psql:<stdin>:264: NOTICE:  ok   permissions version bumps on an RBAC write
psql:<stdin>:264: NOTICE:  ok   a role change does NOT end existing sessions
psql:<stdin>:264: NOTICE:  ok   deactivation ends every session at once
DO
ROLLBACK
BEGIN
DO
psql:<stdin>:287: NOTICE:  ok   demoting the last owner is rejected
ROLLBACK
BEGIN
psql:<stdin>:328: NOTICE:  ok   only one pending invitation per (org, email)
psql:<stdin>:328: NOTICE:  ok   re-invite after decline is allowed
psql:<stdin>:328: NOTICE:  ok   token_hash must be a full sha256
DO
ROLLBACK
 check 
-------
 
(1 row)

psql:<stdin>:337: NOTICE:  ok   atomic invitation RPC exists
psql:<stdin>:356: NOTICE:  ok   atomic invitation RPC is service-role only
 check 
-------
 
(1 row)

psql:<stdin>:363: NOTICE:  ok   atomic invitation revoke RPC exists
 check 
-------
 
(1 row)

 check 
-------
 
(1 row)

psql:<stdin>:382: NOTICE:  ok   atomic invitation revoke RPC is service-role only
BEGIN
psql:<stdin>:610: NOTICE:  ok   expired invitation is rejected
psql:<stdin>:610: NOTICE:  ok   expired invitation is durably marked expired
psql:<stdin>:610: NOTICE:  ok   revoked invitation is not pending
psql:<stdin>:610: NOTICE:  ok   unknown invitation hash is not found
psql:<stdin>:610: NOTICE:  ok   malformed invitation hash is not found
psql:<stdin>:610: NOTICE:  ok   missing invitation user is rejected
psql:<stdin>:610: NOTICE:  ok   invitation email mismatch is rejected
psql:<stdin>:610: NOTICE:  ok   pending invitation is accepted
psql:<stdin>:610: NOTICE:  ok   accepted invitation returns its organization
psql:<stdin>:610: NOTICE:  ok   acceptance creates exactly one membership with the invited role
psql:<stdin>:610: NOTICE:  ok   acceptance records its timestamp
psql:<stdin>:610: NOTICE:  ok   acceptance writes exactly one audit row
psql:<stdin>:610: NOTICE:  ok   second acceptance is idempotent
psql:<stdin>:610: NOTICE:  ok   idempotent acceptance does not duplicate effects
psql:<stdin>:610: NOTICE:  ok   accepted invitation without membership fails closed
psql:<stdin>:610: NOTICE:  ok   accepting as an existing member does not duplicate membership
psql:<stdin>:610: NOTICE:  ok   missing invitation cannot be revoked
psql:<stdin>:610: NOTICE:  ok   cross-organization revoke does not reveal invitation existence
psql:<stdin>:610: NOTICE:  ok   missing revoke actor is rejected
psql:<stdin>:610: NOTICE:  ok   revoke actor email mismatch is rejected
psql:<stdin>:610: NOTICE:  ok   accepted invitation cannot be revoked
psql:<stdin>:610: NOTICE:  ok   pending invitation is revoked
psql:<stdin>:610: NOTICE:  ok   revocation records status and one audit row atomically
psql:<stdin>:610: NOTICE:  ok   second revocation is not replayed
psql:<stdin>:610: NOTICE:  ok   second revocation does not duplicate its audit row
DO
ROLLBACK
psql:<stdin>:621: NOTICE:  ok   atomic email verification RPC exists
 check 
-------
 
(1 row)

psql:<stdin>:640: NOTICE:  ok   atomic email verification RPC is service-role only
 check 
-------
 
(1 row)

BEGIN
psql:<stdin>:841: NOTICE:  ok   first wrong email code is invalid
psql:<stdin>:841: NOTICE:  ok   two wrong email codes increment exactly twice
psql:<stdin>:841: NOTICE:  ok   fifth wrong email code consumes the final attempt
psql:<stdin>:841: NOTICE:  ok   sixth email-code attempt is exhausted without increment
psql:<stdin>:841: NOTICE:  ok   caller cannot raise the email-code guessing budget
psql:<stdin>:841: NOTICE:  ok   expired email code cannot verify the user
psql:<stdin>:841: NOTICE:  ok   email code cannot verify another user
psql:<stdin>:841: NOTICE:  ok   correct email code verifies and consumes atomically
psql:<stdin>:841: NOTICE:  ok   consumed email code cannot be replayed
psql:<stdin>:841: NOTICE:  ok   signup code cannot verify a changed email address
psql:<stdin>:841: NOTICE:  ok   malformed email-code hash leaves a live code untouched
psql:<stdin>:841: NOTICE:  ok   invalid email-code attempt limit leaves a live code untouched
psql:<stdin>:841: NOTICE:  ok   null email-code attempt limit leaves a live code untouched
DO
ROLLBACK
BEGIN
psql:<stdin>:867: NOTICE:  ok   menu_permissions rejects a mismatched target
psql:<stdin>:867: NOTICE:  ok   a well-formed base_role menu rule is accepted
DO
ROLLBACK
BEGIN
psql:<stdin>:911: NOTICE:  ok   not locked before the threshold
psql:<stdin>:911: NOTICE:  ok   and is_login_locked agrees
psql:<stdin>:911: NOTICE:  ok   locked on the fifth failure
psql:<stdin>:911: NOTICE:  ok   is_login_locked reports the lock
psql:<stdin>:911: NOTICE:  ok   lockout is case-insensitive
psql:<stdin>:911: NOTICE:  ok   a successful sign-in clears the lock
psql:<stdin>:911: NOTICE:  ok   failures outside the window restart the count
DO
ROLLBACK
psql:<stdin>:937: NOTICE:  ok   suite left no privileges behind
psql:<stdin>:937: NOTICE:  ok   suite left no extra organizations behind
DO

RLS + schema invariants: ALL CHECKS PASSED
psql:<stdin>:937: NOTICE:  ok   suite left no invitations behind
Running tests/session-registration.test.sql
BEGIN
CREATE FUNCTION
psql:<stdin>:12: NOTICE:  ok the primary key uniquely binds organization and session
 check 
-------
 
(1 row)

 check 
-------
 
(1 row)

psql:<stdin>:15: NOTICE:  ok registration has no redundant secondary uniqueness arbiter
psql:<stdin>:18: NOTICE:  ok session lookup index remains available
 check 
-------
 
(1 row)

psql:<stdin>:24: NOTICE:  ok registration remains service-role only with pinned search path
 check 
-------
 
(1 row)

psql:<stdin>:52: NOTICE:  ok initial verified member registration succeeds
psql:<stdin>:52: NOTICE:  ok same user refresh preserves existing issued-at update behavior
psql:<stdin>:52: NOTICE:  ok another organization member cannot overwrite session identity
psql:<stdin>:52: NOTICE:  ok rejected substitution preserves identity and issued-at
psql:<stdin>:52: NOTICE:  ok foreign organization membership is rejected
DO
ROLLBACK
