
> CRA@ verify /Users/abjmac003/Documents/GitHub/CRA
> pnpm lint && pnpm check-types && pnpm test:architecture && pnpm test && pnpm build


> CRA@ lint /Users/abjmac003/Documents/GitHub/CRA
> turbo run lint

• turbo 2.10.8

   • Packages in scope: @repo/contracts, @repo/design-system, @repo/eslint-config, @repo/typescript-config, @repo/ui, agent, api, docs, infrastructure, web
   • Running lint in 10 packages
   • Remote caching disabled

@repo/ui:lint: cache hit, replaying logs e0576e533ae520eb
@repo/contracts:lint: cache hit, replaying logs 092aab015da4ba50
@repo/contracts:lint: 
@repo/contracts:lint: > @repo/contracts@0.0.0 lint /Users/abjmac003/Documents/GitHub/CRA/packages/contracts
@repo/contracts:lint: > eslint . --max-warnings 0
@repo/contracts:lint: 
@repo/ui:lint: 
@repo/ui:lint: > @repo/ui@0.0.0 lint /Users/abjmac003/Documents/GitHub/CRA/packages/ui
@repo/ui:lint: > eslint . --max-warnings 0
@repo/ui:lint: 
web:lint: cache hit, replaying logs 1156c625e7b62178
api:lint: cache hit, replaying logs 0befa0ad0a500386
web:lint: 
web:lint: > web@0.1.0 lint /Users/abjmac003/Documents/GitHub/CRA/apps/web
web:lint: > eslint --max-warnings 0
web:lint: 
agent:lint: cache hit, replaying logs 8552bf6442ffca3d
api:lint: 
api:lint: > api@0.0.1 lint /Users/abjmac003/Documents/GitHub/CRA/apps/api
api:lint: > eslint src test --max-warnings 0
api:lint: 
agent:lint: 
agent:lint: > agent@0.1.0 lint /Users/abjmac003/Documents/GitHub/CRA/apps/agent
agent:lint: > eslint src --max-warnings 0
agent:lint: 

 Tasks:    5 successful, 5 total
Cached:    5 cached, 5 total
  Time:    37ms >>> FULL TURBO


> CRA@ check-types /Users/abjmac003/Documents/GitHub/CRA
> turbo run check-types

• turbo 2.10.8

   • Packages in scope: @repo/contracts, @repo/design-system, @repo/eslint-config, @repo/typescript-config, @repo/ui, agent, api, docs, infrastructure, web
   • Running check-types in 10 packages
   • Remote caching disabled

@repo/contracts:check-types: cache hit, replaying logs 3fe8a8d767287fd9
@repo/contracts:check-types: 
@repo/contracts:check-types: > @repo/contracts@0.0.0 check-types /Users/abjmac003/Documents/GitHub/CRA/packages/contracts
@repo/contracts:check-types: > tsc --noEmit
@repo/contracts:check-types: 
@repo/ui:check-types: cache hit, replaying logs 8627d161147b4e00
@repo/ui:check-types: 
@repo/ui:check-types: > @repo/ui@0.0.0 check-types /Users/abjmac003/Documents/GitHub/CRA/packages/ui
@repo/ui:check-types: > tsc --noEmit
@repo/ui:check-types: 
api:check-types: cache hit, replaying logs 230818f8dbd7fa47
agent:check-types: cache hit, replaying logs 165c8a3d0443d0b1
api:check-types: 
api:check-types: > api@0.0.1 check-types /Users/abjmac003/Documents/GitHub/CRA/apps/api
api:check-types: > tsc --noEmit
api:check-types: 
agent:check-types: 
agent:check-types: > agent@0.1.0 check-types /Users/abjmac003/Documents/GitHub/CRA/apps/agent
agent:check-types: > tsc --noEmit
agent:check-types: 
docs:check-types: cache hit, replaying logs 90bba4319bf62c9e
web:check-types: cache hit, replaying logs 4c66af9a536d3925
web:check-types: 
web:check-types: > web@0.1.0 check-types /Users/abjmac003/Documents/GitHub/CRA/apps/web
web:check-types: > next typegen && tsc --noEmit
web:check-types: 
docs:check-types: 
docs:check-types: > docs@0.0.0 check-types /Users/abjmac003/Documents/GitHub/CRA/apps/docs
docs:check-types: > tsc --noEmit
docs:check-types: 
web:check-types: Generating route types...
web:check-types: ✓ Types generated successfully

 Tasks:    6 successful, 6 total
Cached:    6 cached, 6 total
  Time:    18ms >>> FULL TURBO


> CRA@ test:architecture /Users/abjmac003/Documents/GitHub/CRA
> node --test scripts/architecture/*.test.mjs && node scripts/architecture/verify-docs.mjs && depcruise --config dependency-cruiser.cjs apps packages

TAP version 13
# Subtest: accepts exactly one registered authority per mutation route
ok 1 - accepts exactly one registered authority per mutation route
  ---
  duration_ms: 18.153292
  type: 'test'
  ...
# Subtest: fails when a new route has no registration
ok 2 - fails when a new route has no registration
  ---
  duration_ms: 5.54125
  type: 'test'
  ...
# Subtest: fails duplicate registrations and more than one authority
ok 3 - fails duplicate registrations and more than one authority
  ---
  duration_ms: 5.212625
  type: 'test'
  ...
# Subtest: fails stale registration after a route is renamed
ok 4 - fails stale registration after a route is renamed
  ---
  duration_ms: 4.649917
  type: 'test'
  ...
# Subtest: fails when the controller base path changes
ok 5 - fails when the controller base path changes
  ---
  duration_ms: 7.11075
  type: 'test'
  ...
# Subtest: requires an evidence path for claimed authoritative writers
ok 6 - requires an evidence path for claimed authoritative writers
  ---
  duration_ms: 4.338458
  type: 'test'
  ...
# Subtest: requires a source symbol present in evidence
ok 7 - requires a source symbol present in evidence
  ---
  duration_ms: 4.72725
  type: 'test'
  ...
# Subtest: requires source symbols for durable authorities
ok 8 - requires source symbols for durable authorities
  ---
  duration_ms: 4.291208
  type: 'test'
  ...
# Subtest: rejects an unresolved mutation authority
ok 9 - rejects an unresolved mutation authority
  ---
  duration_ms: 7.817333
  type: 'test'
  ...
# Subtest: rejects an unreviewed best-effort mutation authority
ok 10 - rejects an unreviewed best-effort mutation authority
  ---
  duration_ms: 5.797208
  type: 'test'
  ...
# Subtest: fails when a semantic worker has no registration
ok 11 - fails when a semantic worker has no registration
  ---
  duration_ms: 5.563667
  type: 'test'
  ...
# Subtest: the repository mutation surface is fully registered
ok 12 - the repository mutation surface is fully registered
  ---
  duration_ms: 302.571916
  type: 'test'
  ...
# Subtest: defines fast and live verification lanes
ok 13 - defines fast and live verification lanes
  ---
  duration_ms: 26.2275
  type: 'test'
  ...
# Subtest: parses only allowlisted local Supabase environment values
ok 14 - parses only allowlisted local Supabase environment values
  ---
  duration_ms: 6.101875
  type: 'test'
  ...
# Subtest: fails closed when Supabase status fails or omits a required value
ok 15 - fails closed when Supabase status fails or omits a required value
  ---
  duration_ms: 542.874958
  type: 'test'
  ...
# Subtest: documents the verification commands without package-manager drift
ok 16 - documents the verification commands without package-manager drift
  ---
  duration_ms: 2.281833
  type: 'test'
  ...
# Subtest: normalizes declared nullable RPC result columns
ok 17 - normalizes declared nullable RPC result columns
  ---
  duration_ms: 2.251083
  type: 'test'
  ...
# Subtest: fails closed when the generated function shape changes
ok 18 - fails closed when the generated function shape changes
  ---
  duration_ms: 2.739708
  type: 'test'
  ...
# Subtest: keeps both generated database type copies synchronized
ok 19 - keeps both generated database type copies synchronized
  ---
  duration_ms: 13.416417
  type: 'test'
  ...
# Subtest: every declared dependency boundary rejects a representative import
ok 20 - every declared dependency boundary rejects a representative import
  ---
  duration_ms: 728.236042
  type: 'test'
  ...
# Subtest: workspace aliases resolve to their source modules
ok 21 - workspace aliases resolve to their source modules
  ---
  duration_ms: 758.000333
  type: 'test'
  ...
# Subtest: cross-app workspace aliases cannot bypass dependency boundaries
ok 22 - cross-app workspace aliases cannot bypass dependency boundaries
  ---
  duration_ms: 420.791167
  type: 'test'
  ...
# Subtest: generated build directories do not enter the dependency graph
ok 23 - generated build directories do not enter the dependency graph
  ---
  duration_ms: 415.775375
  type: 'test'
  ...
# Subtest: requires all 22 pattern names and feature decision questions
ok 24 - requires all 22 pattern names and feature decision questions
  ---
  duration_ms: 9.024875
  type: 'test'
  ...
# Subtest: accepts the repository architecture policy
ok 25 - accepts the repository architecture policy
  ---
  duration_ms: 4.733542
  type: 'test'
  ...
# Subtest: requires enforceable architecture rules in the root agent guide
ok 26 - requires enforceable architecture rules in the root agent guide
  ---
  duration_ms: 3.511125
  type: 'test'
  ...
# Subtest: rejects an agent guide that makes the feature template a quota
ok 27 - rejects an agent guide that makes the feature template a quota
  ---
  duration_ms: 10.961459
  type: 'test'
  ...
# Subtest: reports every missing required document instead of throwing
ok 28 - reports every missing required document instead of throwing
  ---
  duration_ms: 2.314583
  type: 'test'
  ...
# Subtest: requires real pattern blocks and template headings
ok 29 - requires real pattern blocks and template headings
  ---
  duration_ms: 7.124917
  type: 'test'
  ...
# Subtest: rejects duplicate pattern decisions
ok 30 - rejects duplicate pattern decisions
  ---
  duration_ms: 9.121417
  type: 'test'
  ...
# Subtest: requires the detailed coding workflow and completion gates
ok 31 - requires the detailed coding workflow and completion gates
  ---
  duration_ms: 2.792041
  type: 'test'
  ...
# Subtest: CLI exits nonzero when architecture documents are missing
ok 32 - CLI exits nonzero when architecture documents are missing
  ---
  duration_ms: 32.884083
  type: 'test'
  ...
# Subtest: accepts a complete reusable fixture
ok 33 - accepts a complete reusable fixture
  ---
  duration_ms: 46.840083
  type: 'test'
  ...
# Subtest: rejects provider imports from application and domain code
    # Subtest: NestJS
    ok 1 - NestJS
      ---
      duration_ms: 39.180834
      type: 'test'
      ...
    # Subtest: Express
    ok 2 - Express
      ---
      duration_ms: 27.292
      type: 'test'
      ...
    # Subtest: Supabase
    ok 3 - Supabase
      ---
      duration_ms: 20.326
      type: 'test'
      ...
    # Subtest: jose
    ok 4 - jose
      ---
      duration_ms: 27.181
      type: 'test'
      ...
    # Subtest: Nodemailer
    ok 5 - Nodemailer
      ---
      duration_ms: 31.018917
      type: 'test'
      ...
    1..5
ok 34 - rejects provider imports from application and domain code
  ---
  duration_ms: 145.693708
  type: 'test'
  ...
# Subtest: rejects direct web fetch outside the central transport
ok 35 - rejects direct web fetch outside the central transport
  ---
  duration_ms: 18.466333
  type: 'test'
  ...
# Subtest: rejects controller-local and web API-local Zod wire schemas
ok 36 - rejects controller-local and web API-local Zod wire schemas
  ---
  duration_ms: 12.981
  type: 'test'
  ...
# Subtest: requires boundary schema references to come from shared contracts
ok 37 - requires boundary schema references to come from shared contracts
  ---
  duration_ms: 23.481917
  type: 'test'
  ...
# Subtest: requires paired schema/type folders and parsed wire types
ok 38 - requires paired schema/type folders and parsed wire types
  ---
  duration_ms: 42.210125
  type: 'test'
  ...
# Subtest: requires parsed controller inputs and declared response kinds
ok 39 - requires parsed controller inputs and declared response kinds
  ---
  duration_ms: 21.827083
  type: 'test'
  ...
# Subtest: requires an input schema for every web request body
ok 40 - requires an input schema for every web request body
  ---
  duration_ms: 17.622208
  type: 'test'
  ...
# Subtest: inspects transport options referenced through local variables
ok 41 - inspects transport options referenced through local variables
  ---
  duration_ms: 16.432917
  type: 'test'
  ...
# Subtest: rejects transport options that cannot be inspected statically
ok 42 - rejects transport options that cannot be inspected statically
  ---
  duration_ms: 15.005792
  type: 'test'
  ...
# Subtest: resolves transport options in their lexical scope
ok 43 - resolves transport options in their lexical scope
  ---
  duration_ms: 13.546125
  type: 'test'
  ...
# Subtest: resolves function-scoped var transport options
ok 44 - resolves function-scoped var transport options
  ---
  duration_ms: 14.120208
  type: 'test'
  ...
# Subtest: keeps TSX rendering functional and logic classes in plain TS
ok 45 - keeps TSX rendering functional and logic classes in plain TS
  ---
  duration_ms: 12.696333
  type: 'test'
  ...
# Subtest: requires orgId first only for clearly tenant-scoped service-role methods
ok 46 - requires orgId first only for clearly tenant-scoped service-role methods
  ---
  duration_ms: 14.322042
  type: 'test'
  ...
# Subtest: does not guess tenant scope for global or private service-role methods
ok 47 - does not guess tenant scope for global or private service-role methods
  ---
  duration_ms: 15.501875
  type: 'test'
  ...
# Subtest: rejects controller routes without public or authorization metadata
ok 48 - rejects controller routes without public or authorization metadata
  ---
  duration_ms: 14.793708
  type: 'test'
  ...
# Subtest: accepts controller-level authorization metadata
ok 49 - accepts controller-level authorization metadata
  ---
  duration_ms: 11.826333
  type: 'test'
  ...
# Subtest: rejects refresh cookie path drift
ok 50 - rejects refresh cookie path drift
  ---
  duration_ms: 14.944375
  type: 'test'
  ...
# Subtest: rejects loss of each token algorithm route
    # Subtest: HS256
    ok 1 - HS256
      ---
      duration_ms: 15.859417
      type: 'test'
      ...
    # Subtest: ES256
    ok 2 - ES256
      ---
      duration_ms: 12.003833
      type: 'test'
      ...
    # Subtest: RS256
    ok 3 - RS256
      ---
      duration_ms: 13.428958
      type: 'test'
      ...
    1..3
ok 51 - rejects loss of each token algorithm route
  ---
  duration_ms: 41.757084
  type: 'test'
  ...
# Subtest: rejects asymmetric verification that no longer uses a JWKS key source
ok 52 - rejects asymmetric verification that no longer uses a JWKS key source
  ---
  duration_ms: 25.489833
  type: 'test'
  ...
# Subtest: rejects loss of JWKS routing in web middleware
ok 53 - rejects loss of JWKS routing in web middleware
  ---
  duration_ms: 16.05325
  type: 'test'
  ...
# Subtest: rejects nonzero session epoch skew
ok 54 - rejects nonzero session epoch skew
  ---
  duration_ms: 16.703167
  type: 'test'
  ...
# Subtest: rejects a zero default that can still accept positive skew
ok 55 - rejects a zero default that can still accept positive skew
  ---
  duration_ms: 22.673083
  type: 'test'
  ...
# Subtest: rejects an MSW API passthrough that is not first
ok 56 - rejects an MSW API passthrough that is not first
  ---
  duration_ms: 19.609708
  type: 'test'
  ...
# Subtest: rejects nav and menu key drift
ok 57 - rejects nav and menu key drift
  ---
  duration_ms: 19.928291
  type: 'test'
  ...
# Subtest: rejects duplicate nav keys and missing permission mappings
ok 58 - rejects duplicate nav keys and missing permission mappings
  ---
  duration_ms: 26.975667
  type: 'test'
  ...
# Subtest: rejects duplicate or missing GoF catalogue decisions
ok 59 - rejects duplicate or missing GoF catalogue decisions
  ---
  duration_ms: 13.499208
  type: 'test'
  ...
# Subtest: requires rationale, trigger, and counterexample for every pattern
ok 60 - requires rationale, trigger, and counterexample for every pattern
  ---
  duration_ms: 10.47125
  type: 'test'
  ...
# Subtest: accepts the repository invariants
ok 61 - accepts the repository invariants
  ---
  duration_ms: 1119.775959
  type: 'test'
  ...
# Subtest: CLI exits nonzero and identifies invariant failures
ok 62 - CLI exits nonzero and identifies invariant failures
  ---
  duration_ms: 202.500625
  type: 'test'
  ...
1..62
# tests 70
# suites 0
# pass 70
# fail 0
# cancelled 0
# skipped 0
# todo 0
# duration_ms 2422.095333

✔ no dependency violations found (1979 modules, 5799 dependencies cruised)


> CRA@ test /Users/abjmac003/Documents/GitHub/CRA
> turbo run test

• turbo 2.10.8

   • Packages in scope: @repo/contracts, @repo/design-system, @repo/eslint-config, @repo/typescript-config, @repo/ui, agent, api, docs, infrastructure, web
   • Running test in 10 packages
   • Remote caching disabled

infrastructure:test: cache miss, executing 391a8f5e134e1376
@repo/contracts:test: cache hit, replaying logs 6be6daf9c2c59889
@repo/ui:test: cache hit, replaying logs 80e67d626e8a0484
@repo/design-system:test: cache hit, replaying logs 6cbf3bb213a305df
docs:test: cache hit, replaying logs 90006845555f6766
@repo/contracts:test: 
@repo/contracts:test: > @repo/contracts@0.0.0 test /Users/abjmac003/Documents/GitHub/CRA/packages/contracts
@repo/contracts:test: > vitest run
@repo/contracts:test: 
@repo/contracts:test: 
@repo/contracts:test:  RUN  v3.2.7 /Users/abjmac003/Documents/GitHub/CRA/packages/contracts
@repo/contracts:test: 
@repo/contracts:test:  ✓ src/permissions.spec.ts (49 tests) 25ms
@repo/contracts:test:  ✓ src/connectors/schemas/webhook.schema.spec.ts (12 tests) 56ms
@repo/contracts:test:  ✓ src/pagination.spec.ts (18 tests) 15ms
@repo/ui:test: 
@repo/ui:test: > @repo/ui@0.0.0 test /Users/abjmac003/Documents/GitHub/CRA/packages/ui
@repo/contracts:test:  ✓ src/users.spec.ts (9 tests) 9ms
@repo/contracts:test:  ✓ src/connectors/schemas/sync-operations.spec.ts (6 tests) 69ms
@repo/contracts:test:  ✓ src/notifications/schemas/notification.schema.spec.ts (9 tests) 39ms
@repo/contracts:test:  ✓ src/evidence/schemas/evidence-watermark-export.schema.spec.ts (2 tests) 23ms
@repo/contracts:test:  ✓ src/vulnerabilities/schemas/vulnerability-triage.schema.spec.ts (10 tests) 69ms
@repo/contracts:test:  ✓ src/products.spec.ts (27 tests) 55ms
@repo/contracts:test:  ✓ src/evidence/schemas/evidence.schema.spec.ts (14 tests) 26ms
@repo/contracts:test:  ✓ src/products/schemas/m2-v2-substantial-modification-and-artifact.spec.ts (13 tests) 34ms
@repo/contracts:test:  ✓ src/sboms/schemas/sbom-quality.schema.spec.ts (8 tests) 19ms
@repo/contracts:test:  ✓ src/audit/schemas/audit-event.schema.spec.ts (4 tests) 4ms
docs:test: 
@repo/ui:test: > vitest run
@repo/ui:test: 
@repo/contracts:test:  ✓ src/findings.spec.ts (6 tests) 16ms
docs:test: > docs@0.0.0 test /Users/abjmac003/Documents/GitHub/CRA/apps/docs
docs:test: > vitest run
@repo/ui:test: 
@repo/contracts:test:  ✓ src/connectors/schemas/agent.schema.spec.ts (4 tests) 25ms
@repo/contracts:test:  ✓ src/vulnerabilities/schemas/vulnerability-assessment-bulk.schema.spec.ts (7 tests) 12ms
@repo/contracts:test:  ✓ src/organizations.spec.ts (64 tests) 24ms
@repo/ui:test:  RUN  v3.2.7 /Users/abjmac003/Documents/GitHub/CRA/packages/ui
@repo/ui:test: 
@repo/ui:test:  ✓ src/components/pagination/pagination.spec.tsx (4 tests) 757ms
@repo/ui:test:  ✓ src/components/checkbox/checkbox.spec.tsx (4 tests) 570ms
@repo/design-system:test: 
@repo/design-system:test: > @repo/design-system@0.0.0 test /Users/abjmac003/Documents/GitHub/CRA/packages/design-system
@repo/design-system:test: > vitest run
@repo/design-system:test: 
@repo/design-system:test: 
@repo/contracts:test:  ✓ src/vulnerabilities/schemas/vulnerability-feed.schema.spec.ts (11 tests) 22ms
@repo/ui:test:    ✓ Checkbox > toggles from its associated label and returns the checked payload  456ms
@repo/ui:test:  ✓ src/components/input/search-input.spec.tsx (3 tests) 656ms
@repo/ui:test:    ✓ SearchInput > updates, clears, and restores focus when uncontrolled  550ms
@repo/contracts:test:  ✓ src/reporting/schemas/reporting-stage-drafts.schema.spec.ts (6 tests) 12ms
docs:test: 
docs:test: 
docs:test:  RUN  v3.2.7 /Users/abjmac003/Documents/GitHub/CRA/apps/docs
@repo/contracts:test:  ✓ src/connectors/schemas/connectors.spec.ts (13 tests) 46ms
@repo/design-system:test:  RUN  v3.2.7 /Users/abjmac003/Documents/GitHub/CRA/packages/design-system
@repo/design-system:test: 
@repo/design-system:test:  ✓ src/theme.spec.ts (9 tests) 166ms
@repo/contracts:test:  ✓ src/vulnerabilities/schemas/vulnerability-remediation.schema.spec.ts (4 tests) 8ms
@repo/contracts:test:  ✓ src/api-boundaries.spec.ts (18 tests) 12ms
@repo/contracts:test:  ✓ src/connectors/schemas/connector-hub.spec.ts (7 tests) 24ms
@repo/contracts:test:  ✓ src/vulnerabilities/schemas/vulnerability-reachability.schema.spec.ts (6 tests) 9ms
@repo/ui:test:  ✓ src/components/editor/editor.spec.tsx (3 tests) 800ms
docs:test: 
docs:test:  ✓ src/test/config.spec.ts (4 tests) 6ms
@repo/ui:test:    ✓ Editor > runs formatting commands and submits current HTML  542ms
@repo/ui:test:  ✓ src/components/form/form.spec.tsx (2 tests) 756ms
@repo/ui:test:    ✓ form helpers > blocks invalid data, summarizes errors, and submits parsed values  751ms
@repo/ui:test:  ✓ src/components/data-table/data-table.spec.tsx (3 tests) 1014ms
@repo/ui:test:    ✓ DataTable > renders semantic rows, controlled selection, sorting, and pagination  861ms
@repo/design-system:test: 
@repo/design-system:test:  Test Files  1 passed (1)
@repo/design-system:test:       Tests  9 passed (9)
@repo/design-system:test:    Start at  19:13:19
@repo/contracts:test:  ✓ src/frameworks/schemas/framework.schema.spec.ts (8 tests) 9ms
@repo/contracts:test:  ✓ src/technical-files/schemas/technical-file-snapshot.schema.spec.ts (5 tests) 6ms
@repo/contracts:test:  ✓ src/risk-registers/schemas/risk-register.schema.spec.ts (6 tests) 6ms
@repo/contracts:test:  ✓ src/frameworks/schemas/control.schema.spec.ts (5 tests) 28ms
@repo/contracts:test:  ✓ src/vulnerabilities/schemas/vulnerability-matching.schema.spec.ts (7 tests) 27ms
@repo/ui:test:  ✓ src/components/select/select.spec.tsx (3 tests) 1351ms
@repo/design-system:test:    Duration  2.18s (transform 50ms, setup 0ms, collect 56ms, tests 166ms, environment 1.36s, prepare 195ms)
@repo/design-system:test: 
@repo/ui:test:    ✓ Select > opens from its label and emits the chosen value  1116ms
@repo/ui:test:  ✓ src/components/time-picker/time-picker.spec.tsx (2 tests) 1381ms
@repo/ui:test:    ✓ TimePicker > formats valid 12-hour and 24-hour values  399ms
@repo/ui:test:    ✓ TimePicker > opens selectors and wires helper/error/disabled semantics  981ms
docs:test:  ✓ src/test/homepage.spec.tsx (1 test) 733ms
docs:test:    ✓ documentation homepage > renders site identity, navigation, and each product benefit  732ms
docs:test: 
docs:test:  Test Files  2 passed (2)
docs:test:       Tests  5 passed (5)
@repo/contracts:test:  ✓ src/reporting/schemas/reporting-obligations.schema.spec.ts (11 tests) 53ms
@repo/contracts:test:  ✓ src/vulnerabilities/schemas/vulnerability-enrichment.schema.spec.ts (2 tests) 63ms
@repo/contracts:test:  ✓ src/frameworks/schemas/upgrade.schema.spec.ts (3 tests) 8ms
@repo/contracts:test:  ✓ src/supplier-evidence/schemas/supplier-document-extraction.spec.ts (6 tests) 56ms
@repo/contracts:test:  ✓ src/roles.spec.ts (10 tests) 4ms
@repo/contracts:test:  ✓ src/organization-branding.spec.ts (9 tests) 19ms
@repo/contracts:test:  ✓ src/sboms/schemas/sbom-normalization.schema.spec.ts (2 tests) 4ms
@repo/contracts:test:  ✓ src/sboms/schemas/sbom-ci-integration.schema.spec.ts (5 tests) 10ms
@repo/ui:test:  ✓ src/components/breadcrumbs/breadcrumbs.spec.tsx (3 tests) 599ms
@repo/ui:test:    ✓ Breadcrumbs > marks the current item and keeps navigable ancestors  389ms
@repo/ui:test:  ✓ src/components/data-table/selection-column.spec.tsx (2 tests) 462ms
@repo/ui:test:    ✓ selectionColumn > maps partial page selection to an indeterminate header  453ms
@repo/ui:test:  ✓ src/components/app-shell/top-nav.spec.tsx (2 tests) 506ms
@repo/ui:test:    ✓ TopNav > renders default actions with exact callbacks and unread name  371ms
@repo/ui:test:  ✓ src/components/switch/switch.spec.tsx (2 tests) 309ms
@repo/ui:test:  ✓ src/components/tabs/tabs.spec.tsx (4 tests) 296ms
docs:test:    Start at  19:13:18
docs:test:    Duration  4.55s (transform 146ms, setup 518ms, collect 1.82s, tests 738ms, environment 2.76s, prepare 459ms)
docs:test: 
@repo/contracts:test:  ✓ src/vulnerabilities/schemas/vulnerability-vex-export.schema.spec.ts (6 tests) 26ms
@repo/contracts:test:  ✓ src/sboms/schemas/sbom-diff.schema.spec.ts (3 tests) 6ms
@repo/contracts:test:  ✓ src/reporting/schemas/reporting-stage-evidence.schema.spec.ts (4 tests) 7ms
@repo/contracts:test:  ✓ src/vulnerabilities/schemas/vulnerability-triage-note.schema.spec.ts (5 tests) 8ms
@repo/contracts:test:  ✓ src/supplier-evidence/schemas/supplier-evidence.spec.ts (11 tests) 31ms
@repo/contracts:test:  ✓ src/sboms/schemas/sbom-validation.schema.spec.ts (8 tests) 13ms
@repo/contracts:test:  ✓ src/notifications/schemas/chat.schema.spec.ts (4 tests) 24ms
@repo/contracts:test:  ✓ src/technical-files/schemas/technical-file-declaration.schema.spec.ts (5 tests) 9ms
@repo/contracts:test:  ✓ src/legal-entity.spec.ts (12 tests) 16ms
@repo/contracts:test:  ✓ src/vulnerabilities/schemas/vulnerability-remediation-ticket.schema.spec.ts (5 tests) 5ms
@repo/contracts:test:  ✓ src/tasks/schemas/task.schema.spec.ts (9 tests) 12ms
@repo/contracts:test:  ✓ src/technical-files/schemas/technical-file-readiness.schema.spec.ts (7 tests) 14ms
@repo/contracts:test:  ✓ src/evidence/schemas/evidence-retention-deletion.schema.spec.ts (5 tests) 20ms
@repo/contracts:test:  ✓ src/suppliers/schemas/supplier-registry.spec.ts (6 tests) 6ms
@repo/contracts:test:  ✓ src/products/schemas/product-classification.spec.ts (5 tests) 5ms
@repo/contracts:test:  ✓ src/technical-files/schemas/technical-file-auditor-access.schema.spec.ts (4 tests) 4ms
@repo/contracts:test:  ✓ src/sboms/schemas/sbom.schema.spec.ts (10 tests) 37ms
@repo/contracts:test:  ✓ src/menu.spec.ts (15 tests) 3ms
@repo/contracts:test:  ✓ src/sboms/schemas/sbom-composite.schema.spec.ts (4 tests) 12ms
@repo/ui:test:  ✓ src/components/alert/alert.spec.tsx (3 tests) 435ms
@repo/contracts:test:  ✓ src/frameworks/schemas/custom-framework.schema.spec.ts (4 tests) 7ms
@repo/contracts:test:  ✓ src/products/schemas/product-owner-options.spec.ts (9 tests) 4ms
@repo/contracts:test:  ✓ src/http.spec.ts (7 tests) 3ms
@repo/contracts:test:  ✓ src/sboms/schemas/sbom-supplier.schema.spec.ts (4 tests) 4ms
@repo/contracts:test:  ✓ src/invitations.spec.ts (16 tests) 11ms
@repo/contracts:test:  ✓ src/technical-files/schemas/technical-file.schema.spec.ts (5 tests) 21ms
@repo/contracts:test:  ✓ src/vulnerabilities/schemas/vulnerability-manual-finding.schema.spec.ts (3 tests) 3ms
@repo/ui:test:    ✓ Alert > announces content and invokes confirmation  363ms
@repo/ui:test:  ✓ src/components/modal/modal.spec.tsx (2 tests) 403ms
@repo/ui:test:    ✓ Modal > opens with focusable content and closes from its named control  318ms
@repo/ui:test:  ✓ src/components/combobox/combobox.spec.tsx (2 tests) 665ms
@repo/ui:test:    ✓ Combobox > searches keywords, selects, clears, and returns focus  590ms
@repo/ui:test:  ✓ src/components/stat-card/stat-card.spec.tsx (2 tests) 96ms
@repo/ui:test:  ✓ src/components/avatar/avatar.spec.tsx (8 tests) 222ms
@repo/ui:test:  ✓ src/components/chart/chart.spec.tsx (2 tests) 142ms
@repo/ui:test:  ✓ src/components/otp-input/otp-input.spec.tsx (3 tests) 363ms
@repo/ui:test:  ✓ src/components/radio/radio.spec.tsx (2 tests) 346ms
@repo/ui:test:  ✓ src/components/chip/chip.spec.tsx (2 tests) 217ms
@repo/ui:test:  ✓ src/components/card/card.spec.tsx (5 tests) 217ms
@repo/contracts:test:  ✓ src/evidence/schemas/evidence-bulk-intake.schema.spec.ts (3 tests) 11ms
@repo/contracts:test:  ✓ src/audit/schemas/audit-chain.schema.spec.ts (7 tests) 22ms
@repo/contracts:test:  ✓ src/products/schemas/support-period-history-query.spec.ts (6 tests) 4ms
@repo/contracts:test:  ✓ src/vulnerabilities/schemas/vulnerability-assessment.schema.spec.ts (5 tests) 9ms
@repo/contracts:test:  ✓ src/organizations/schemas/organization-audit-archival-blocker.spec.ts (2 tests) 3ms
@repo/contracts:test:  ✓ src/sboms/schemas/sbom-export.schema.spec.ts (3 tests) 12ms
@repo/contracts:test:  ✓ src/products/policies/product-classification-policy.spec.ts (11 tests) 6ms
@repo/contracts:test: 
@repo/contracts:test:  Test Files  70 passed (70)
@repo/contracts:test:       Tests  619 passed (619)
@repo/contracts:test:    Start at  14:01:15
@repo/contracts:test:    Duration  4.77s (transform 2.76s, setup 0ms, collect 17.13s, tests 1.33s, environment 20ms, prepare 7.68s)
@repo/contracts:test: 
@repo/ui:test:  ✓ src/components/input/password-input.spec.tsx (3 tests) 380ms
@repo/ui:test:    ✓ PasswordInput > reveals and hides an uncontrolled password accessibly  324ms
@repo/ui:test:  ✓ src/components/date-picker/date-picker.spec.tsx (4 tests) 899ms
@repo/ui:test:    ✓ DatePicker > commits typed valid dates and preserves invalid drafts  392ms
@repo/ui:test:  ✓ src/components/chart/charts.spec.tsx (2 tests) 123ms
@repo/ui:test:  ✓ src/components/chart/chart-palette.spec.ts (5 tests) 12ms
@repo/ui:test:  ✓ src/lib/cn.spec.ts (3 tests) 9ms
@repo/ui:test:  ✓ src/components/input/input.spec.tsx (3 tests) 239ms
@repo/ui:test:  ✓ src/components/tag/tag.spec.tsx (4 tests) 76ms
@repo/ui:test:  ✓ src/components/button/button.spec.tsx (6 tests) 372ms
@repo/ui:test: 
@repo/ui:test:  Test Files  31 passed (31)
@repo/ui:test:       Tests  98 passed (98)
@repo/ui:test:    Start at  19:13:18
@repo/ui:test:    Duration  15.11s (transform 1.26s, setup 12.28s, collect 20.73s, tests 14.67s, environment 32.09s, prepare 3.84s)
@repo/ui:test: 
@repo/contracts:build: cache hit, replaying logs eb323892046861f8
@repo/contracts:build: 
@repo/contracts:build: > @repo/contracts@0.0.0 build /Users/abjmac003/Documents/GitHub/CRA/packages/contracts
@repo/contracts:build: > tsc
@repo/contracts:build: 
agent:test: cache miss, executing 6404e8f904c24702
api:test: cache miss, executing 3755f078ce1a36a8
web:test: cache miss, executing b77088435bbadf9b
infrastructure:test: 
infrastructure:test: > infrastructure@0.0.0 test /Users/abjmac003/Documents/GitHub/CRA/apps/infrastructure
infrastructure:test: > pnpm run preflight && bash tests/run-sql-tests.sh
infrastructure:test: 
agent:test: 
agent:test: > agent@0.1.0 test /Users/abjmac003/Documents/GitHub/CRA/apps/agent
agent:test: > vitest run
agent:test: 
web:test: 
web:test: > web@0.1.0 test /Users/abjmac003/Documents/GitHub/CRA/apps/web
web:test: > vitest run
web:test: 
api:test: 
api:test: > api@0.0.1 test /Users/abjmac003/Documents/GitHub/CRA/apps/api
api:test: > jest
api:test: 
infrastructure:test: 
infrastructure:test: > infrastructure@0.0.0 preflight /Users/abjmac003/Documents/GitHub/CRA/apps/infrastructure
infrastructure:test: > docker info >/dev/null 2>&1 || (echo 'Docker daemon is not running — start Docker Desktop first.' && exit 1)
infrastructure:test: 
web:test: 
web:test:  RUN  v3.2.7 /Users/abjmac003/Documents/GitHub/CRA/apps/web
web:test: 
agent:test: 
agent:test:  RUN  v3.2.7 /Users/abjmac003/Documents/GitHub/CRA/apps/agent
agent:test: 
infrastructure:test: Running tests/auth-profile-triggers.test.sql
infrastructure:test: BEGIN
infrastructure:test: DO
infrastructure:test: psql:<stdin>:56: NOTICE:  ok   signup creates a profile with OIDC names
infrastructure:test: psql:<stdin>:56: NOTICE:  ok   auth email changes synchronize the profile
infrastructure:test: psql:<stdin>:56: NOTICE:  ok   signup links invited profiles without overwriting names
infrastructure:test: ROLLBACK
infrastructure:test: Running tests/m1-organization-onboarding.test.sql
agent:test:  ✓ src/queue.spec.ts (3 tests) 48ms
agent:test:  ✓ src/config.spec.ts (1 test) 37ms
agent:test:  ✓ src/transport.spec.ts (2 tests) 8ms
infrastructure:test: Timing is off.
infrastructure:test: CREATE FUNCTION
infrastructure:test: psql:<stdin>:38: NOTICE:  ok   M1 mutation RPCs are service-role-only and pin search_path
infrastructure:test:  check 
infrastructure:test: -------
infrastructure:test:  
infrastructure:test: (1 row)
infrastructure:test: 
infrastructure:test:  check 
infrastructure:test: -------
infrastructure:test:  
infrastructure:test: (1 row)
infrastructure:test: 
infrastructure:test: psql:<stdin>:51: NOTICE:  ok   M1 actor foreign keys have covering indexes
infrastructure:test: BEGIN
infrastructure:test: psql:<stdin>:216: NOTICE:  ok   atomic create returns one organization identifier
infrastructure:test: psql:<stdin>:216: NOTICE:  ok   atomic create persists owner profile onboarding and audit together
infrastructure:test: psql:<stdin>:216: NOTICE:  ok   same idempotency key and canonical payload replay without a duplicate
infrastructure:test: psql:<stdin>:216: NOTICE:  ok   idempotency key reuse with different data has no identifier oracle
infrastructure:test: psql:<stdin>:216: NOTICE:  ok   global legal identity conflict exposes no organization identifier
infrastructure:test: psql:<stdin>:216: NOTICE:  ok   versioned profile update audits redacted contact metadata
infrastructure:test: psql:<stdin>:216: NOTICE:  ok   cross-tenant switch is a generic not-found result
infrastructure:test: psql:<stdin>:216: NOTICE:  ok   out-of-order SBOM evidence is recorded without impossible stage advancement
infrastructure:test: psql:<stdin>:216: NOTICE:  ok   product evidence reconciles contiguous product and prior SBOM stages
infrastructure:test: psql:<stdin>:216: NOTICE:  ok   unavailable evidence never regresses completed historical onboarding
infrastructure:test: DO
infrastructure:test: psql:<stdin>:216: NOTICE:  ok   confirmed invitation delivery completes the final durable onboarding stages once
infrastructure:test: ROLLBACK
infrastructure:test:                           result                           
infrastructure:test: -----------------------------------------------------------
infrastructure:test:  M1 organization/onboarding integration: ALL CHECKS PASSED
infrastructure:test: (1 row)
infrastructure:test: 
agent:test:  ✓ src/runtime.spec.ts (4 tests) 31ms
infrastructure:test: Running tests/m1-tenant-administration.test.sql
agent:test:  ✓ src/identity.spec.ts (1 test) 82ms
agent:test:  ✓ src/transport.integration.spec.ts (2 tests) 188ms
agent:test:  ✓ src/sources.https.spec.ts (1 test) 141ms
infrastructure:test: Timing is off.
infrastructure:test: CREATE FUNCTION
infrastructure:test: psql:<stdin>:41: NOTICE:  ok   tenant-administration tables exist and use RLS without force
infrastructure:test:  check 
infrastructure:test: -------
infrastructure:test:  
infrastructure:test: (1 row)
infrastructure:test: 
infrastructure:test: psql:<stdin>:103: NOTICE:  ok   mutation RPCs are service-role-only security definers with pinned search paths
infrastructure:test:  check 
infrastructure:test: -------
infrastructure:test:  
infrastructure:test: (1 row)
infrastructure:test: 
infrastructure:test: psql:<stdin>:115: NOTICE:  ok   tenant export storage is private and browser roles cannot mutate objects
infrastructure:test:  check 
infrastructure:test: -------
infrastructure:test:  
infrastructure:test: (1 row)
infrastructure:test: 
infrastructure:test: psql:<stdin>:125: NOTICE:  ok   export redaction is stable rather than incorrectly immutable
infrastructure:test:  check 
infrastructure:test: -------
infrastructure:test:  
infrastructure:test: (1 row)
infrastructure:test: 
infrastructure:test: psql:<stdin>:139: NOTICE:  ok   final materializer uses the business projection and removes replayable fields
infrastructure:test:  check 
infrastructure:test: -------
infrastructure:test:  
infrastructure:test: (1 row)
infrastructure:test: 
agent:test:  ✓ src/main.spec.ts (5 tests) 175ms
infrastructure:test:  check 
infrastructure:test: -------
infrastructure:test:  
infrastructure:test: (1 row)
infrastructure:test: 
infrastructure:test:  check 
infrastructure:test: -------
infrastructure:test:  
infrastructure:test: (1 row)
infrastructure:test: 
infrastructure:test: BEGIN
infrastructure:test: psql:<stdin>:161: NOTICE:  ok   artifact inventory freezes storage object identity before byte copying
infrastructure:test: psql:<stdin>:171: NOTICE:  ok   export completion compares frozen storage identity with copied artifact ledger
infrastructure:test: psql:<stdin>:870: NOTICE:  ok   new organizations start explicitly unconfigured, active, and with a non-empty unique policy set
infrastructure:test: psql:<stdin>:870: NOTICE:  ok   lifecycle read returns not_found for an unknown tenant
infrastructure:test: psql:<stdin>:870: NOTICE:  ok   lifecycle read returns the strict active lifecycle shape
infrastructure:test: psql:<stdin>:870: NOTICE:  ok   settings update validates the server catalog, versions, audits, and maps safely to the contract
infrastructure:test: psql:<stdin>:870: NOTICE:  ok   stale or non-catalog settings reject without partial rows or audits
agent:test:  ✓ src/sources.spec.ts (2 tests) 14ms
infrastructure:test: psql:<stdin>:870: NOTICE:  ok   session-policy tightening creates tenant-local revocations
infrastructure:test: psql:<stdin>:870: NOTICE:  ok   retention updates are evidence-class scoped, versioned, and audited
infrastructure:test: psql:<stdin>:870: NOTICE:  ok   rejected retention reconcile leaves no partial authoritative facts
infrastructure:test: psql:<stdin>:870: NOTICE:  ok   retention reconciliation stores deterministic reasons and only raises protection
infrastructure:test: psql:<stdin>:870: NOTICE:  ok   active legal holds block cleanup at final claim recheck
infrastructure:test: psql:<stdin>:870: NOTICE:  ok   expired cleanup leases are reclaimable after worker restart
infrastructure:test: psql:<stdin>:870: NOTICE:  ok   cleanup completion validates and persists each authoritative item result
infrastructure:test: psql:<stdin>:870: NOTICE:  ok   cleanup completion rejects NULL item results without changing pending items
infrastructure:test: psql:<stdin>:870: NOTICE:  ok   cleanup completion rejects duplicate item identifiers and requires the exact pending set
agent:test:  ✓ src/identity.flow.spec.ts (3 tests) 260ms
infrastructure:test: psql:<stdin>:870: NOTICE:  ok   cleanup completion persists the exact pending set and leaves no pending item
agent:test: 
agent:test:  Test Files  10 passed (10)
agent:test:       Tests  24 passed (24)
agent:test:    Start at  14:08:52
agent:test:    Duration  1.22s (transform 296ms, setup 0ms, collect 3.56s, tests 984ms, environment 1ms, prepare 1.08s)
agent:test: 
infrastructure:test: psql:<stdin>:870: NOTICE:  ok   cleanup final recheck persists all block reasons, audit, and the protected item
infrastructure:test: psql:<stdin>:870: NOTICE:  ok   expired cleanup lease holders cannot fail current work
infrastructure:test: psql:<stdin>:870: NOTICE:  ok   export idempotency replays same actor/org/payload and mismatches expose no job id
infrastructure:test: psql:<stdin>:870: NOTICE:  ok   export jobs claim under a durable lease
infrastructure:test: psql:<stdin>:870: NOTICE:  ok   export checkpoint rejects progress without a persisted part ledger
infrastructure:test: psql:<stdin>:870: NOTICE:  ok   export checkpoint rejects duplicate part identities without partial ledger rows
infrastructure:test: psql:<stdin>:870: NOTICE:  ok   export checkpoint persists resumable parts and increments checkpoint version
infrastructure:test: psql:<stdin>:870: NOTICE:  ok   invalid artifact hash fails closed without a downloadable completed export
infrastructure:test: psql:<stdin>:870: NOTICE:  ok   null artifact paths fail closed and cannot create verified exports
infrastructure:test: psql:<stdin>:870: NOTICE:  ok   same-tenant export-like artifact paths fail closed and cannot download
infrastructure:test: psql:<stdin>:870: NOTICE:  ok   only the canonical export archive path completes and authorizes download
infrastructure:test: psql:<stdin>:870: NOTICE:  ok   export manifest file count includes immutable artifact snapshots
infrastructure:test: psql:<stdin>:870: NOTICE:  ok   expired export lease holders cannot fail current work
infrastructure:test: psql:<stdin>:870: NOTICE:  ok   export checkpoint rejects an empty zero-progress ledger
infrastructure:test: psql:<stdin>:870: NOTICE:  ok   export completion can never complete with zero persisted parts
infrastructure:test: psql:<stdin>:870: NOTICE:  ok   export completion without a materialized snapshot fails durably and audits
infrastructure:test: psql:<stdin>:870: NOTICE:  ok   export worker operations are tenant isolated
infrastructure:test: psql:<stdin>:870: NOTICE:  ok   deactivation synchronizes compatibility state, pauses exports, revokes tenant sessions, and audits
infrastructure:test: psql:<stdin>:870: NOTICE:  ok   destructive grants are one-use and stale transitions reject
infrastructure:test: psql:<stdin>:870: NOTICE:  ok   recovery before purging returns the lifecycle to active
infrastructure:test: psql:<stdin>:870: NOTICE:  ok   purge scheduling compares the exact canonical slug and uses server grace
infrastructure:test: DO
infrastructure:test: ROLLBACK
infrastructure:test: BEGIN
infrastructure:test: psql:<stdin>:949: NOTICE:  ok   M13 archival protection blocks new purge claims
infrastructure:test: psql:<stdin>:949: NOTICE:  ok   final purge recheck persists purge_blocked with every controlling reason and audit
infrastructure:test: DO
infrastructure:test: ROLLBACK
infrastructure:test: BEGIN
infrastructure:test: psql:<stdin>:1074: NOTICE:  ok   purge claim requires archival even with complete retention authorities
infrastructure:test: psql:<stdin>:1074: NOTICE:  ok   expired purge lease holders cannot fail current work
infrastructure:test: psql:<stdin>:1074: NOTICE:  ok   M13 completion preserves tenant evidence and creates no deletion proof
infrastructure:test: psql:<stdin>:1074: NOTICE:  ok   deletion proof waits for every private artifact prefix before completing
infrastructure:test: psql:<stdin>:1074: NOTICE:  ok   post-database artifact work retries durably and completes every private prefix without restoring access
infrastructure:test: DO
infrastructure:test: ROLLBACK
infrastructure:test: BEGIN
infrastructure:test: psql:<stdin>:1223: NOTICE:  ok   export materialization freezes redacted records, is replay-safe, and binds immutable artifact metadata
infrastructure:test: psql:<stdin>:1223: NOTICE:  ok   export materialization rejects unsafe org-prefixed storage paths without partial records
infrastructure:test: psql:<stdin>:1223: NOTICE:  ok   export materialization rejects a snapshot source without a physical mapping
infrastructure:test: DO
infrastructure:test: ROLLBACK
infrastructure:test: psql:<stdin>:1258: NOTICE:  ok   the durable export catalogue includes every registered database source
infrastructure:test:  check 
infrastructure:test: -------
infrastructure:test:  
infrastructure:test: (1 row)
infrastructure:test: 
infrastructure:test: psql:<stdin>:1273: NOTICE:  ok   notification export excludes digest execution state
infrastructure:test:  check 
infrastructure:test: -------
infrastructure:test:  
infrastructure:test: (1 row)
infrastructure:test: 
infrastructure:test: psql:<stdin>:1285: NOTICE:  ok   every enabled export source has a physical source mapping
infrastructure:test:  check 
infrastructure:test: -------
infrastructure:test:  
infrastructure:test: (1 row)
infrastructure:test: 
infrastructure:test: BEGIN
infrastructure:test: psql:<stdin>:1362: NOTICE:  ok   inactive lifecycle deactivated rejects invitation and onboarding atomic paths generically
infrastructure:test: DO
infrastructure:test: psql:<stdin>:1362: NOTICE:  ok   inactive lifecycle purge_scheduled rejects invitation and onboarding atomic paths generically
infrastructure:test: psql:<stdin>:1362: NOTICE:  ok   inactive lifecycle purge_blocked rejects invitation and onboarding atomic paths generically
infrastructure:test: ROLLBACK
infrastructure:test:                          result                          
infrastructure:test: ---------------------------------------------------------
infrastructure:test:  M1 tenant-administration integration: ALL CHECKS PASSED
infrastructure:test: (1 row)
infrastructure:test: 
infrastructure:test: Running tests/m1-v2-multi-entity-branding.test.sql
api:test: PASS src/audit/supabase-audit-chain.adapter.spec.ts
api:test: PASS src/audit/audit-chain-verifier.spec.ts
api:test: PASS src/audit/audit-chain-cli.spec.ts
infrastructure:test: Timing is off.
infrastructure:test: CREATE FUNCTION
infrastructure:test:  check 
infrastructure:test: -------
infrastructure:test:  
infrastructure:test: (1 row)
infrastructure:test: 
infrastructure:test: psql:<stdin>:39: NOTICE:  ok   V2 tables use RLS without force and browser roles retain no table grants
infrastructure:test: psql:<stdin>:57: NOTICE:  ok   V2 private branding bucket permits no browser storage policies
infrastructure:test:  check 
infrastructure:test: -------
infrastructure:test:  
infrastructure:test: (1 row)
infrastructure:test: 
infrastructure:test: psql:<stdin>:62: NOTICE:  ok   legal registration/tax comparison values normalize Unicode whitespace and case
infrastructure:test:  check 
infrastructure:test: -------
infrastructure:test:  
infrastructure:test: (1 row)
infrastructure:test: 
infrastructure:test: psql:<stdin>:100: NOTICE:  ok   V2 mutation and resolver RPCs are service-role-only security definers with pinned search paths
infrastructure:test:  check 
infrastructure:test: -------
infrastructure:test:  
infrastructure:test: (1 row)
infrastructure:test: 
infrastructure:test: BEGIN
infrastructure:test: psql:<stdin>:353: NOTICE:  ok   idempotent legacy backfill creates one inactive needs-completion default without invented profile fields
infrastructure:test: psql:<stdin>:353: NOTICE:  ok   backfill never skips an orphaned legacy organization and records a system migration actor
infrastructure:test: psql:<stdin>:353: NOTICE:  ok   create organization atomically includes one complete active default entity
infrastructure:test: psql:<stdin>:353: NOTICE:  ok   entity create normalizes organization-local identifiers and records an audit fact
infrastructure:test: psql:<stdin>:353: NOTICE:  ok   legal entity create idempotency replay has no duplicate
infrastructure:test: psql:<stdin>:353: NOTICE:  ok   cross-tenant legal entity identifiers return generic not-found
infrastructure:test: psql:<stdin>:353: NOTICE:  ok   unreconciled dependency authorities fail closed before entity deactivation
infrastructure:test: psql:<stdin>:353: NOTICE:  ok   active product dependency blocks lifecycle with a specific reason
infrastructure:test: psql:<stdin>:353: NOTICE:  ok   entity lifecycle transition is optimistic, authorized, and audited after dependencies clear
infrastructure:test: psql:<stdin>:353: NOTICE:  ok   inactive legal entity context is not usable by future product/report owners
infrastructure:test: psql:<stdin>:353: NOTICE:  ok   unpublished branding resolves to the immutable CRA Sentinel fallback
infrastructure:test: psql:<stdin>:353: NOTICE:  ok   approved private raster asset and accessible draft publish one immutable branding version
infrastructure:test: psql:<stdin>:353: NOTICE:  ok   authenticated raster rendering selects the approved draft logo before the immutable published logo
infrastructure:test: psql:<stdin>:353: NOTICE:  ok   published logo rendering ignores a newer approved draft logo and remains member-scoped
infrastructure:test: psql:<stdin>:353: NOTICE:  ok   logo removal publishes a new presentation-only version without mutating the old snapshot
infrastructure:test: DO
infrastructure:test: ROLLBACK
infrastructure:test:                            result                           
infrastructure:test: ------------------------------------------------------------
infrastructure:test:  M1 V2 multi-entity/branding integration: ALL CHECKS PASSED
infrastructure:test: (1 row)
infrastructure:test: 
infrastructure:test: Running tests/m10-01-framework-packs.test.sql
infrastructure:test: BEGIN
infrastructure:test: CREATE EXTENSION
infrastructure:test:  plan  
infrastructure:test: -------
infrastructure:test:  1..44
infrastructure:test: (1 row)
infrastructure:test: 
infrastructure:test:                  ok                 
infrastructure:test: ------------------------------------
infrastructure:test:  ok 1 - versioned pack table exists
infrastructure:test: (1 row)
infrastructure:test: 
infrastructure:test:                    ok                   
infrastructure:test: ----------------------------------------
infrastructure:test:  ok 2 - stable requirement table exists
infrastructure:test: (1 row)
infrastructure:test: 
infrastructure:test:                      ok                     
infrastructure:test: --------------------------------------------
infrastructure:test:  ok 3 - organization selection table exists
infrastructure:test: (1 row)
infrastructure:test: 
infrastructure:test:                   ok                   
infrastructure:test: ---------------------------------------
infrastructure:test:  ok 4 - pack RLS enabled without force
infrastructure:test: (1 row)
infrastructure:test: 
infrastructure:test:                       ok                      
infrastructure:test: ----------------------------------------------
infrastructure:test:  ok 5 - requirement RLS enabled without force
infrastructure:test: (1 row)
infrastructure:test: 
infrastructure:test:                      ok                     
infrastructure:test: --------------------------------------------
infrastructure:test:  ok 6 - selection RLS enabled without force
infrastructure:test: (1 row)
infrastructure:test: 
infrastructure:test:                            ok                            
infrastructure:test: ---------------------------------------------------------
infrastructure:test:  ok 7 - selection actor foreign key has a covering index
infrastructure:test: (1 row)
infrastructure:test: 
infrastructure:test:                             ok                             
infrastructure:test: -----------------------------------------------------------
infrastructure:test:  ok 8 - mutable selection uses standard updated_at trigger
infrastructure:test: (1 row)
infrastructure:test: 
infrastructure:test:                          ok                         
infrastructure:test: ----------------------------------------------------
infrastructure:test:  ok 9 - authenticated cannot read direct selections
infrastructure:test: (1 row)
infrastructure:test: 
infrastructure:test:                   ok                   
infrastructure:test: ---------------------------------------
infrastructure:test:  ok 10 - service can read requirements
infrastructure:test: (1 row)
infrastructure:test: 
infrastructure:test:                           ok                          
infrastructure:test: ------------------------------------------------------
infrastructure:test:  ok 11 - service cannot mutate immutable requirements
infrastructure:test: (1 row)
infrastructure:test: 
infrastructure:test:                      ok                      
infrastructure:test: ---------------------------------------------
infrastructure:test:  ok 12 - runtime service cannot import packs
infrastructure:test: (1 row)
infrastructure:test: 
infrastructure:test:                       ok                      
infrastructure:test: ----------------------------------------------
infrastructure:test:  ok 13 - service can execute scoped selection
infrastructure:test: (1 row)
infrastructure:test: 
infrastructure:test:                    is                    
infrastructure:test: -----------------------------------------
infrastructure:test:  ok 14 - unknown tenant and actor denied
infrastructure:test: (1 row)
infrastructure:test: 
infrastructure:test:                  ok                  
infrastructure:test: -------------------------------------
infrastructure:test:  ok 15 - complete Annex I node count
infrastructure:test: (1 row)
infrastructure:test: 
infrastructure:test:                   ok                  
infrastructure:test: --------------------------------------
infrastructure:test:  ok 16 - both Annex I parts are roots
infrastructure:test: (1 row)
infrastructure:test: 
infrastructure:test:                   ok                   
infrastructure:test: ---------------------------------------
infrastructure:test:  ok 17 - preorder numbers are complete
infrastructure:test: (1 row)
infrastructure:test: 
infrastructure:test: CREATE FUNCTION
infrastructure:test:              is             
infrastructure:test: ----------------------------
infrastructure:test:  ok 18 - valid pack imports
infrastructure:test: (1 row)
infrastructure:test: 
infrastructure:test:                     is                    
infrastructure:test: ------------------------------------------
infrastructure:test:  ok 19 - identical reimport is idempotent
infrastructure:test: (1 row)
infrastructure:test: 
infrastructure:test:                           lives_ok                          
infrastructure:test: ------------------------------------------------------------
infrastructure:test:  ok 20 - reordering the same requirement tree is idempotent
infrastructure:test: (1 row)
infrastructure:test: 
infrastructure:test:                         throws_ok                        
infrastructure:test: ---------------------------------------------------------
infrastructure:test:  ok 21 - same version with different content is rejected
infrastructure:test: (1 row)
infrastructure:test: 
infrastructure:test:                throws_ok                
infrastructure:test: ----------------------------------------
infrastructure:test:  ok 22 - unsupported schema is rejected
infrastructure:test: (1 row)
infrastructure:test: 
infrastructure:test:                        throws_ok                        
infrastructure:test: --------------------------------------------------------
infrastructure:test:  ok 23 - duplicate stable requirement keys are rejected
infrastructure:test: (1 row)
infrastructure:test: 
infrastructure:test:              throws_ok              
infrastructure:test: ------------------------------------
infrastructure:test:  ok 24 - missing parent is rejected
infrastructure:test: (1 row)
infrastructure:test: 
infrastructure:test:          throws_ok         
infrastructure:test: ---------------------------
infrastructure:test:  ok 25 - cycle is rejected
infrastructure:test: (1 row)
infrastructure:test: 
infrastructure:test:             throws_ok             
infrastructure:test: ----------------------------------
infrastructure:test:  ok 26 - HTML payload is rejected
infrastructure:test: (1 row)
infrastructure:test: 
infrastructure:test:                             ok                             
infrastructure:test: -----------------------------------------------------------
infrastructure:test:  ok 27 - failed imports do not append partial requirements
infrastructure:test: (1 row)
infrastructure:test: 
infrastructure:test:                 throws_ok                 
infrastructure:test: ------------------------------------------
infrastructure:test:  ok 28 - imported text cannot be modified
infrastructure:test: (1 row)
infrastructure:test: 
infrastructure:test:                        is                       
infrastructure:test: ------------------------------------------------
infrastructure:test:  ok 29 - a new edition may rename a requirement
infrastructure:test: (1 row)
infrastructure:test: 
infrastructure:test:                                     ok                                    
infrastructure:test: --------------------------------------------------------------------------
infrastructure:test:  ok 30 - stable requirement key survives a display rename across versions
infrastructure:test: (1 row)
infrastructure:test: 
infrastructure:test: CREATE FUNCTION
infrastructure:test: CREATE TRIGGER
infrastructure:test:                  throws_ok                  
infrastructure:test: --------------------------------------------
infrastructure:test:  ok 31 - interrupted import raises an error
infrastructure:test: (1 row)
infrastructure:test: 
infrastructure:test:                               ok                              
infrastructure:test: --------------------------------------------------------------
infrastructure:test:  ok 32 - interrupted import leaves no selectable pack version
infrastructure:test: (1 row)
infrastructure:test: 
infrastructure:test: DROP TRIGGER
infrastructure:test: SELECT 1
infrastructure:test:                  ok                  
infrastructure:test: -------------------------------------
infrastructure:test:  ok 33 - seeded owner context exists
infrastructure:test: (1 row)
infrastructure:test: 
infrastructure:test:                        is                       
infrastructure:test: ------------------------------------------------
infrastructure:test:  ok 34 - owner explicitly selects first version
infrastructure:test: (1 row)
infrastructure:test: 
infrastructure:test:                         is                         
infrastructure:test: ---------------------------------------------------
infrastructure:test:  ok 35 - same idempotency key replays first result
infrastructure:test: (1 row)
infrastructure:test: 
infrastructure:test:                           is                           
infrastructure:test: -------------------------------------------------------
infrastructure:test:  ok 36 - idempotency key cannot change command meaning
infrastructure:test: (1 row)
infrastructure:test: 
infrastructure:test:                  is                 
infrastructure:test: ------------------------------------
infrastructure:test:  ok 37 - stale revision is rejected
infrastructure:test: (1 row)
infrastructure:test: 
infrastructure:test:                              is                              
infrastructure:test: -------------------------------------------------------------
infrastructure:test:  ok 38 - owner can disable selected pack without deleting it
infrastructure:test: (1 row)
infrastructure:test: 
infrastructure:test:                              ok                             
infrastructure:test: ------------------------------------------------------------
infrastructure:test:  ok 39 - disabled selection remains explicit and revisioned
infrastructure:test: (1 row)
infrastructure:test: 
infrastructure:test:                        ok                       
infrastructure:test: ------------------------------------------------
infrastructure:test:  ok 40 - both state changes are durably audited
infrastructure:test: (1 row)
infrastructure:test: 
infrastructure:test:                       is                       
infrastructure:test: -----------------------------------------------
infrastructure:test:  ok 41 - actor cannot select in another tenant
infrastructure:test: (1 row)
infrastructure:test: 
infrastructure:test: INSERT 0 1
infrastructure:test:                                is                               
infrastructure:test: ----------------------------------------------------------------
infrastructure:test:  ok 42 - view denial overrides manage grant in scoped selection
infrastructure:test: (1 row)
infrastructure:test: 
infrastructure:test:                                ok                               
infrastructure:test: ----------------------------------------------------------------
infrastructure:test:  ok 43 - tenant export registers organization framework choices
infrastructure:test: (1 row)
infrastructure:test: 
infrastructure:test:                                   ok                                  
infrastructure:test: ----------------------------------------------------------------------
infrastructure:test:  ok 44 - tenant export materializer locks selections during snapshots
infrastructure:test: (1 row)
infrastructure:test: 
infrastructure:test:  finish 
infrastructure:test: --------
infrastructure:test: (0 rows)
infrastructure:test: 
infrastructure:test: ROLLBACK
infrastructure:test: Running tests/m10-02-control-library.test.sql
web:test:  ✓ mocks/handlers.spec.ts (9 tests) 1866ms
web:test:    ✓ mock/API namespace separation > filters, sorts numeric display values, and clamps stale pages  529ms
infrastructure:test: BEGIN
infrastructure:test: CREATE EXTENSION
infrastructure:test:  no_plan 
infrastructure:test: ---------
infrastructure:test: (0 rows)
infrastructure:test: 
infrastructure:test:              ok             
infrastructure:test: ----------------------------
infrastructure:test:  ok 1 - control heads exist
infrastructure:test: (1 row)
infrastructure:test: 
infrastructure:test:                     ok                    
infrastructure:test: ------------------------------------------
infrastructure:test:  ok 2 - immutable control revisions exist
infrastructure:test: (1 row)
infrastructure:test: 
infrastructure:test:                     ok                     
infrastructure:test: -------------------------------------------
infrastructure:test:  ok 3 - exact evidence-version links exist
infrastructure:test: (1 row)
infrastructure:test: 
infrastructure:test:                   ok                  
infrastructure:test: --------------------------------------
infrastructure:test:  ok 4 - version-pinned mappings exist
infrastructure:test: (1 row)
infrastructure:test: 
infrastructure:test:                 ok                 
infrastructure:test: -----------------------------------
infrastructure:test:  ok 5 - mapping product set exists
infrastructure:test: (1 row)
infrastructure:test: 
infrastructure:test:                  ok                  
infrastructure:test: -------------------------------------
infrastructure:test:  ok 6 - durable deduplication exists
infrastructure:test: (1 row)
infrastructure:test: 
infrastructure:test:                   ok                  
infrastructure:test: --------------------------------------
infrastructure:test:  ok 7 - atomic control command exists
infrastructure:test: (1 row)
infrastructure:test: 
infrastructure:test:                         ok                         
infrastructure:test: ---------------------------------------------------
infrastructure:test:  ok 8 - browser roles cannot create schema objects
infrastructure:test: (1 row)
infrastructure:test: 
infrastructure:test:                            ok                            
infrastructure:test: ---------------------------------------------------------
infrastructure:test:  ok 9 - existing immutable framework text remains intact
infrastructure:test: (1 row)
infrastructure:test: 
infrastructure:test:                          ok                          
infrastructure:test: -----------------------------------------------------
infrastructure:test:  ok 10 - existing evidence versions remain available
infrastructure:test: (1 row)
infrastructure:test: 
infrastructure:test:                        ok                       
infrastructure:test: ------------------------------------------------
infrastructure:test:  ok 11 - existing M7 snapshots remain available
infrastructure:test: (1 row)
infrastructure:test: 
infrastructure:test:                        ok                       
infrastructure:test: ------------------------------------------------
infrastructure:test:  ok 12 - existing audit store remains available
infrastructure:test: (1 row)
infrastructure:test: 
infrastructure:test:                          ok                         
infrastructure:test: ----------------------------------------------------
infrastructure:test:  ok 13 - existing selection store remains available
infrastructure:test: (1 row)
infrastructure:test: 
infrastructure:test:                         ok                        
infrastructure:test: --------------------------------------------------
infrastructure:test:  ok 14 - existing product store remains available
infrastructure:test: (1 row)
infrastructure:test: 
infrastructure:test:                        ok                        
infrastructure:test: -------------------------------------------------
infrastructure:test:  ok 15 - existing member store remains available
infrastructure:test: (1 row)
infrastructure:test: 
infrastructure:test:                       ok                       
infrastructure:test: -----------------------------------------------
infrastructure:test:  ok 16 - control RLS is enabled and non-forced
infrastructure:test: (1 row)
infrastructure:test: 
infrastructure:test:                       ok                       
infrastructure:test: -----------------------------------------------
infrastructure:test:  ok 17 - mapping RLS is enabled and non-forced
infrastructure:test: (1 row)
infrastructure:test: 
infrastructure:test:                                   ok                                  
infrastructure:test: ----------------------------------------------------------------------
infrastructure:test:  ok 18 - tenant purge cascades explicit control product applicability
infrastructure:test: (1 row)
infrastructure:test: 
infrastructure:test:                              ok                             
infrastructure:test: ------------------------------------------------------------
infrastructure:test:  ok 19 - tenant purge cascades exact evidence-version links
infrastructure:test: (1 row)
infrastructure:test: 
infrastructure:test:                                 ok                                 
infrastructure:test: -------------------------------------------------------------------
infrastructure:test:  ok 20 - mutable control head uses the standard updated_at trigger
infrastructure:test: (1 row)
infrastructure:test: 
infrastructure:test:                          ok                         
infrastructure:test: ----------------------------------------------------
infrastructure:test:  ok 21 - browser role cannot read controls directly
infrastructure:test: (1 row)
infrastructure:test: 
infrastructure:test:                               ok                               
infrastructure:test: ---------------------------------------------------------------
infrastructure:test:  ok 22 - service role cannot bypass command for control writes
infrastructure:test: (1 row)
infrastructure:test: 
infrastructure:test:                        ok                       
infrastructure:test: ------------------------------------------------
infrastructure:test:  ok 23 - service role can invoke scoped command
infrastructure:test: (1 row)
infrastructure:test: 
infrastructure:test:                         ok                         
infrastructure:test: ---------------------------------------------------
infrastructure:test:  ok 24 - browser role cannot invoke scoped command
infrastructure:test: (1 row)
infrastructure:test: 
infrastructure:test:                                    ok                                    
infrastructure:test: -------------------------------------------------------------------------
infrastructure:test:  ok 25 - private implementation cannot be called by runtime service role
infrastructure:test: (1 row)
infrastructure:test: 
infrastructure:test:                                 is                                 
infrastructure:test: -------------------------------------------------------------------
infrastructure:test:  ok 26 - five durable control tables are included in tenant export
infrastructure:test: (1 row)
infrastructure:test: 
infrastructure:test:                                ok                                
infrastructure:test: -----------------------------------------------------------------
infrastructure:test:  ok 27 - tenant export snapshots control tables under SHARE lock
infrastructure:test: (1 row)
infrastructure:test: 
infrastructure:test: SELECT 1
infrastructure:test: INSERT 0 1
infrastructure:test: SELECT 1
infrastructure:test: INSERT 0 1
infrastructure:test:                                           is                                           
infrastructure:test: ---------------------------------------------------------------------------------------
infrastructure:test:  ok 28 - valid control ID from another tenant is invisible under selected organization
infrastructure:test: (1 row)
infrastructure:test: 
infrastructure:test:                                         lives_ok                                        
infrastructure:test: ----------------------------------------------------------------------------------------
infrastructure:test:  ok 29 - authorized tenant deletion can cascade control history after M1 retention gate
infrastructure:test: (1 row)
infrastructure:test: 
infrastructure:test:                           is                           
infrastructure:test: -------------------------------------------------------
infrastructure:test:  ok 30 - tenant purge leaves no orphan control records
infrastructure:test: (1 row)
infrastructure:test: 
infrastructure:test: SELECT 1
infrastructure:test:                            is                           
infrastructure:test: --------------------------------------------------------
infrastructure:test:  ok 31 - owner and active product fixture are available
infrastructure:test: (1 row)
infrastructure:test: 
infrastructure:test: SELECT 1
infrastructure:test: SELECT 1
infrastructure:test: INSERT 0 1
infrastructure:test: UPDATE 1
infrastructure:test: UPDATE 1
infrastructure:test: UPDATE 1
infrastructure:test:                           is                           
infrastructure:test: -------------------------------------------------------
infrastructure:test:  ok 32 - rollback-only clean evidence version is ready
infrastructure:test: (1 row)
infrastructure:test: 
infrastructure:test: CREATE FUNCTION
infrastructure:test:                                 is                                 
infrastructure:test: -------------------------------------------------------------------
infrastructure:test:  ok 33 - owner can select the tested pack in rollback-only fixture
infrastructure:test: (1 row)
infrastructure:test: 
infrastructure:test:                    is                   
infrastructure:test: ----------------------------------------
infrastructure:test:  ok 34 - cross-tenant command is denied
infrastructure:test: (1 row)
infrastructure:test: 
infrastructure:test:                        is                        
infrastructure:test: -------------------------------------------------
infrastructure:test:  ok 35 - hostile title is rejected before insert
infrastructure:test: (1 row)
infrastructure:test: 
infrastructure:test: SELECT 1
infrastructure:test:              is             
infrastructure:test: ----------------------------
infrastructure:test:  ok 36 - control is created
infrastructure:test: (1 row)
infrastructure:test: 
infrastructure:test:                        is                       
infrastructure:test: ------------------------------------------------
infrastructure:test:  ok 37 - created control starts at revision one
infrastructure:test: (1 row)
infrastructure:test: 
infrastructure:test:                               is                              
infrastructure:test: --------------------------------------------------------------
infrastructure:test:  ok 38 - retry of same idempotency key returns stored outcome
infrastructure:test: (1 row)
infrastructure:test: 
infrastructure:test:                               is                              
infrastructure:test: --------------------------------------------------------------
infrastructure:test:  ok 39 - idempotency key cannot be reused for changed content
infrastructure:test: (1 row)
infrastructure:test: 
infrastructure:test:                        is                       
infrastructure:test: ------------------------------------------------
infrastructure:test:  ok 40 - replay does not create another control
infrastructure:test: (1 row)
infrastructure:test: 
infrastructure:test:                             is                             
infrastructure:test: -----------------------------------------------------------
infrastructure:test:  ok 41 - malformed product collection returns stable error
infrastructure:test: (1 row)
infrastructure:test: 
infrastructure:test: CREATE FUNCTION
infrastructure:test: CREATE TRIGGER
infrastructure:test:                            throws_ok                            
infrastructure:test: ----------------------------------------------------------------
infrastructure:test:  ok 42 - audit failure rolls back the security-critical command
infrastructure:test: (1 row)
infrastructure:test: 
infrastructure:test: DROP TRIGGER
infrastructure:test:                             is                            
infrastructure:test: ----------------------------------------------------------
infrastructure:test:  ok 43 - failed audit leaves no partially created control
infrastructure:test: (1 row)
infrastructure:test: 
infrastructure:test:                  is                 
infrastructure:test: ------------------------------------
infrastructure:test:  ok 44 - stale revision is rejected
infrastructure:test: (1 row)
infrastructure:test: 
infrastructure:test:                         is                         
infrastructure:test: ---------------------------------------------------
infrastructure:test:  ok 45 - status cannot skip in-progress transition
infrastructure:test: (1 row)
infrastructure:test: 
infrastructure:test:                    is                   
infrastructure:test: ----------------------------------------
infrastructure:test:  ok 46 - status advances to in progress
infrastructure:test: (1 row)
infrastructure:test: 
infrastructure:test:                    is                   
infrastructure:test: ----------------------------------------
infrastructure:test:  ok 47 - status advances to implemented
infrastructure:test: (1 row)
infrastructure:test: 
infrastructure:test:                      is                      
infrastructure:test: ---------------------------------------------
infrastructure:test:  ok 48 - backward status change needs reason
infrastructure:test: (1 row)
infrastructure:test: 
infrastructure:test:                          is                         
infrastructure:test: ----------------------------------------------------
infrastructure:test:  ok 49 - reasoned backward status change is allowed
infrastructure:test: (1 row)
infrastructure:test: 
infrastructure:test:                               is                              
infrastructure:test: --------------------------------------------------------------
infrastructure:test:  ok 50 - every control state change has an immutable revision
infrastructure:test: (1 row)
infrastructure:test: 
infrastructure:test:                             is                             
infrastructure:test: -----------------------------------------------------------
infrastructure:test:  ok 51 - evidence link cannot substitute a foreign product
infrastructure:test: (1 row)
infrastructure:test: 
infrastructure:test: SELECT 1
infrastructure:test:                   is                   
infrastructure:test: ---------------------------------------
infrastructure:test:  ok 52 - clean exact version is linked
infrastructure:test: (1 row)
infrastructure:test: 
infrastructure:test:                           is                          
infrastructure:test: ------------------------------------------------------
infrastructure:test:  ok 53 - duplicate active evidence link is idempotent
infrastructure:test: (1 row)
infrastructure:test: 
infrastructure:test: SELECT 1
infrastructure:test:                        is                       
infrastructure:test: ------------------------------------------------
infrastructure:test:  ok 54 - mapping pins exact requirement version
infrastructure:test: (1 row)
infrastructure:test: 
infrastructure:test:                             is                             
infrastructure:test: -----------------------------------------------------------
infrastructure:test:  ok 55 - mapping has exactly the explicit selected product
infrastructure:test: (1 row)
infrastructure:test: 
infrastructure:test:                       is                       
infrastructure:test: -----------------------------------------------
infrastructure:test:  ok 56 - duplicate mapping has stable identity
infrastructure:test: (1 row)
infrastructure:test: 
infrastructure:test:                                 is                                
infrastructure:test: ------------------------------------------------------------------
infrastructure:test:  ok 57 - mapping edit cannot retarget stable requirement identity
infrastructure:test: (1 row)
infrastructure:test: 
infrastructure:test:                        is                        
infrastructure:test: -------------------------------------------------
infrastructure:test:  ok 58 - mapping edit creates new historical row
infrastructure:test: (1 row)
infrastructure:test: 
infrastructure:test:                       ok                       
infrastructure:test: -----------------------------------------------
infrastructure:test:  ok 59 - superseded mapping remains as history
infrastructure:test: (1 row)
infrastructure:test: 
infrastructure:test:                   is                   
infrastructure:test: ---------------------------------------
infrastructure:test:  ok 60 - control archive is revisioned
infrastructure:test: (1 row)
infrastructure:test: 
infrastructure:test:                           ok                           
infrastructure:test: -------------------------------------------------------
infrastructure:test:  ok 61 - archive preserves exact evidence link history
infrastructure:test: (1 row)
infrastructure:test: 
infrastructure:test:                             ok                            
infrastructure:test: ----------------------------------------------------------
infrastructure:test:  ok 62 - archive preserves version-pinned mapping history
infrastructure:test: (1 row)
infrastructure:test: 
infrastructure:test:                                   ok                                  
infrastructure:test: ----------------------------------------------------------------------
infrastructure:test:  ok 63 - every state change has durable audit in the same transaction
infrastructure:test: (1 row)
infrastructure:test: 
infrastructure:test: UPDATE 1
infrastructure:test:                            ok                            
infrastructure:test: ---------------------------------------------------------
infrastructure:test:  ok 64 - inactive owner remains visible as ownership gap
infrastructure:test: (1 row)
infrastructure:test: 
infrastructure:test:  finish 
infrastructure:test: --------
infrastructure:test:  1..64
infrastructure:test: (1 row)
infrastructure:test: 
infrastructure:test: ROLLBACK
infrastructure:test: Running tests/m10-02-evidence-reuse.test.sql
infrastructure:test: BEGIN
infrastructure:test: CREATE EXTENSION
infrastructure:test:  no_plan 
infrastructure:test: ---------
infrastructure:test: (0 rows)
infrastructure:test: 
infrastructure:test:                 ok                 
infrastructure:test: -----------------------------------
infrastructure:test:  ok 1 - reuse RPC remains callable
infrastructure:test: (1 row)
infrastructure:test: 
infrastructure:test:                     ok                     
infrastructure:test: -------------------------------------------
infrastructure:test:  ok 2 - reuse RPC is service-role mediated
infrastructure:test: (1 row)
infrastructure:test: 
infrastructure:test:                        ok                       
infrastructure:test: ------------------------------------------------
infrastructure:test:  ok 3 - reuse function has a pinned search path
infrastructure:test: (1 row)
infrastructure:test: 
infrastructure:test:                          ok                         
infrastructure:test: ----------------------------------------------------
infrastructure:test:  ok 4 - evidence permission gates the base response
infrastructure:test: (1 row)
infrastructure:test: 
infrastructure:test:                        ok                        
infrastructure:test: -------------------------------------------------
infrastructure:test:  ok 5 - framework permission gates control links
infrastructure:test: (1 row)
infrastructure:test: 
infrastructure:test:                       ok                       
infrastructure:test: -----------------------------------------------
infrastructure:test:  ok 6 - product permission gates control links
infrastructure:test: (1 row)
infrastructure:test: 
infrastructure:test:                          ok                          
infrastructure:test: -----------------------------------------------------
infrastructure:test:  ok 7 - reverse links pin the exact evidence version
infrastructure:test: (1 row)
infrastructure:test: 
infrastructure:test:                         ok                         
infrastructure:test: ---------------------------------------------------
infrastructure:test:  ok 8 - reverse links do not reveal other products
infrastructure:test: (1 row)
infrastructure:test: 
infrastructure:test:                                ok                               
infrastructure:test: ----------------------------------------------------------------
infrastructure:test:  ok 9 - current projection excludes ended and archived controls
infrastructure:test: (1 row)
infrastructure:test: 
infrastructure:test:                    is                   
infrastructure:test: ----------------------------------------
infrastructure:test:  ok 10 - unverified caller fails closed
infrastructure:test: (1 row)
infrastructure:test: 
infrastructure:test: SELECT 1
infrastructure:test:                                          is                                          
infrastructure:test: -------------------------------------------------------------------------------------
infrastructure:test:  ok 11 - run-scoped fixture has an owner, active product, and clean evidence version
infrastructure:test: (1 row)
infrastructure:test: 
infrastructure:test:                                ok                               
infrastructure:test: ----------------------------------------------------------------
infrastructure:test:  ok 12 - reviewed framework version is selected for the fixture
infrastructure:test: (1 row)
infrastructure:test: 
infrastructure:test: SELECT 1
infrastructure:test:                          is                         
infrastructure:test: ----------------------------------------------------
infrastructure:test:  ok 13 - fixture control is created transactionally
infrastructure:test: (1 row)
infrastructure:test: 
infrastructure:test:                        is                       
infrastructure:test: ------------------------------------------------
infrastructure:test:  ok 14 - fixture pins exact version and product
infrastructure:test: (1 row)
infrastructure:test: 
infrastructure:test:                           is                          
infrastructure:test: ------------------------------------------------------
infrastructure:test:  ok 15 - fixture maps one requirement for the product
infrastructure:test: (1 row)
infrastructure:test: 
infrastructure:test: SELECT 1
infrastructure:test:                       is                      
infrastructure:test: ----------------------------------------------
infrastructure:test:  ok 16 - authorized exact reuse read succeeds
infrastructure:test: (1 row)
infrastructure:test: 
infrastructure:test:                       is                       
infrastructure:test: -----------------------------------------------
infrastructure:test:  ok 17 - one current control link is projected
infrastructure:test: (1 row)
infrastructure:test: 
infrastructure:test:                         ok                         
infrastructure:test: ---------------------------------------------------
infrastructure:test:  ok 18 - reverse link keeps exact evidence version
infrastructure:test: (1 row)
infrastructure:test: 
infrastructure:test:                           is                          
infrastructure:test: ------------------------------------------------------
infrastructure:test:  ok 19 - only the applicable requirement is projected
infrastructure:test: (1 row)
infrastructure:test: 
infrastructure:test:                              ok                             
infrastructure:test: ------------------------------------------------------------
infrastructure:test:  ok 20 - bounded projection reports whether more rows exist
infrastructure:test: (1 row)
infrastructure:test: 
infrastructure:test:                            ok                            
infrastructure:test: ---------------------------------------------------------
infrastructure:test:  ok 21 - framework reverse link omits product identifier
infrastructure:test: (1 row)
infrastructure:test: 
infrastructure:test:                         is                         
infrastructure:test: ---------------------------------------------------
infrastructure:test:  ok 22 - foreign product substitution fails closed
infrastructure:test: (1 row)
infrastructure:test: 
infrastructure:test:                                 is                                
infrastructure:test: ------------------------------------------------------------------
infrastructure:test:  ok 23 - different evidence version cannot inherit a reverse link
infrastructure:test: (1 row)
infrastructure:test: 
infrastructure:test: INSERT 0 1
infrastructure:test:                                       ok                                      
infrastructure:test: ------------------------------------------------------------------------------
infrastructure:test:  ok 24 - fixture actor retains evidence and frameworks but loses product view
infrastructure:test: (1 row)
infrastructure:test: 
infrastructure:test:                                         ok                                         
infrastructure:test: -----------------------------------------------------------------------------------
infrastructure:test:  ok 25 - M8 reuse hides control links and continuation when product view is denied
infrastructure:test: (1 row)
infrastructure:test: 
infrastructure:test: UPDATE 1
infrastructure:test: INSERT 0 1
infrastructure:test:                                            is                                            
infrastructure:test: -----------------------------------------------------------------------------------------
infrastructure:test:  ok 26 - framework permission denial hides control links while evidence remains readable
infrastructure:test: (1 row)
infrastructure:test: 
infrastructure:test: UPDATE 1
infrastructure:test:                   is                   
infrastructure:test: ---------------------------------------
infrastructure:test:  ok 27 - evidence unlink is revisioned
infrastructure:test: (1 row)
infrastructure:test: 
infrastructure:test:                                   is                                   
infrastructure:test: -----------------------------------------------------------------------
infrastructure:test:  ok 28 - ended evidence link is absent from current reverse projection
infrastructure:test: (1 row)
infrastructure:test: 
infrastructure:test:                         is                        
infrastructure:test: --------------------------------------------------
infrastructure:test:  ok 29 - new exact link can be added after unlink
infrastructure:test: (1 row)
infrastructure:test: 
infrastructure:test:                   is                   
infrastructure:test: ---------------------------------------
infrastructure:test:  ok 30 - control archive is revisioned
infrastructure:test: (1 row)
infrastructure:test: 
infrastructure:test:                                  is                                 
infrastructure:test: --------------------------------------------------------------------
infrastructure:test:  ok 31 - archived control is absent from current reverse projection
infrastructure:test: (1 row)
infrastructure:test: 
infrastructure:test:  finish 
infrastructure:test: --------
infrastructure:test:  1..31
infrastructure:test: (1 row)
infrastructure:test: 
infrastructure:test: ROLLBACK
infrastructure:test: Running tests/m10-03-coverage-gaps.test.sql
infrastructure:test: BEGIN
infrastructure:test: CREATE EXTENSION
infrastructure:test:  no_plan 
infrastructure:test: ---------
infrastructure:test: (0 rows)
infrastructure:test: 
infrastructure:test:                          ok                         
infrastructure:test: ----------------------------------------------------
infrastructure:test:  ok 1 - approved product applicability is persisted
infrastructure:test: (1 row)
infrastructure:test: 
infrastructure:test:                        ok                       
infrastructure:test: ------------------------------------------------
infrastructure:test:  ok 2 - coverage recalculation state is durable
infrastructure:test: (1 row)
infrastructure:test: 
infrastructure:test:                    ok                   
infrastructure:test: ----------------------------------------
infrastructure:test:  ok 3 - requirement results are durable
infrastructure:test: (1 row)
infrastructure:test: 
infrastructure:test:                    ok                   
infrastructure:test: ----------------------------------------
infrastructure:test:  ok 4 - applicability command is atomic
infrastructure:test: (1 row)
infrastructure:test: 
infrastructure:test:                          ok                         
infrastructure:test: ----------------------------------------------------
infrastructure:test:  ok 5 - scoped coverage requests notice date expiry
infrastructure:test: (1 row)
infrastructure:test: 
infrastructure:test:                ok               
infrastructure:test: --------------------------------
infrastructure:test:  ok 6 - worker lease is durable
infrastructure:test: (1 row)
infrastructure:test: 
infrastructure:test:                    ok                   
infrastructure:test: ----------------------------------------
infrastructure:test:  ok 7 - worker recalculation is durable
infrastructure:test: (1 row)
infrastructure:test: 
infrastructure:test:                                   ok                                   
infrastructure:test: -----------------------------------------------------------------------
infrastructure:test:  ok 8 - coverage summary is bounded and consistent with projected rows
infrastructure:test: (1 row)
infrastructure:test: 
infrastructure:test:                          ok                          
infrastructure:test: -----------------------------------------------------
infrastructure:test:  ok 9 - worker failures have a retryable error state
infrastructure:test: (1 row)
infrastructure:test: 
infrastructure:test:                             ok                             
infrastructure:test: -----------------------------------------------------------
infrastructure:test:  ok 10 - browser roles cannot infer coverage rows directly
infrastructure:test: (1 row)
infrastructure:test: 
infrastructure:test:                          ok                         
infrastructure:test: ----------------------------------------------------
infrastructure:test:  ok 11 - browser roles cannot approve applicability
infrastructure:test: (1 row)
infrastructure:test: 
infrastructure:test:                       ok                      
infrastructure:test: ----------------------------------------------
infrastructure:test:  ok 12 - service role may call scoped command
infrastructure:test: (1 row)
infrastructure:test: 
infrastructure:test:                               is                              
infrastructure:test: --------------------------------------------------------------
infrastructure:test:  ok 13 - approved applicability participates in tenant export
infrastructure:test: (1 row)
infrastructure:test: 
infrastructure:test: SELECT 1
infrastructure:test:                  is                 
infrastructure:test: ------------------------------------
infrastructure:test:  ok 14 - local owner fixture exists
infrastructure:test: (1 row)
infrastructure:test: 
infrastructure:test:                     is                    
infrastructure:test: ------------------------------------------
infrastructure:test:  ok 15 - fixture selects the current pack
infrastructure:test: (1 row)
infrastructure:test: 
infrastructure:test:                         is                        
infrastructure:test: --------------------------------------------------
infrastructure:test:  ok 16 - first read schedules an uncomputed scope
infrastructure:test: (1 row)
infrastructure:test: 
infrastructure:test: UPDATE 1
infrastructure:test: SELECT 1
infrastructure:test:                  is                  
infrastructure:test: -------------------------------------
infrastructure:test:  ok 17 - worker claims pending scope
infrastructure:test: (1 row)
infrastructure:test: 
infrastructure:test:                    is                    
infrastructure:test: -----------------------------------------
infrastructure:test:  ok 18 - leased worker computes coverage
infrastructure:test: (1 row)
infrastructure:test: 
infrastructure:test:                          is                          
infrastructure:test: -----------------------------------------------------
infrastructure:test:  ok 19 - all 25 requirement nodes project atomically
infrastructure:test: (1 row)
infrastructure:test: 
infrastructure:test:                         is                         
infrastructure:test: ---------------------------------------------------
infrastructure:test:  ok 20 - two Part headings are outside denominator
infrastructure:test: (1 row)
infrastructure:test: 
infrastructure:test:                         is                         
infrastructure:test: ---------------------------------------------------
infrastructure:test:  ok 21 - numbered clauses begin as actionable gaps
infrastructure:test: (1 row)
infrastructure:test: 
infrastructure:test:                  is                  
infrastructure:test: -------------------------------------
infrastructure:test:  ok 22 - summary matches detail gaps
infrastructure:test: (1 row)
infrastructure:test: 
infrastructure:test: SELECT 1
infrastructure:test:                            is                            
infrastructure:test: ---------------------------------------------------------
infrastructure:test:  ok 23 - owner may approve a numbered clause with reason
infrastructure:test: (1 row)
infrastructure:test: 
infrastructure:test:                                is                               
infrastructure:test: ----------------------------------------------------------------
infrastructure:test:  ok 24 - applicability mutation invalidates prior green results
infrastructure:test: (1 row)
infrastructure:test: 
infrastructure:test:                        ok                        
infrastructure:test: -------------------------------------------------
infrastructure:test:  ok 25 - stale rows cannot produce green summary
infrastructure:test: (1 row)
infrastructure:test: 
infrastructure:test:                        is                        
infrastructure:test: -------------------------------------------------
infrastructure:test:  ok 26 - expected revision updates applicability
infrastructure:test: (1 row)
infrastructure:test: 
infrastructure:test:                  is                 
infrastructure:test: ------------------------------------
infrastructure:test:  ok 27 - stale revision is rejected
infrastructure:test: (1 row)
infrastructure:test: 
infrastructure:test:                             is                            
infrastructure:test: ----------------------------------------------------------
infrastructure:test:  ok 28 - tenant substitution cannot approve applicability
infrastructure:test: (1 row)
infrastructure:test: 
infrastructure:test:                           is                           
infrastructure:test: -------------------------------------------------------
infrastructure:test:  ok 29 - expected revision zero creates a new approval
infrastructure:test: (1 row)
infrastructure:test: 
infrastructure:test: SELECT 1
infrastructure:test:                                is                               
infrastructure:test: ----------------------------------------------------------------
infrastructure:test:  ok 30 - first applicability command with stable key is applied
infrastructure:test: (1 row)
infrastructure:test: 
infrastructure:test:                                    is                                   
infrastructure:test: ------------------------------------------------------------------------
infrastructure:test:  ok 31 - identical retry returns stored result without another revision
infrastructure:test: (1 row)
infrastructure:test: 
infrastructure:test:                         is                        
infrastructure:test: --------------------------------------------------
infrastructure:test:  ok 32 - identical retry does not change revision
infrastructure:test: (1 row)
infrastructure:test: 
infrastructure:test: SELECT 1
infrastructure:test: UPDATE 1
infrastructure:test:                      is                     
infrastructure:test: --------------------------------------------
infrastructure:test:  ok 33 - invalidated scope can be reclaimed
infrastructure:test: (1 row)
infrastructure:test: 
infrastructure:test:                      is                     
infrastructure:test: --------------------------------------------
infrastructure:test:  ok 34 - new approval recalculates coverage
infrastructure:test: (1 row)
infrastructure:test: 
infrastructure:test:                                is                                
infrastructure:test: -----------------------------------------------------------------
infrastructure:test:  ok 35 - approved non-applicability is separate from denominator
infrastructure:test: (1 row)
infrastructure:test: 
infrastructure:test:                               is                               
infrastructure:test: ---------------------------------------------------------------
infrastructure:test:  ok 36 - structural and excluded nodes are outside denominator
infrastructure:test: (1 row)
infrastructure:test: 
infrastructure:test: UPDATE 1
infrastructure:test:                                  is                                  
infrastructure:test: ---------------------------------------------------------------------
infrastructure:test:  ok 37 - clock boundary expires current coverage before presentation
infrastructure:test: (1 row)
infrastructure:test: 
infrastructure:test:                              ok                             
infrastructure:test: ------------------------------------------------------------
infrastructure:test:  ok 38 - clock-expired summary cannot present green results
infrastructure:test: (1 row)
infrastructure:test: 
infrastructure:test: CREATE FUNCTION
infrastructure:test:                  is                 
infrastructure:test: ------------------------------------
infrastructure:test:  ok 39 - expired scope recalculates
infrastructure:test: (1 row)
infrastructure:test: 
infrastructure:test: SELECT 1
infrastructure:test: INSERT 0 1
infrastructure:test: SELECT 1
infrastructure:test: INSERT 0 1
infrastructure:test: SELECT 1
infrastructure:test: SELECT 1
infrastructure:test: INSERT 0 1
infrastructure:test: UPDATE 1
infrastructure:test: UPDATE 1
infrastructure:test: SELECT 1
infrastructure:test:                   is                  
infrastructure:test: --------------------------------------
infrastructure:test:  ok 40 - mapped evidence recalculates
infrastructure:test: (1 row)
infrastructure:test: 
infrastructure:test:                                  is                                  
infrastructure:test: ---------------------------------------------------------------------
infrastructure:test:  ok 41 - implemented control and clean valid version resolve the gap
infrastructure:test: (1 row)
infrastructure:test: 
infrastructure:test: UPDATE 1
infrastructure:test:                        is                        
infrastructure:test: -------------------------------------------------
infrastructure:test:  ok 42 - quarantine invalidates and recalculates
infrastructure:test: (1 row)
infrastructure:test: 
infrastructure:test:                          is                          
infrastructure:test: -----------------------------------------------------
infrastructure:test:  ok 43 - quarantined evidence becomes a specific gap
infrastructure:test: (1 row)
infrastructure:test: 
infrastructure:test: UPDATE 1
infrastructure:test:                      is                      
infrastructure:test: ---------------------------------------------
infrastructure:test:  ok 44 - unlink invalidates and recalculates
infrastructure:test: (1 row)
infrastructure:test: 
infrastructure:test:                                 is                                
infrastructure:test: ------------------------------------------------------------------
infrastructure:test:  ok 45 - unlink exposes missing evidence without deleting history
infrastructure:test: (1 row)
infrastructure:test: 
infrastructure:test: SELECT 1
infrastructure:test: INSERT 0 1
infrastructure:test: SELECT 1
infrastructure:test: INSERT 0 1
infrastructure:test: INSERT 0 1
infrastructure:test:                  is                 
infrastructure:test: ------------------------------------
infrastructure:test:  ok 46 - mixed controls recalculate
infrastructure:test: (1 row)
infrastructure:test: 
infrastructure:test:                                         is                                        
infrastructure:test: ----------------------------------------------------------------------------------
infrastructure:test:  ok 47 - unfinished control quarantine does not mask implemented missing evidence
infrastructure:test: (1 row)
infrastructure:test: 
infrastructure:test: SELECT 1
infrastructure:test: INSERT 0 1
infrastructure:test: UPDATE 1
infrastructure:test: INSERT 0 1
infrastructure:test:                           is                           
infrastructure:test: -------------------------------------------------------
infrastructure:test:  ok 48 - expired evidence invalidates and recalculates
infrastructure:test: (1 row)
infrastructure:test: 
infrastructure:test:                              is                             
infrastructure:test: ------------------------------------------------------------
infrastructure:test:  ok 49 - retained but expired evidence is not counted valid
infrastructure:test: (1 row)
infrastructure:test: 
infrastructure:test:                           is                          
infrastructure:test: ------------------------------------------------------
infrastructure:test:  ok 50 - summary and detail agree after one exclusion
infrastructure:test: (1 row)
infrastructure:test: 
infrastructure:test: SELECT 1
infrastructure:test: INSERT 0 1
infrastructure:test: UPDATE 1
infrastructure:test: INSERT 0 1
infrastructure:test:                           is                          
infrastructure:test: ------------------------------------------------------
infrastructure:test:  ok 51 - future evidence invalidates and recalculates
infrastructure:test: (1 row)
infrastructure:test: 
infrastructure:test:                         is                        
infrastructure:test: --------------------------------------------------
infrastructure:test:  ok 52 - future-start evidence is an explicit gap
infrastructure:test: (1 row)
infrastructure:test: 
infrastructure:test: UPDATE 1
infrastructure:test: SELECT 1
infrastructure:test: UPDATE 1
infrastructure:test:                                 is                                
infrastructure:test: ------------------------------------------------------------------
infrastructure:test:  ok 53 - worker leases invalidated source after quarantine clears
infrastructure:test: (1 row)
infrastructure:test: 
infrastructure:test:                         is                         
infrastructure:test: ---------------------------------------------------
infrastructure:test:  ok 54 - failed worker records bounded retry state
infrastructure:test: (1 row)
infrastructure:test: 
infrastructure:test:                         ok                         
infrastructure:test: ---------------------------------------------------
infrastructure:test:  ok 55 - worker failure never presents stale green
infrastructure:test: (1 row)
infrastructure:test: 
infrastructure:test: UPDATE 1
infrastructure:test:                                is                                
infrastructure:test: -----------------------------------------------------------------
infrastructure:test:  ok 56 - a new worker reclaims the failed scope and recalculates
infrastructure:test: (1 row)
infrastructure:test: 
infrastructure:test:                            is                            
infrastructure:test: ---------------------------------------------------------
infrastructure:test:  ok 57 - fixture disables the pack after a saved command
infrastructure:test: (1 row)
infrastructure:test: 
infrastructure:test:                               is                              
infrastructure:test: --------------------------------------------------------------
infrastructure:test:  ok 58 - same idempotency key replays after selection changes
infrastructure:test: (1 row)
infrastructure:test: 
infrastructure:test:                           is                           
infrastructure:test: -------------------------------------------------------
infrastructure:test:  ok 59 - new approval cannot change a disabled version
infrastructure:test: (1 row)
infrastructure:test: 
infrastructure:test:  finish 
infrastructure:test: --------
infrastructure:test:  1..59
infrastructure:test: (1 row)
infrastructure:test: 
infrastructure:test: ROLLBACK
infrastructure:test: Running tests/m10-04-crosswalk-upgrade.test.sql
infrastructure:test: BEGIN
infrastructure:test: CREATE EXTENSION
infrastructure:test:  plan  
infrastructure:test: -------
infrastructure:test:  1..31
infrastructure:test: (1 row)
infrastructure:test: 
infrastructure:test:                   ok                   
infrastructure:test: ---------------------------------------
infrastructure:test:  ok 1 - curated crosswalk table exists
infrastructure:test: (1 row)
infrastructure:test: 
infrastructure:test:                  ok                 
infrastructure:test: ------------------------------------
infrastructure:test:  ok 2 - upgrade review table exists
infrastructure:test: (1 row)
infrastructure:test: 
infrastructure:test:                   ok                   
infrastructure:test: ---------------------------------------
infrastructure:test:  ok 3 - upgrade decisions table exists
infrastructure:test: (1 row)
infrastructure:test: 
infrastructure:test:                            ok                           
infrastructure:test: --------------------------------------------------------
infrastructure:test:  ok 4 - rights metadata extends immutable pack versions
infrastructure:test: (1 row)
infrastructure:test: 
infrastructure:test:                      ok                     
infrastructure:test: --------------------------------------------
infrastructure:test:  ok 5 - crosswalk RLS enabled without force
infrastructure:test: (1 row)
infrastructure:test: 
infrastructure:test:                    ok                    
infrastructure:test: -----------------------------------------
infrastructure:test:  ok 6 - review RLS enabled without force
infrastructure:test: (1 row)
infrastructure:test: 
infrastructure:test:                     ok                     
infrastructure:test: -------------------------------------------
infrastructure:test:  ok 7 - decision RLS enabled without force
infrastructure:test: (1 row)
infrastructure:test: 
infrastructure:test:                         ok                        
infrastructure:test: --------------------------------------------------
infrastructure:test:  ok 8 - browser role cannot directly read reviews
infrastructure:test: (1 row)
infrastructure:test: 
infrastructure:test:                       ok                      
infrastructure:test: ----------------------------------------------
infrastructure:test:  ok 9 - service role cannot bypass review RPC
infrastructure:test: (1 row)
infrastructure:test: 
infrastructure:test:              ok              
infrastructure:test: -----------------------------
infrastructure:test:  ok 10 - service can preview
infrastructure:test: (1 row)
infrastructure:test: 
infrastructure:test:                 ok                 
infrastructure:test: -----------------------------------
infrastructure:test:  ok 11 - service can create review
infrastructure:test: (1 row)
infrastructure:test: 
infrastructure:test:                  ok                  
infrastructure:test: -------------------------------------
infrastructure:test:  ok 12 - service can record decision
infrastructure:test: (1 row)
infrastructure:test: 
infrastructure:test:                  ok                 
infrastructure:test: ------------------------------------
infrastructure:test:  ok 13 - service can commit upgrade
infrastructure:test: (1 row)
infrastructure:test: 
infrastructure:test:                   is                  
infrastructure:test: --------------------------------------
infrastructure:test:  ok 14 - unknown actor cannot preview
infrastructure:test: (1 row)
infrastructure:test: 
infrastructure:test:                      is                     
infrastructure:test: --------------------------------------------
infrastructure:test:  ok 15 - unknown actor cannot create review
infrastructure:test: (1 row)
infrastructure:test: 
infrastructure:test:                  is                  
infrastructure:test: -------------------------------------
infrastructure:test:  ok 16 - unknown actor cannot commit
infrastructure:test: (1 row)
infrastructure:test: 
infrastructure:test:                 ok                 
infrastructure:test: -----------------------------------
infrastructure:test:  ok 17 - fingerprint helper exists
infrastructure:test: (1 row)
infrastructure:test: 
infrastructure:test:                       ok                       
infrastructure:test: -----------------------------------------------
infrastructure:test:  ok 18 - curated relationships are append-only
infrastructure:test: (1 row)
infrastructure:test: 
infrastructure:test: CREATE FUNCTION
infrastructure:test:                    is                   
infrastructure:test: ----------------------------------------
infrastructure:test:  ok 19 - two source requirements import
infrastructure:test: (1 row)
infrastructure:test: 
infrastructure:test:                    is                   
infrastructure:test: ----------------------------------------
infrastructure:test:  ok 20 - two target requirements import
infrastructure:test: (1 row)
infrastructure:test: 
infrastructure:test: INSERT 0 4
infrastructure:test:                                 is                                
infrastructure:test: ------------------------------------------------------------------
infrastructure:test:  ok 21 - one source to two targets is split only by curated edges
infrastructure:test: (1 row)
infrastructure:test: 
infrastructure:test:                                 is                                 
infrastructure:test: -------------------------------------------------------------------
infrastructure:test:  ok 22 - two sources to one target is merged only by curated edges
infrastructure:test: (1 row)
infrastructure:test: 
infrastructure:test:                        ok                        
infrastructure:test: -------------------------------------------------
infrastructure:test:  ok 23 - uncertain one-way edge remains explicit
infrastructure:test: (1 row)
infrastructure:test: 
infrastructure:test:                        throws_ok                       
infrastructure:test: -------------------------------------------------------
infrastructure:test:  ok 24 - curated strength cannot be silently rewritten
infrastructure:test: (1 row)
infrastructure:test: 
infrastructure:test:                             throws_ok                            
infrastructure:test: -----------------------------------------------------------------
infrastructure:test:  ok 25 - licensed standard key requires explicit rights metadata
infrastructure:test: (1 row)
infrastructure:test: 
infrastructure:test:                                    is                                   
infrastructure:test: ------------------------------------------------------------------------
infrastructure:test:  ok 26 - licensed fixture imports only with edition and rights evidence
infrastructure:test: (1 row)
infrastructure:test: 
infrastructure:test:                           is                          
infrastructure:test: ------------------------------------------------------
infrastructure:test:  ok 27 - uncertain edge does not create another split
infrastructure:test: (1 row)
infrastructure:test: 
infrastructure:test:                          throws_ok                         
infrastructure:test: -----------------------------------------------------------
infrastructure:test:  ok 28 - table constraint rejects public law without CELEX
infrastructure:test: (1 row)
infrastructure:test: 
infrastructure:test:                              ok                              
infrastructure:test: -------------------------------------------------------------
infrastructure:test:  ok 29 - durable upgrade facts are in tenant export registry
infrastructure:test: (1 row)
infrastructure:test: 
infrastructure:test:                         ok                        
infrastructure:test: --------------------------------------------------
infrastructure:test:  ok 30 - snapshot transaction locks upgrade facts
infrastructure:test: (1 row)
infrastructure:test: 
infrastructure:test:                             ok                             
infrastructure:test: -----------------------------------------------------------
infrastructure:test:  ok 31 - authorized tenant purge cascades review decisions
infrastructure:test: (1 row)
infrastructure:test: 
infrastructure:test:  finish 
infrastructure:test: --------
infrastructure:test: (0 rows)
infrastructure:test: 
infrastructure:test: ROLLBACK
infrastructure:test: Running tests/m10-04-evidence-crosswalk.test.sql
infrastructure:test: BEGIN
api:test: PASS src/sboms/normalization/sbom-normalizer.spec.ts
infrastructure:test: CREATE EXTENSION
infrastructure:test:  plan 
infrastructure:test: ------
infrastructure:test:  1..9
infrastructure:test: (1 row)
infrastructure:test: 
infrastructure:test: CREATE FUNCTION
infrastructure:test:               is               
infrastructure:test: -------------------------------
infrastructure:test:  ok 1 - source fixture imports
infrastructure:test: (1 row)
infrastructure:test: 
infrastructure:test:               is               
infrastructure:test: -------------------------------
infrastructure:test:  ok 2 - target fixture imports
infrastructure:test: (1 row)
infrastructure:test: 
infrastructure:test:  m10_import_framework_pack 
infrastructure:test: ---------------------------
infrastructure:test:  imported
infrastructure:test: (1 row)
infrastructure:test: 
infrastructure:test: SELECT 1
infrastructure:test:                      ok                      
infrastructure:test: ---------------------------------------------
infrastructure:test:  ok 3 - clean scoped evidence fixture exists
infrastructure:test: (1 row)
infrastructure:test: 
infrastructure:test:            is           
infrastructure:test: ------------------------
infrastructure:test:  ok 4 - source selected
infrastructure:test: (1 row)
infrastructure:test: 
infrastructure:test:            is           
infrastructure:test: ------------------------
infrastructure:test:  ok 5 - target selected
infrastructure:test: (1 row)
infrastructure:test: 
infrastructure:test: INSERT 0 1
infrastructure:test: INSERT 0 1
infrastructure:test: INSERT 0 1
infrastructure:test: INSERT 0 1
infrastructure:test: INSERT 0 1
infrastructure:test: INSERT 0 1
infrastructure:test:                                     is                                     
infrastructure:test: ---------------------------------------------------------------------------
infrastructure:test:  ok 6 - valid evidence exposes advisory relation without certifying target
infrastructure:test: (1 row)
infrastructure:test: 
infrastructure:test: INSERT 0 1
infrastructure:test:                                    is                                   
infrastructure:test: ------------------------------------------------------------------------
infrastructure:test:  ok 7 - target product non-applicability independently suppresses reuse
infrastructure:test: (1 row)
infrastructure:test: 
infrastructure:test: UPDATE 1
infrastructure:test: INSERT 0 1
infrastructure:test:                                    is                                   
infrastructure:test: ------------------------------------------------------------------------
infrastructure:test:  ok 8 - source product non-applicability independently suppresses reuse
infrastructure:test: (1 row)
infrastructure:test: 
infrastructure:test: INSERT 0 1
infrastructure:test: INSERT 0 1
infrastructure:test: INSERT 0 1
infrastructure:test: INSERT 0 1
infrastructure:test: INSERT 0 1
infrastructure:test:                                    is                                    
infrastructure:test: -------------------------------------------------------------------------
infrastructure:test:  ok 9 - preview evidence IDs exclude links outside mapping product scope
infrastructure:test: (1 row)
infrastructure:test: 
infrastructure:test:  finish 
infrastructure:test: --------
infrastructure:test: (0 rows)
infrastructure:test: 
infrastructure:test: ROLLBACK
infrastructure:test: Running tests/m10-04-merged-upgrade.test.sql
infrastructure:test: BEGIN
infrastructure:test: CREATE EXTENSION
infrastructure:test:  plan 
infrastructure:test: ------
infrastructure:test:  1..8
infrastructure:test: (1 row)
infrastructure:test: 
infrastructure:test: CREATE FUNCTION
infrastructure:test: CREATE FUNCTION
infrastructure:test:              is             
infrastructure:test: ----------------------------
infrastructure:test:  ok 1 - source pair imports
infrastructure:test: (1 row)
infrastructure:test: 
infrastructure:test:               is              
infrastructure:test: ------------------------------
infrastructure:test:  ok 2 - merged target imports
infrastructure:test: (1 row)
infrastructure:test: 
infrastructure:test: SELECT 1
infrastructure:test:                             ok                            
infrastructure:test: ----------------------------------------------------------
infrastructure:test:  ok 3 - two products exist for merged product-scope union
infrastructure:test: (1 row)
infrastructure:test: 
infrastructure:test:            is           
infrastructure:test: ------------------------
infrastructure:test:  ok 4 - source selected
infrastructure:test: (1 row)
infrastructure:test: 
infrastructure:test: INSERT 0 1
infrastructure:test: INSERT 0 1
infrastructure:test: INSERT 0 2
infrastructure:test: INSERT 0 2
infrastructure:test: SELECT 1
infrastructure:test:                  is                  
infrastructure:test: -------------------------------------
infrastructure:test:  ok 5 - first source review recorded
infrastructure:test: (1 row)
infrastructure:test: 
infrastructure:test:                   is                  
infrastructure:test: --------------------------------------
infrastructure:test:  ok 6 - second source review recorded
infrastructure:test: (1 row)
infrastructure:test: 
infrastructure:test:                         is                         
infrastructure:test: ---------------------------------------------------
infrastructure:test:  ok 7 - merged decisions create one target mapping
infrastructure:test: (1 row)
infrastructure:test: 
infrastructure:test:                              ok                             
infrastructure:test: ------------------------------------------------------------
infrastructure:test:  ok 8 - merged mapping carries union of both product scopes
infrastructure:test: (1 row)
infrastructure:test: 
infrastructure:test:  finish 
infrastructure:test: --------
infrastructure:test: (0 rows)
infrastructure:test: 
infrastructure:test: ROLLBACK
infrastructure:test: Running tests/m10-04-upgrade-flow.test.sql
infrastructure:test: BEGIN
infrastructure:test: CREATE EXTENSION
infrastructure:test:  plan  
infrastructure:test: -------
infrastructure:test:  1..24
infrastructure:test: (1 row)
infrastructure:test: 
infrastructure:test: CREATE FUNCTION
infrastructure:test:                                is                                
infrastructure:test: -----------------------------------------------------------------
infrastructure:test:  ok 1 - approved fixture imports without invented EU identifiers
infrastructure:test: (1 row)
infrastructure:test: 
infrastructure:test:                       is                      
infrastructure:test: ----------------------------------------------
infrastructure:test:  ok 2 - new immutable fixture edition imports
infrastructure:test: (1 row)
infrastructure:test: 
infrastructure:test: SELECT 1
infrastructure:test:                             ok                             
infrastructure:test: -----------------------------------------------------------
infrastructure:test:  ok 3 - seeded owner has a product for scoped mapping test
infrastructure:test: (1 row)
infrastructure:test: 
infrastructure:test:                  is                  
infrastructure:test: -------------------------------------
infrastructure:test:  ok 4 - owner selects source edition
infrastructure:test: (1 row)
infrastructure:test: 
infrastructure:test:                            is                            
infrastructure:test: ---------------------------------------------------------
infrastructure:test:  ok 5 - ordinary selection rejects silent edition switch
infrastructure:test: (1 row)
infrastructure:test: 
infrastructure:test: INSERT 0 1
infrastructure:test: INSERT 0 1
infrastructure:test: INSERT 0 1
infrastructure:test: INSERT 0 1
infrastructure:test: INSERT 0 1
infrastructure:test:                         is                        
infrastructure:test: --------------------------------------------------
infrastructure:test:  ok 6 - curated edge appears only as a suggestion
infrastructure:test: (1 row)
infrastructure:test: 
infrastructure:test:                     is                     
infrastructure:test: -------------------------------------------
infrastructure:test:  ok 7 - diff identifies removed source key
infrastructure:test: (1 row)
infrastructure:test: 
infrastructure:test: SELECT 1
infrastructure:test:             ok            
infrastructure:test: --------------------------
infrastructure:test:  ok 8 - review is created
infrastructure:test: (1 row)
infrastructure:test: 
infrastructure:test:                       is                       
infrastructure:test: -----------------------------------------------
infrastructure:test:  ok 9 - commit requires every mapping decision
infrastructure:test: (1 row)
infrastructure:test: 
infrastructure:test:                         is                         
infrastructure:test: ---------------------------------------------------
infrastructure:test:  ok 10 - failed review leaves old selection usable
infrastructure:test: (1 row)
infrastructure:test: 
infrastructure:test:                      is                      
infrastructure:test: ---------------------------------------------
infrastructure:test:  ok 11 - reviewer records explicit successor
infrastructure:test: (1 row)
infrastructure:test: 
infrastructure:test:                       is                      
infrastructure:test: ----------------------------------------------
infrastructure:test:  ok 12 - review page returns durable decision
infrastructure:test: (1 row)
infrastructure:test: 
infrastructure:test:                      is                      
infrastructure:test: ---------------------------------------------
infrastructure:test:  ok 13 - reviewed upgrade commits atomically
infrastructure:test: (1 row)
infrastructure:test: 
infrastructure:test:                           is                          
infrastructure:test: ------------------------------------------------------
infrastructure:test:  ok 14 - selection changes only after reviewed commit
infrastructure:test: (1 row)
infrastructure:test: 
infrastructure:test:                    ok                   
infrastructure:test: ----------------------------------------
infrastructure:test:  ok 15 - old mapping remains historical
infrastructure:test: (1 row)
infrastructure:test: 
infrastructure:test:               ok               
infrastructure:test: -------------------------------
infrastructure:test:  ok 16 - new mapping is active
infrastructure:test: (1 row)
infrastructure:test: 
infrastructure:test:                                  ok                                 
infrastructure:test: --------------------------------------------------------------------
infrastructure:test:  ok 17 - product scope is copied without duplicating evidence bytes
infrastructure:test: (1 row)
infrastructure:test: 
infrastructure:test:                         is                         
infrastructure:test: ---------------------------------------------------
infrastructure:test:  ok 18 - crosswalk read preserves partial strength
infrastructure:test: (1 row)
infrastructure:test: 
infrastructure:test:                          is                          
infrastructure:test: -----------------------------------------------------
infrastructure:test:  ok 19 - evidence reuse rejects an unrelated version
infrastructure:test: (1 row)
infrastructure:test: 
infrastructure:test:                      is                      
infrastructure:test: ---------------------------------------------
infrastructure:test:  ok 20 - commit retry replays durable result
infrastructure:test: (1 row)
infrastructure:test: 
infrastructure:test:                         ok                         
infrastructure:test: ---------------------------------------------------
infrastructure:test:  ok 21 - idempotent retry does not duplicate audit
infrastructure:test: (1 row)
infrastructure:test: 
infrastructure:test: SELECT 1
infrastructure:test:                       is                      
infrastructure:test: ----------------------------------------------
infrastructure:test:  ok 22 - reverse upgrade decision is recorded
infrastructure:test: (1 row)
infrastructure:test: 
infrastructure:test: UPDATE 1
infrastructure:test:                                is                               
infrastructure:test: ----------------------------------------------------------------
infrastructure:test:  ok 23 - concurrent control edit invalidates review fingerprint
infrastructure:test: (1 row)
infrastructure:test: 
infrastructure:test:                                 is                                
infrastructure:test: ------------------------------------------------------------------
infrastructure:test:  ok 24 - conflicted reverse upgrade leaves current version usable
infrastructure:test: (1 row)
infrastructure:test: 
infrastructure:test:  finish 
infrastructure:test: --------
infrastructure:test: (0 rows)
infrastructure:test: 
infrastructure:test: ROLLBACK
infrastructure:test: Running tests/m10-05-custom-packs.test.sql
infrastructure:test: BEGIN
infrastructure:test: CREATE EXTENSION
infrastructure:test:  plan  
infrastructure:test: -------
infrastructure:test:  1..57
infrastructure:test: (1 row)
infrastructure:test: 
infrastructure:test:                 ok                
infrastructure:test: ----------------------------------
infrastructure:test:  ok 1 - tenant draft table exists
infrastructure:test: (1 row)
infrastructure:test: 
infrastructure:test:                      ok                     
infrastructure:test: --------------------------------------------
infrastructure:test:  ok 2 - immutable pack versions carry owner
infrastructure:test: (1 row)
infrastructure:test: 
infrastructure:test:                     ok                     
infrastructure:test: -------------------------------------------
infrastructure:test:  ok 3 - immutable requirements carry owner
infrastructure:test: (1 row)
infrastructure:test: 
infrastructure:test:                 ok                
infrastructure:test: ----------------------------------
infrastructure:test:  ok 4 - scoped command RPC exists
infrastructure:test: (1 row)
infrastructure:test: 
infrastructure:test:               ok               
infrastructure:test: -------------------------------
infrastructure:test:  ok 5 - scoped page RPC exists
infrastructure:test: (1 row)
infrastructure:test: 
infrastructure:test:                ok                
infrastructure:test: ---------------------------------
infrastructure:test:  ok 6 - scoped detail RPC exists
infrastructure:test: (1 row)
infrastructure:test: 
infrastructure:test:                    ok                   
infrastructure:test: ----------------------------------------
infrastructure:test:  ok 7 - draft RLS enabled without force
infrastructure:test: (1 row)
infrastructure:test: 
infrastructure:test:                         ok                        
infrastructure:test: --------------------------------------------------
infrastructure:test:  ok 8 - service role cannot bypass scoped command
infrastructure:test: (1 row)
infrastructure:test: 
infrastructure:test:                        ok                       
infrastructure:test: ------------------------------------------------
infrastructure:test:  ok 9 - service role may execute scoped command
infrastructure:test: (1 row)
infrastructure:test: 
infrastructure:test:                       ok                      
infrastructure:test: ----------------------------------------------
infrastructure:test:  ok 10 - drafts are included in tenant export
infrastructure:test: (1 row)
infrastructure:test: 
infrastructure:test:                                   ok                                   
infrastructure:test: -----------------------------------------------------------------------
infrastructure:test:  ok 11 - tenant-owned immutable versions are included in tenant export
infrastructure:test: (1 row)
infrastructure:test: 
infrastructure:test: SELECT 1
infrastructure:test: CREATE FUNCTION
infrastructure:test:                       ok                      
infrastructure:test: ----------------------------------------------
infrastructure:test:  ok 12 - scoped dry-run validation RPC exists
infrastructure:test: (1 row)
infrastructure:test: 
infrastructure:test:                        ok                        
infrastructure:test: -------------------------------------------------
infrastructure:test:  ok 13 - service role may call scoped validation
infrastructure:test: (1 row)
infrastructure:test: 
infrastructure:test: SELECT 1
infrastructure:test:                           is                          
infrastructure:test: ------------------------------------------------------
infrastructure:test:  ok 14 - dry-run accepts a valid document through SQL
infrastructure:test: (1 row)
infrastructure:test: 
infrastructure:test:                             is                             
infrastructure:test: -----------------------------------------------------------
infrastructure:test:  ok 15 - dry-run rejects content disallowed by publication
infrastructure:test: (1 row)
infrastructure:test: 
infrastructure:test:                           is                           
infrastructure:test: -------------------------------------------------------
infrastructure:test:  ok 16 - SQL dry-run identifies invalid metadata field
infrastructure:test: (1 row)
infrastructure:test: 
infrastructure:test:                            is                           
infrastructure:test: --------------------------------------------------------
infrastructure:test:  ok 17 - SQL dry-run identifies invalid hierarchy field
infrastructure:test: (1 row)
infrastructure:test: 
infrastructure:test:                        is                        
infrastructure:test: -------------------------------------------------
infrastructure:test:  ok 18 - SQL dry-run identifies invalid position
infrastructure:test: (1 row)
infrastructure:test: 
infrastructure:test:                         is                        
infrastructure:test: --------------------------------------------------
infrastructure:test:  ok 19 - SQL dry-run identifies duplicate key row
infrastructure:test: (1 row)
infrastructure:test: 
infrastructure:test:                       is                      
infrastructure:test: ----------------------------------------------
infrastructure:test:  ok 20 - dry-run requires an authorized actor
infrastructure:test: (1 row)
infrastructure:test: 
infrastructure:test:                            ok                           
infrastructure:test: --------------------------------------------------------
infrastructure:test:  ok 21 - dry-run leaves no pack, draft, or audit writes
infrastructure:test: (1 row)
infrastructure:test: 
infrastructure:test: SELECT 1
infrastructure:test:                  is                 
infrastructure:test: ------------------------------------
infrastructure:test:  ok 22 - tenant creates valid draft
infrastructure:test: (1 row)
infrastructure:test: 
infrastructure:test:                       is                       
infrastructure:test: -----------------------------------------------
infrastructure:test:  ok 23 - duplicate retry returns stored result
infrastructure:test: (1 row)
infrastructure:test: 
infrastructure:test:                              is                             
infrastructure:test: ------------------------------------------------------------
infrastructure:test:  ok 24 - new request key deduplicates exact tenant document
infrastructure:test: (1 row)
infrastructure:test: 
infrastructure:test:                             is                            
infrastructure:test: ----------------------------------------------------------
infrastructure:test:  ok 25 - duplicate import does not allocate another draft
infrastructure:test: (1 row)
infrastructure:test: 
infrastructure:test:                   is                  
infrastructure:test: --------------------------------------
infrastructure:test:  ok 26 - draft publishes immutable v1
infrastructure:test: (1 row)
infrastructure:test: 
infrastructure:test:                             ok                             
infrastructure:test: -----------------------------------------------------------
infrastructure:test:  ok 27 - published content has owner and no fabricated URL
infrastructure:test: (1 row)
infrastructure:test: 
infrastructure:test:                     is                    
infrastructure:test: ------------------------------------------
infrastructure:test:  ok 28 - stale draft revision is rejected
infrastructure:test: (1 row)
infrastructure:test: 
infrastructure:test:                      is                     
infrastructure:test: --------------------------------------------
infrastructure:test:  ok 29 - draft can change after publication
infrastructure:test: (1 row)
infrastructure:test: 
infrastructure:test:                    is                    
infrastructure:test: -----------------------------------------
infrastructure:test:  ok 30 - revision publishes immutable v2
infrastructure:test: (1 row)
infrastructure:test: 
infrastructure:test:                         ok                        
infrastructure:test: --------------------------------------------------
infrastructure:test:  ok 31 - prior published version remains readable
infrastructure:test: (1 row)
infrastructure:test: 
infrastructure:test:                           is                           
infrastructure:test: -------------------------------------------------------
infrastructure:test:  ok 32 - published custom v1 can be initially selected
infrastructure:test: (1 row)
infrastructure:test: 
infrastructure:test: SELECT 1
infrastructure:test:                       ok                       
infrastructure:test: -----------------------------------------------
infrastructure:test:  ok 33 - review may be prepared before archive
infrastructure:test: (1 row)
infrastructure:test: 
infrastructure:test:                        is                       
infrastructure:test: ------------------------------------------------
infrastructure:test:  ok 34 - draft archive keeps immutable versions
infrastructure:test: (1 row)
infrastructure:test: 
infrastructure:test:                          is                          
infrastructure:test: -----------------------------------------------------
infrastructure:test:  ok 35 - archived custom pack blocks upgrade preview
infrastructure:test: (1 row)
infrastructure:test: 
infrastructure:test:                            is                            
infrastructure:test: ---------------------------------------------------------
infrastructure:test:  ok 36 - commit rechecks archive after an earlier review
infrastructure:test: (1 row)
infrastructure:test: 
infrastructure:test:                         is                        
infrastructure:test: --------------------------------------------------
infrastructure:test:  ok 37 - archived selected version may be toggled
infrastructure:test: (1 row)
infrastructure:test: 
infrastructure:test:                             is                             
infrastructure:test: -----------------------------------------------------------
infrastructure:test:  ok 38 - archived pack blocks a different selected version
infrastructure:test: (1 row)
infrastructure:test: 
infrastructure:test: SELECT 1
infrastructure:test:                          is                          
infrastructure:test: -----------------------------------------------------
infrastructure:test:  ok 39 - second custom pack publishes before archive
infrastructure:test: (1 row)
infrastructure:test: 
infrastructure:test:                    is                    
infrastructure:test: -----------------------------------------
infrastructure:test:  ok 40 - unselected pack may be archived
infrastructure:test: (1 row)
infrastructure:test: 
infrastructure:test:                          is                          
infrastructure:test: -----------------------------------------------------
infrastructure:test:  ok 41 - archived custom pack blocks first selection
infrastructure:test: (1 row)
infrastructure:test: 
infrastructure:test: SELECT 1
infrastructure:test:                          ok                          
infrastructure:test: -----------------------------------------------------
infrastructure:test:  ok 42 - rollback fixture starts as a distinct draft
infrastructure:test: (1 row)
infrastructure:test: 
infrastructure:test: CREATE FUNCTION
infrastructure:test: CREATE TRIGGER
infrastructure:test:                     throws_ok                    
infrastructure:test: -------------------------------------------------
infrastructure:test:  ok 43 - audit failure aborts custom publication
infrastructure:test: (1 row)
infrastructure:test: 
infrastructure:test: DROP TRIGGER
infrastructure:test:                            ok                           
infrastructure:test: --------------------------------------------------------
infrastructure:test:  ok 44 - failed publication leaves no immutable version
infrastructure:test: (1 row)
infrastructure:test: 
infrastructure:test:                                ok                               
infrastructure:test: ----------------------------------------------------------------
infrastructure:test:  ok 45 - failed publication preserves draft revision and status
infrastructure:test: (1 row)
infrastructure:test: 
infrastructure:test:                        throws_ok                        
infrastructure:test: --------------------------------------------------------
infrastructure:test:  ok 46 - published custom version rejects direct update
infrastructure:test: (1 row)
infrastructure:test: 
infrastructure:test:                        throws_ok                        
infrastructure:test: --------------------------------------------------------
infrastructure:test:  ok 47 - published custom version rejects direct delete
infrastructure:test: (1 row)
infrastructure:test: 
infrastructure:test:                          throws_ok                          
infrastructure:test: ------------------------------------------------------------
infrastructure:test:  ok 48 - published custom requirement rejects direct update
infrastructure:test: (1 row)
infrastructure:test: 
infrastructure:test:                          throws_ok                          
infrastructure:test: ------------------------------------------------------------
infrastructure:test:  ok 49 - published custom requirement rejects direct delete
infrastructure:test: (1 row)
infrastructure:test: 
infrastructure:test:                      ok                     
infrastructure:test: --------------------------------------------
infrastructure:test:  ok 50 - owner can reference published pack
infrastructure:test: (1 row)
infrastructure:test: 
infrastructure:test:                          ok                          
infrastructure:test: -----------------------------------------------------
infrastructure:test:  ok 51 - peer tenant cannot reference published pack
infrastructure:test: (1 row)
infrastructure:test: 
infrastructure:test:                                       throws_ok                                       
infrastructure:test: --------------------------------------------------------------------------------------
infrastructure:test:  ok 52 - organization-scoped applicability rejects a peer-owned pack before FK checks
infrastructure:test: (1 row)
infrastructure:test: 
infrastructure:test: SELECT 1
infrastructure:test: INSERT 0 1
infrastructure:test: INSERT 0 1
infrastructure:test: SELECT 1
infrastructure:test:                                     is                                    
infrastructure:test: --------------------------------------------------------------------------
infrastructure:test:  ok 53 - same portable JSON creates a private draft in a different tenant
infrastructure:test: (1 row)
infrastructure:test: 
infrastructure:test:                                 ok                                
infrastructure:test: ------------------------------------------------------------------
infrastructure:test:  ok 54 - portable import receives a new server-generated pack key
infrastructure:test: (1 row)
infrastructure:test: 
infrastructure:test:                                     ok                                    
infrastructure:test: --------------------------------------------------------------------------
infrastructure:test:  ok 55 - portable draft is owned by destination tenant with exact content
infrastructure:test: (1 row)
infrastructure:test: 
infrastructure:test:                                      ok                                      
infrastructure:test: -----------------------------------------------------------------------------
infrastructure:test:  ok 56 - portable draft does not copy published versions or control mappings
infrastructure:test: (1 row)
infrastructure:test: 
infrastructure:test:  m10_import_framework_pack 
infrastructure:test: ---------------------------
infrastructure:test:  imported
infrastructure:test: (1 row)
infrastructure:test: 
infrastructure:test: INSERT 0 1
infrastructure:test: psql:<stdin>:255: ERROR:  update or delete on table "organizations" violates foreign key constraint "audit_logs_organization_id_fkey" on table "audit_logs"
infrastructure:test: DETAIL:  Key (id)=(8153f4f6-b856-4d6d-9796-8dc0a0cf507f) is still referenced from table "audit_logs".
infrastructure:test:  ELIFECYCLE  Test failed. See above for more details.
api:test:  ELIFECYCLE  Test failed. See above for more details.
web:test:  ELIFECYCLE  Test failed. See above for more details.
infrastructure#test:  ERROR  command (/Users/abjmac003/Documents/GitHub/CRA/apps/infrastructure) /Users/abjmac003/Library/pnpm/.tools/pnpm/10.33.4/bin/pnpm run test exited (3)

 Tasks:    6 successful, 9 total
Cached:    5 cached, 9 total
  Time:    6.189s 
Failed:    infrastructure#test

 ERROR  run failed: command  exited (3)
 ELIFECYCLE  Test failed. See above for more details.
 ELIFECYCLE  Command failed with exit code 3.
