
> CRA@ verify /Users/abjmac003/Documents/GitHub/CRA
> pnpm lint && pnpm check-types && pnpm test:architecture && pnpm test && pnpm build


> CRA@ lint /Users/abjmac003/Documents/GitHub/CRA
> turbo run lint

• turbo 2.10.8

   • Packages in scope: @repo/contracts, @repo/design-system, @repo/eslint-config, @repo/typescript-config, @repo/ui, agent, api, docs, infrastructure, web
   • Running lint in 10 packages
   • Remote caching disabled

@repo/ui:lint: cache hit, replaying logs e0576e533ae520eb
@repo/ui:lint: 
@repo/ui:lint: > @repo/ui@0.0.0 lint /Users/abjmac003/Documents/GitHub/CRA/packages/ui
@repo/ui:lint: > eslint . --max-warnings 0
@repo/ui:lint: 
@repo/contracts:lint: cache hit, replaying logs 092aab015da4ba50
@repo/contracts:lint: 
@repo/contracts:lint: > @repo/contracts@0.0.0 lint /Users/abjmac003/Documents/GitHub/CRA/packages/contracts
@repo/contracts:lint: > eslint . --max-warnings 0
@repo/contracts:lint: 
api:lint: cache hit, replaying logs 0befa0ad0a500386
web:lint: cache hit, replaying logs 1156c625e7b62178
agent:lint: cache hit, replaying logs 8552bf6442ffca3d
api:lint: 
api:lint: > api@0.0.1 lint /Users/abjmac003/Documents/GitHub/CRA/apps/api
api:lint: > eslint src test --max-warnings 0
api:lint: 
web:lint: 
web:lint: > web@0.1.0 lint /Users/abjmac003/Documents/GitHub/CRA/apps/web
web:lint: > eslint --max-warnings 0
web:lint: 
agent:lint: 
agent:lint: > agent@0.1.0 lint /Users/abjmac003/Documents/GitHub/CRA/apps/agent
agent:lint: > eslint src --max-warnings 0
agent:lint: 

 Tasks:    5 successful, 5 total
Cached:    5 cached, 5 total
  Time:    46ms >>> FULL TURBO


> CRA@ check-types /Users/abjmac003/Documents/GitHub/CRA
> turbo run check-types

• turbo 2.10.8

   • Packages in scope: @repo/contracts, @repo/design-system, @repo/eslint-config, @repo/typescript-config, @repo/ui, agent, api, docs, infrastructure, web
   • Running check-types in 10 packages
   • Remote caching disabled

@repo/contracts:check-types: cache hit, replaying logs 3fe8a8d767287fd9
@repo/contracts:check-types: 
@repo/contracts:check-types: > @repo/contracts@0.0.0 check-types /Users/abjmac003/Documents/GitHub/CRA/packages/contracts
@repo/contracts:check-types: > tsc --noEmit
@repo/contracts:check-types: 
@repo/ui:check-types: cache hit, replaying logs 8627d161147b4e00
@repo/ui:check-types: 
@repo/ui:check-types: > @repo/ui@0.0.0 check-types /Users/abjmac003/Documents/GitHub/CRA/packages/ui
@repo/ui:check-types: > tsc --noEmit
@repo/ui:check-types: 
docs:check-types: cache hit, replaying logs 90bba4319bf62c9e
agent:check-types: cache hit, replaying logs 165c8a3d0443d0b1
docs:check-types: 
docs:check-types: > docs@0.0.0 check-types /Users/abjmac003/Documents/GitHub/CRA/apps/docs
docs:check-types: > tsc --noEmit
docs:check-types: 
web:check-types: cache hit, replaying logs 4c66af9a536d3925
agent:check-types: 
agent:check-types: > agent@0.1.0 check-types /Users/abjmac003/Documents/GitHub/CRA/apps/agent
agent:check-types: > tsc --noEmit
agent:check-types: 
api:check-types: cache hit, replaying logs 230818f8dbd7fa47
web:check-types: 
web:check-types: > web@0.1.0 check-types /Users/abjmac003/Documents/GitHub/CRA/apps/web
web:check-types: > next typegen && tsc --noEmit
web:check-types: 
web:check-types: Generating route types...
web:check-types: ✓ Types generated successfully
api:check-types: 
api:check-types: > api@0.0.1 check-types /Users/abjmac003/Documents/GitHub/CRA/apps/api
api:check-types: > tsc --noEmit
api:check-types: 

 Tasks:    6 successful, 6 total
Cached:    6 cached, 6 total
  Time:    16ms >>> FULL TURBO


> CRA@ test:architecture /Users/abjmac003/Documents/GitHub/CRA
> node --test scripts/architecture/*.test.mjs && node scripts/architecture/verify-docs.mjs && depcruise --config dependency-cruiser.cjs apps packages

TAP version 13
# Subtest: accepts exactly one registered authority per mutation route
ok 1 - accepts exactly one registered authority per mutation route
  ---
  duration_ms: 8.648291
  type: 'test'
  ...
# Subtest: fails when a new route has no registration
ok 2 - fails when a new route has no registration
  ---
  duration_ms: 6.214667
  type: 'test'
  ...
# Subtest: fails duplicate registrations and more than one authority
ok 3 - fails duplicate registrations and more than one authority
  ---
  duration_ms: 3.308917
  type: 'test'
  ...
# Subtest: fails stale registration after a route is renamed
ok 4 - fails stale registration after a route is renamed
  ---
  duration_ms: 2.54525
  type: 'test'
  ...
# Subtest: fails when the controller base path changes
ok 5 - fails when the controller base path changes
  ---
  duration_ms: 4.506375
  type: 'test'
  ...
# Subtest: requires an evidence path for claimed authoritative writers
ok 6 - requires an evidence path for claimed authoritative writers
  ---
  duration_ms: 3.400167
  type: 'test'
  ...
# Subtest: requires a source symbol present in evidence
ok 7 - requires a source symbol present in evidence
  ---
  duration_ms: 3.986125
  type: 'test'
  ...
# Subtest: requires source symbols for durable authorities
ok 8 - requires source symbols for durable authorities
  ---
  duration_ms: 3.49925
  type: 'test'
  ...
# Subtest: rejects an unresolved mutation authority
ok 9 - rejects an unresolved mutation authority
  ---
  duration_ms: 6.600958
  type: 'test'
  ...
# Subtest: rejects an unreviewed best-effort mutation authority
ok 10 - rejects an unreviewed best-effort mutation authority
  ---
  duration_ms: 8.534041
  type: 'test'
  ...
# Subtest: fails when a semantic worker has no registration
ok 11 - fails when a semantic worker has no registration
  ---
  duration_ms: 4.964375
  type: 'test'
  ...
# Subtest: the repository mutation surface is fully registered
ok 12 - the repository mutation surface is fully registered
  ---
  duration_ms: 209.197375
  type: 'test'
  ...
# Subtest: defines fast and live verification lanes
ok 13 - defines fast and live verification lanes
  ---
  duration_ms: 4.683291
  type: 'test'
  ...
# Subtest: parses only allowlisted local Supabase environment values
ok 14 - parses only allowlisted local Supabase environment values
  ---
  duration_ms: 7.724667
  type: 'test'
  ...
# Subtest: fails closed when Supabase status fails or omits a required value
ok 15 - fails closed when Supabase status fails or omits a required value
  ---
  duration_ms: 303.745584
  type: 'test'
  ...
# Subtest: documents the verification commands without package-manager drift
ok 16 - documents the verification commands without package-manager drift
  ---
  duration_ms: 2.512416
  type: 'test'
  ...
# Subtest: normalizes declared nullable RPC result columns
ok 17 - normalizes declared nullable RPC result columns
  ---
  duration_ms: 0.910458
  type: 'test'
  ...
# Subtest: fails closed when the generated function shape changes
ok 18 - fails closed when the generated function shape changes
  ---
  duration_ms: 1.118625
  type: 'test'
  ...
# Subtest: keeps both generated database type copies synchronized
ok 19 - keeps both generated database type copies synchronized
  ---
  duration_ms: 6.092042
  type: 'test'
  ...
# Subtest: every declared dependency boundary rejects a representative import
ok 20 - every declared dependency boundary rejects a representative import
  ---
  duration_ms: 710.173209
  type: 'test'
  ...
# Subtest: workspace aliases resolve to their source modules
ok 21 - workspace aliases resolve to their source modules
  ---
  duration_ms: 750.976583
  type: 'test'
  ...
# Subtest: cross-app workspace aliases cannot bypass dependency boundaries
ok 22 - cross-app workspace aliases cannot bypass dependency boundaries
  ---
  duration_ms: 459.373166
  type: 'test'
  ...
# Subtest: generated build directories do not enter the dependency graph
ok 23 - generated build directories do not enter the dependency graph
  ---
  duration_ms: 437.009
  type: 'test'
  ...
# Subtest: requires all 22 pattern names and feature decision questions
ok 24 - requires all 22 pattern names and feature decision questions
  ---
  duration_ms: 11.190625
  type: 'test'
  ...
# Subtest: accepts the repository architecture policy
ok 25 - accepts the repository architecture policy
  ---
  duration_ms: 4.622542
  type: 'test'
  ...
# Subtest: requires enforceable architecture rules in the root agent guide
ok 26 - requires enforceable architecture rules in the root agent guide
  ---
  duration_ms: 3.770417
  type: 'test'
  ...
# Subtest: rejects an agent guide that makes the feature template a quota
ok 27 - rejects an agent guide that makes the feature template a quota
  ---
  duration_ms: 10.000959
  type: 'test'
  ...
# Subtest: reports every missing required document instead of throwing
ok 28 - reports every missing required document instead of throwing
  ---
  duration_ms: 1.056875
  type: 'test'
  ...
# Subtest: requires real pattern blocks and template headings
ok 29 - requires real pattern blocks and template headings
  ---
  duration_ms: 4.916708
  type: 'test'
  ...
# Subtest: rejects duplicate pattern decisions
ok 30 - rejects duplicate pattern decisions
  ---
  duration_ms: 5.160667
  type: 'test'
  ...
# Subtest: requires the detailed coding workflow and completion gates
ok 31 - requires the detailed coding workflow and completion gates
  ---
  duration_ms: 1.856417
  type: 'test'
  ...
# Subtest: CLI exits nonzero when architecture documents are missing
ok 32 - CLI exits nonzero when architecture documents are missing
  ---
  duration_ms: 33.978584
  type: 'test'
  ...
# Subtest: accepts a complete reusable fixture
ok 33 - accepts a complete reusable fixture
  ---
  duration_ms: 39.256584
  type: 'test'
  ...
# Subtest: rejects provider imports from application and domain code
    # Subtest: NestJS
    ok 1 - NestJS
      ---
      duration_ms: 26.368917
      type: 'test'
      ...
    # Subtest: Express
    ok 2 - Express
      ---
      duration_ms: 26.7935
      type: 'test'
      ...
    # Subtest: Supabase
    ok 3 - Supabase
      ---
      duration_ms: 20.857667
      type: 'test'
      ...
    # Subtest: jose
    ok 4 - jose
      ---
      duration_ms: 17.172792
      type: 'test'
      ...
    # Subtest: Nodemailer
    ok 5 - Nodemailer
      ---
      duration_ms: 19.201708
      type: 'test'
      ...
    1..5
ok 34 - rejects provider imports from application and domain code
  ---
  duration_ms: 111.105166
  type: 'test'
  ...
# Subtest: rejects direct web fetch outside the central transport
ok 35 - rejects direct web fetch outside the central transport
  ---
  duration_ms: 10.081417
  type: 'test'
  ...
# Subtest: rejects controller-local and web API-local Zod wire schemas
ok 36 - rejects controller-local and web API-local Zod wire schemas
  ---
  duration_ms: 10.8565
  type: 'test'
  ...
# Subtest: requires boundary schema references to come from shared contracts
ok 37 - requires boundary schema references to come from shared contracts
  ---
  duration_ms: 10.809583
  type: 'test'
  ...
# Subtest: requires paired schema/type folders and parsed wire types
ok 38 - requires paired schema/type folders and parsed wire types
  ---
  duration_ms: 11.426583
  type: 'test'
  ...
# Subtest: requires parsed controller inputs and declared response kinds
ok 39 - requires parsed controller inputs and declared response kinds
  ---
  duration_ms: 12.05875
  type: 'test'
  ...
# Subtest: requires an input schema for every web request body
ok 40 - requires an input schema for every web request body
  ---
  duration_ms: 11.078833
  type: 'test'
  ...
# Subtest: inspects transport options referenced through local variables
ok 41 - inspects transport options referenced through local variables
  ---
  duration_ms: 13.4145
  type: 'test'
  ...
# Subtest: rejects transport options that cannot be inspected statically
ok 42 - rejects transport options that cannot be inspected statically
  ---
  duration_ms: 12.2935
  type: 'test'
  ...
# Subtest: resolves transport options in their lexical scope
ok 43 - resolves transport options in their lexical scope
  ---
  duration_ms: 10.087458
  type: 'test'
  ...
# Subtest: resolves function-scoped var transport options
ok 44 - resolves function-scoped var transport options
  ---
  duration_ms: 10.937375
  type: 'test'
  ...
# Subtest: keeps TSX rendering functional and logic classes in plain TS
ok 45 - keeps TSX rendering functional and logic classes in plain TS
  ---
  duration_ms: 9.160125
  type: 'test'
  ...
# Subtest: requires orgId first only for clearly tenant-scoped service-role methods
ok 46 - requires orgId first only for clearly tenant-scoped service-role methods
  ---
  duration_ms: 8.949125
  type: 'test'
  ...
# Subtest: does not guess tenant scope for global or private service-role methods
ok 47 - does not guess tenant scope for global or private service-role methods
  ---
  duration_ms: 8.950333
  type: 'test'
  ...
# Subtest: rejects controller routes without public or authorization metadata
ok 48 - rejects controller routes without public or authorization metadata
  ---
  duration_ms: 7.250416
  type: 'test'
  ...
# Subtest: accepts controller-level authorization metadata
ok 49 - accepts controller-level authorization metadata
  ---
  duration_ms: 8.218625
  type: 'test'
  ...
# Subtest: rejects refresh cookie path drift
ok 50 - rejects refresh cookie path drift
  ---
  duration_ms: 8.178834
  type: 'test'
  ...
# Subtest: rejects loss of each token algorithm route
    # Subtest: HS256
    ok 1 - HS256
      ---
      duration_ms: 8.323
      type: 'test'
      ...
    # Subtest: ES256
    ok 2 - ES256
      ---
      duration_ms: 9.115417
      type: 'test'
      ...
    # Subtest: RS256
    ok 3 - RS256
      ---
      duration_ms: 7.521416
      type: 'test'
      ...
    1..3
ok 51 - rejects loss of each token algorithm route
  ---
  duration_ms: 25.18375
  type: 'test'
  ...
# Subtest: rejects asymmetric verification that no longer uses a JWKS key source
ok 52 - rejects asymmetric verification that no longer uses a JWKS key source
  ---
  duration_ms: 8.340458
  type: 'test'
  ...
# Subtest: rejects loss of JWKS routing in web middleware
ok 53 - rejects loss of JWKS routing in web middleware
  ---
  duration_ms: 8.444583
  type: 'test'
  ...
# Subtest: rejects nonzero session epoch skew
ok 54 - rejects nonzero session epoch skew
  ---
  duration_ms: 8.509875
  type: 'test'
  ...
# Subtest: rejects a zero default that can still accept positive skew
ok 55 - rejects a zero default that can still accept positive skew
  ---
  duration_ms: 10.152708
  type: 'test'
  ...
# Subtest: rejects an MSW API passthrough that is not first
ok 56 - rejects an MSW API passthrough that is not first
  ---
  duration_ms: 8.334625
  type: 'test'
  ...
# Subtest: rejects nav and menu key drift
ok 57 - rejects nav and menu key drift
  ---
  duration_ms: 8.021791
  type: 'test'
  ...
# Subtest: rejects duplicate nav keys and missing permission mappings
ok 58 - rejects duplicate nav keys and missing permission mappings
  ---
  duration_ms: 8.536542
  type: 'test'
  ...
# Subtest: rejects duplicate or missing GoF catalogue decisions
ok 59 - rejects duplicate or missing GoF catalogue decisions
  ---
  duration_ms: 9.522334
  type: 'test'
  ...
# Subtest: requires rationale, trigger, and counterexample for every pattern
ok 60 - requires rationale, trigger, and counterexample for every pattern
  ---
  duration_ms: 10.27425
  type: 'test'
  ...
# Subtest: accepts the repository invariants
ok 61 - accepts the repository invariants
  ---
  duration_ms: 1384.930584
  type: 'test'
  ...
# Subtest: CLI exits nonzero and identifies invariant failures
ok 62 - CLI exits nonzero and identifies invariant failures
  ---
  duration_ms: 219.701333
  type: 'test'
  ...
1..62
# tests 70
# suites 0
# pass 70
# fail 0
# cancelled 0
# skipped 0
# todo 0
# duration_ms 2402.867042

✔ no dependency violations found (1979 modules, 5799 dependencies cruised)


> CRA@ test /Users/abjmac003/Documents/GitHub/CRA
> turbo run test

• turbo 2.10.8

   • Packages in scope: @repo/contracts, @repo/design-system, @repo/eslint-config, @repo/typescript-config, @repo/ui, agent, api, docs, infrastructure, web
   • Running test in 10 packages
   • Remote caching disabled

infrastructure:test: cache miss, executing e68b7c8fc4981268
@repo/ui:test: cache hit, replaying logs 80e67d626e8a0484
@repo/contracts:test: cache hit, replaying logs 6be6daf9c2c59889
@repo/contracts:test: 
@repo/contracts:test: > @repo/contracts@0.0.0 test /Users/abjmac003/Documents/GitHub/CRA/packages/contracts
@repo/contracts:test: > vitest run
@repo/contracts:test: 
@repo/contracts:test: 
@repo/contracts:test:  RUN  v3.2.7 /Users/abjmac003/Documents/GitHub/CRA/packages/contracts
@repo/contracts:test: 
@repo/contracts:test:  ✓ src/permissions.spec.ts (49 tests) 25ms
@repo/contracts:test:  ✓ src/connectors/schemas/webhook.schema.spec.ts (12 tests) 56ms
@repo/contracts:test:  ✓ src/pagination.spec.ts (18 tests) 15ms
@repo/contracts:test:  ✓ src/users.spec.ts (9 tests) 9ms
@repo/contracts:test:  ✓ src/connectors/schemas/sync-operations.spec.ts (6 tests) 69ms
@repo/contracts:test:  ✓ src/notifications/schemas/notification.schema.spec.ts (9 tests) 39ms
@repo/contracts:test:  ✓ src/evidence/schemas/evidence-watermark-export.schema.spec.ts (2 tests) 23ms
docs:test: cache hit, replaying logs 90006845555f6766
@repo/contracts:test:  ✓ src/vulnerabilities/schemas/vulnerability-triage.schema.spec.ts (10 tests) 69ms
@repo/contracts:test:  ✓ src/products.spec.ts (27 tests) 55ms
@repo/contracts:test:  ✓ src/evidence/schemas/evidence.schema.spec.ts (14 tests) 26ms
@repo/contracts:test:  ✓ src/products/schemas/m2-v2-substantial-modification-and-artifact.spec.ts (13 tests) 34ms
@repo/design-system:test: cache hit, replaying logs 6cbf3bb213a305df
@repo/contracts:test:  ✓ src/sboms/schemas/sbom-quality.schema.spec.ts (8 tests) 19ms
@repo/contracts:test:  ✓ src/audit/schemas/audit-event.schema.spec.ts (4 tests) 4ms
docs:test: 
docs:test: > docs@0.0.0 test /Users/abjmac003/Documents/GitHub/CRA/apps/docs
docs:test: > vitest run
docs:test: 
docs:test: 
docs:test:  RUN  v3.2.7 /Users/abjmac003/Documents/GitHub/CRA/apps/docs
docs:test: 
docs:test:  ✓ src/test/config.spec.ts (4 tests) 6ms
docs:test:  ✓ src/test/homepage.spec.tsx (1 test) 733ms
docs:test:    ✓ documentation homepage > renders site identity, navigation, and each product benefit  732ms
docs:test: 
docs:test:  Test Files  2 passed (2)
docs:test:       Tests  5 passed (5)
docs:test:    Start at  19:13:18
docs:test:    Duration  4.55s (transform 146ms, setup 518ms, collect 1.82s, tests 738ms, environment 2.76s, prepare 459ms)
docs:test: 
@repo/ui:test: 
@repo/ui:test: > @repo/ui@0.0.0 test /Users/abjmac003/Documents/GitHub/CRA/packages/ui
@repo/ui:test: > vitest run
@repo/ui:test: 
@repo/ui:test: 
@repo/ui:test:  RUN  v3.2.7 /Users/abjmac003/Documents/GitHub/CRA/packages/ui
@repo/ui:test: 
@repo/ui:test:  ✓ src/components/pagination/pagination.spec.tsx (4 tests) 757ms
@repo/ui:test:  ✓ src/components/checkbox/checkbox.spec.tsx (4 tests) 570ms
@repo/ui:test:    ✓ Checkbox > toggles from its associated label and returns the checked payload  456ms
@repo/ui:test:  ✓ src/components/input/search-input.spec.tsx (3 tests) 656ms
@repo/design-system:test: 
@repo/design-system:test: > @repo/design-system@0.0.0 test /Users/abjmac003/Documents/GitHub/CRA/packages/design-system
@repo/design-system:test: > vitest run
@repo/design-system:test: 
@repo/design-system:test: 
@repo/design-system:test:  RUN  v3.2.7 /Users/abjmac003/Documents/GitHub/CRA/packages/design-system
@repo/design-system:test: 
@repo/design-system:test:  ✓ src/theme.spec.ts (9 tests) 166ms
@repo/design-system:test: 
@repo/design-system:test:  Test Files  1 passed (1)
@repo/design-system:test:       Tests  9 passed (9)
@repo/design-system:test:    Start at  19:13:19
@repo/contracts:test:  ✓ src/findings.spec.ts (6 tests) 16ms
@repo/design-system:test:    Duration  2.18s (transform 50ms, setup 0ms, collect 56ms, tests 166ms, environment 1.36s, prepare 195ms)
@repo/design-system:test: 
@repo/contracts:test:  ✓ src/connectors/schemas/agent.schema.spec.ts (4 tests) 25ms
@repo/contracts:test:  ✓ src/vulnerabilities/schemas/vulnerability-assessment-bulk.schema.spec.ts (7 tests) 12ms
@repo/contracts:test:  ✓ src/organizations.spec.ts (64 tests) 24ms
@repo/contracts:test:  ✓ src/vulnerabilities/schemas/vulnerability-feed.schema.spec.ts (11 tests) 22ms
@repo/contracts:test:  ✓ src/reporting/schemas/reporting-stage-drafts.schema.spec.ts (6 tests) 12ms
@repo/contracts:test:  ✓ src/connectors/schemas/connectors.spec.ts (13 tests) 46ms
@repo/contracts:test:  ✓ src/vulnerabilities/schemas/vulnerability-remediation.schema.spec.ts (4 tests) 8ms
@repo/contracts:test:  ✓ src/api-boundaries.spec.ts (18 tests) 12ms
@repo/contracts:test:  ✓ src/connectors/schemas/connector-hub.spec.ts (7 tests) 24ms
@repo/contracts:test:  ✓ src/vulnerabilities/schemas/vulnerability-reachability.schema.spec.ts (6 tests) 9ms
@repo/contracts:test:  ✓ src/frameworks/schemas/framework.schema.spec.ts (8 tests) 9ms
@repo/contracts:test:  ✓ src/technical-files/schemas/technical-file-snapshot.schema.spec.ts (5 tests) 6ms
@repo/ui:test:    ✓ SearchInput > updates, clears, and restores focus when uncontrolled  550ms
@repo/ui:test:  ✓ src/components/editor/editor.spec.tsx (3 tests) 800ms
@repo/ui:test:    ✓ Editor > runs formatting commands and submits current HTML  542ms
@repo/ui:test:  ✓ src/components/form/form.spec.tsx (2 tests) 756ms
@repo/ui:test:    ✓ form helpers > blocks invalid data, summarizes errors, and submits parsed values  751ms
@repo/ui:test:  ✓ src/components/data-table/data-table.spec.tsx (3 tests) 1014ms
@repo/ui:test:    ✓ DataTable > renders semantic rows, controlled selection, sorting, and pagination  861ms
@repo/contracts:test:  ✓ src/risk-registers/schemas/risk-register.schema.spec.ts (6 tests) 6ms
@repo/contracts:test:  ✓ src/frameworks/schemas/control.schema.spec.ts (5 tests) 28ms
@repo/contracts:test:  ✓ src/vulnerabilities/schemas/vulnerability-matching.schema.spec.ts (7 tests) 27ms
@repo/contracts:test:  ✓ src/reporting/schemas/reporting-obligations.schema.spec.ts (11 tests) 53ms
@repo/contracts:test:  ✓ src/vulnerabilities/schemas/vulnerability-enrichment.schema.spec.ts (2 tests) 63ms
@repo/contracts:test:  ✓ src/frameworks/schemas/upgrade.schema.spec.ts (3 tests) 8ms
@repo/contracts:test:  ✓ src/supplier-evidence/schemas/supplier-document-extraction.spec.ts (6 tests) 56ms
@repo/contracts:test:  ✓ src/roles.spec.ts (10 tests) 4ms
@repo/contracts:test:  ✓ src/organization-branding.spec.ts (9 tests) 19ms
@repo/contracts:test:  ✓ src/sboms/schemas/sbom-normalization.schema.spec.ts (2 tests) 4ms
@repo/contracts:test:  ✓ src/sboms/schemas/sbom-ci-integration.schema.spec.ts (5 tests) 10ms
@repo/contracts:test:  ✓ src/vulnerabilities/schemas/vulnerability-vex-export.schema.spec.ts (6 tests) 26ms
@repo/contracts:test:  ✓ src/sboms/schemas/sbom-diff.schema.spec.ts (3 tests) 6ms
@repo/contracts:test:  ✓ src/reporting/schemas/reporting-stage-evidence.schema.spec.ts (4 tests) 7ms
@repo/contracts:test:  ✓ src/vulnerabilities/schemas/vulnerability-triage-note.schema.spec.ts (5 tests) 8ms
@repo/contracts:test:  ✓ src/supplier-evidence/schemas/supplier-evidence.spec.ts (11 tests) 31ms
@repo/contracts:test:  ✓ src/sboms/schemas/sbom-validation.schema.spec.ts (8 tests) 13ms
@repo/contracts:test:  ✓ src/notifications/schemas/chat.schema.spec.ts (4 tests) 24ms
@repo/contracts:test:  ✓ src/technical-files/schemas/technical-file-declaration.schema.spec.ts (5 tests) 9ms
@repo/ui:test:  ✓ src/components/select/select.spec.tsx (3 tests) 1351ms
@repo/ui:test:    ✓ Select > opens from its label and emits the chosen value  1116ms
@repo/ui:test:  ✓ src/components/time-picker/time-picker.spec.tsx (2 tests) 1381ms
@repo/ui:test:    ✓ TimePicker > formats valid 12-hour and 24-hour values  399ms
@repo/ui:test:    ✓ TimePicker > opens selectors and wires helper/error/disabled semantics  981ms
@repo/contracts:test:  ✓ src/legal-entity.spec.ts (12 tests) 16ms
@repo/contracts:test:  ✓ src/vulnerabilities/schemas/vulnerability-remediation-ticket.schema.spec.ts (5 tests) 5ms
@repo/contracts:test:  ✓ src/tasks/schemas/task.schema.spec.ts (9 tests) 12ms
@repo/contracts:test:  ✓ src/technical-files/schemas/technical-file-readiness.schema.spec.ts (7 tests) 14ms
@repo/contracts:test:  ✓ src/evidence/schemas/evidence-retention-deletion.schema.spec.ts (5 tests) 20ms
@repo/contracts:test:  ✓ src/suppliers/schemas/supplier-registry.spec.ts (6 tests) 6ms
@repo/contracts:test:  ✓ src/products/schemas/product-classification.spec.ts (5 tests) 5ms
@repo/contracts:test:  ✓ src/technical-files/schemas/technical-file-auditor-access.schema.spec.ts (4 tests) 4ms
@repo/contracts:test:  ✓ src/sboms/schemas/sbom.schema.spec.ts (10 tests) 37ms
@repo/contracts:test:  ✓ src/menu.spec.ts (15 tests) 3ms
@repo/contracts:test:  ✓ src/sboms/schemas/sbom-composite.schema.spec.ts (4 tests) 12ms
@repo/contracts:test:  ✓ src/frameworks/schemas/custom-framework.schema.spec.ts (4 tests) 7ms
@repo/contracts:test:  ✓ src/products/schemas/product-owner-options.spec.ts (9 tests) 4ms
@repo/contracts:test:  ✓ src/http.spec.ts (7 tests) 3ms
@repo/contracts:test:  ✓ src/sboms/schemas/sbom-supplier.schema.spec.ts (4 tests) 4ms
@repo/contracts:test:  ✓ src/invitations.spec.ts (16 tests) 11ms
@repo/contracts:test:  ✓ src/technical-files/schemas/technical-file.schema.spec.ts (5 tests) 21ms
@repo/contracts:test:  ✓ src/vulnerabilities/schemas/vulnerability-manual-finding.schema.spec.ts (3 tests) 3ms
@repo/contracts:test:  ✓ src/evidence/schemas/evidence-bulk-intake.schema.spec.ts (3 tests) 11ms
@repo/contracts:test:  ✓ src/audit/schemas/audit-chain.schema.spec.ts (7 tests) 22ms
@repo/contracts:test:  ✓ src/products/schemas/support-period-history-query.spec.ts (6 tests) 4ms
@repo/contracts:test:  ✓ src/vulnerabilities/schemas/vulnerability-assessment.schema.spec.ts (5 tests) 9ms
@repo/contracts:test:  ✓ src/organizations/schemas/organization-audit-archival-blocker.spec.ts (2 tests) 3ms
@repo/contracts:test:  ✓ src/sboms/schemas/sbom-export.schema.spec.ts (3 tests) 12ms
@repo/contracts:test:  ✓ src/products/policies/product-classification-policy.spec.ts (11 tests) 6ms
@repo/contracts:test: 
@repo/contracts:test:  Test Files  70 passed (70)
@repo/contracts:test:       Tests  619 passed (619)
@repo/contracts:test:    Start at  14:01:15
@repo/contracts:test:    Duration  4.77s (transform 2.76s, setup 0ms, collect 17.13s, tests 1.33s, environment 20ms, prepare 7.68s)
@repo/contracts:test: 
@repo/ui:test:  ✓ src/components/breadcrumbs/breadcrumbs.spec.tsx (3 tests) 599ms
@repo/ui:test:    ✓ Breadcrumbs > marks the current item and keeps navigable ancestors  389ms
@repo/ui:test:  ✓ src/components/data-table/selection-column.spec.tsx (2 tests) 462ms
@repo/ui:test:    ✓ selectionColumn > maps partial page selection to an indeterminate header  453ms
@repo/ui:test:  ✓ src/components/app-shell/top-nav.spec.tsx (2 tests) 506ms
@repo/ui:test:    ✓ TopNav > renders default actions with exact callbacks and unread name  371ms
@repo/ui:test:  ✓ src/components/switch/switch.spec.tsx (2 tests) 309ms
@repo/ui:test:  ✓ src/components/tabs/tabs.spec.tsx (4 tests) 296ms
@repo/ui:test:  ✓ src/components/alert/alert.spec.tsx (3 tests) 435ms
@repo/ui:test:    ✓ Alert > announces content and invokes confirmation  363ms
@repo/ui:test:  ✓ src/components/modal/modal.spec.tsx (2 tests) 403ms
@repo/ui:test:    ✓ Modal > opens with focusable content and closes from its named control  318ms
@repo/ui:test:  ✓ src/components/combobox/combobox.spec.tsx (2 tests) 665ms
@repo/ui:test:    ✓ Combobox > searches keywords, selects, clears, and returns focus  590ms
@repo/ui:test:  ✓ src/components/stat-card/stat-card.spec.tsx (2 tests) 96ms
@repo/ui:test:  ✓ src/components/avatar/avatar.spec.tsx (8 tests) 222ms
@repo/ui:test:  ✓ src/components/chart/chart.spec.tsx (2 tests) 142ms
@repo/ui:test:  ✓ src/components/otp-input/otp-input.spec.tsx (3 tests) 363ms
@repo/ui:test:  ✓ src/components/radio/radio.spec.tsx (2 tests) 346ms
@repo/ui:test:  ✓ src/components/chip/chip.spec.tsx (2 tests) 217ms
@repo/ui:test:  ✓ src/components/card/card.spec.tsx (5 tests) 217ms
@repo/ui:test:  ✓ src/components/input/password-input.spec.tsx (3 tests) 380ms
@repo/ui:test:    ✓ PasswordInput > reveals and hides an uncontrolled password accessibly  324ms
@repo/ui:test:  ✓ src/components/date-picker/date-picker.spec.tsx (4 tests) 899ms
@repo/ui:test:    ✓ DatePicker > commits typed valid dates and preserves invalid drafts  392ms
@repo/ui:test:  ✓ src/components/chart/charts.spec.tsx (2 tests) 123ms
@repo/ui:test:  ✓ src/components/chart/chart-palette.spec.ts (5 tests) 12ms
@repo/ui:test:  ✓ src/lib/cn.spec.ts (3 tests) 9ms
@repo/ui:test:  ✓ src/components/input/input.spec.tsx (3 tests) 239ms
@repo/ui:test:  ✓ src/components/tag/tag.spec.tsx (4 tests) 76ms
@repo/ui:test:  ✓ src/components/button/button.spec.tsx (6 tests) 372ms
@repo/ui:test: 
@repo/ui:test:  Test Files  31 passed (31)
@repo/ui:test:       Tests  98 passed (98)
@repo/ui:test:    Start at  19:13:18
@repo/ui:test:    Duration  15.11s (transform 1.26s, setup 12.28s, collect 20.73s, tests 14.67s, environment 32.09s, prepare 3.84s)
@repo/ui:test: 
@repo/contracts:build: cache hit, replaying logs eb323892046861f8
@repo/contracts:build: 
@repo/contracts:build: > @repo/contracts@0.0.0 build /Users/abjmac003/Documents/GitHub/CRA/packages/contracts
@repo/contracts:build: > tsc
@repo/contracts:build: 
web:test: cache miss, executing b77088435bbadf9b
api:test: cache miss, executing 3755f078ce1a36a8
agent:test: cache hit, replaying logs 6404e8f904c24702
agent:test: 
agent:test: > agent@0.1.0 test /Users/abjmac003/Documents/GitHub/CRA/apps/agent
agent:test: > vitest run
agent:test: 
agent:test: 
agent:test:  RUN  v3.2.7 /Users/abjmac003/Documents/GitHub/CRA/apps/agent
agent:test: 
agent:test:  ✓ src/queue.spec.ts (3 tests) 48ms
agent:test:  ✓ src/config.spec.ts (1 test) 37ms
agent:test:  ✓ src/transport.spec.ts (2 tests) 8ms
agent:test:  ✓ src/runtime.spec.ts (4 tests) 31ms
agent:test:  ✓ src/identity.spec.ts (1 test) 82ms
agent:test:  ✓ src/transport.integration.spec.ts (2 tests) 188ms
agent:test:  ✓ src/sources.https.spec.ts (1 test) 141ms
agent:test:  ✓ src/main.spec.ts (5 tests) 175ms
agent:test:  ✓ src/sources.spec.ts (2 tests) 14ms
agent:test:  ✓ src/identity.flow.spec.ts (3 tests) 260ms
agent:test: 
agent:test:  Test Files  10 passed (10)
agent:test:       Tests  24 passed (24)
agent:test:    Start at  14:08:52
agent:test:    Duration  1.22s (transform 296ms, setup 0ms, collect 3.56s, tests 984ms, environment 1ms, prepare 1.08s)
agent:test: 
infrastructure:test: 
infrastructure:test: > infrastructure@0.0.0 test /Users/abjmac003/Documents/GitHub/CRA/apps/infrastructure
infrastructure:test: > pnpm run preflight && bash tests/run-sql-tests.sh
infrastructure:test: 
api:test: 
api:test: > api@0.0.1 test /Users/abjmac003/Documents/GitHub/CRA/apps/api
api:test: > jest
api:test: 
web:test: 
web:test: > web@0.1.0 test /Users/abjmac003/Documents/GitHub/CRA/apps/web
web:test: > vitest run
web:test: 
infrastructure:test: 
infrastructure:test: > infrastructure@0.0.0 preflight /Users/abjmac003/Documents/GitHub/CRA/apps/infrastructure
infrastructure:test: > docker info >/dev/null 2>&1 || (echo 'Docker daemon is not running — start Docker Desktop first.' && exit 1)
infrastructure:test: 
web:test: 
web:test:  RUN  v3.2.7 /Users/abjmac003/Documents/GitHub/CRA/apps/web
web:test: 
infrastructure:test: Running tests/auth-profile-triggers.test.sql
api:test: PASS src/audit/supabase-audit-chain.adapter.spec.ts
api:test: PASS src/audit/audit-chain-verifier.spec.ts
infrastructure:test: BEGIN
api:test: PASS src/audit/audit-chain-cli.spec.ts
infrastructure:test: psql:<stdin>:56: NOTICE:  ok   signup creates a profile with OIDC names
infrastructure:test: psql:<stdin>:56: NOTICE:  ok   auth email changes synchronize the profile
infrastructure:test: psql:<stdin>:56: NOTICE:  ok   signup links invited profiles without overwriting names
infrastructure:test: DO
infrastructure:test: ROLLBACK
infrastructure:test: Running tests/m1-organization-onboarding.test.sql
infrastructure:test: Timing is off.
infrastructure:test: CREATE FUNCTION
infrastructure:test: psql:<stdin>:38: NOTICE:  ok   M1 mutation RPCs are service-role-only and pin search_path
infrastructure:test:  check 
infrastructure:test: -------
infrastructure:test:  
infrastructure:test: (1 row)
infrastructure:test: 
infrastructure:test: psql:<stdin>:51: NOTICE:  ok   M1 actor foreign keys have covering indexes
infrastructure:test:  check 
infrastructure:test: -------
infrastructure:test:  
infrastructure:test: (1 row)
infrastructure:test: 
infrastructure:test: BEGIN
infrastructure:test: psql:<stdin>:216: NOTICE:  ok   atomic create returns one organization identifier
infrastructure:test: psql:<stdin>:216: NOTICE:  ok   atomic create persists owner profile onboarding and audit together
infrastructure:test: psql:<stdin>:216: NOTICE:  ok   same idempotency key and canonical payload replay without a duplicate
infrastructure:test: psql:<stdin>:216: NOTICE:  ok   idempotency key reuse with different data has no identifier oracle
infrastructure:test: psql:<stdin>:216: NOTICE:  ok   global legal identity conflict exposes no organization identifier
infrastructure:test: psql:<stdin>:216: NOTICE:  ok   versioned profile update audits redacted contact metadata
infrastructure:test: psql:<stdin>:216: NOTICE:  ok   cross-tenant switch is a generic not-found result
infrastructure:test: psql:<stdin>:216: NOTICE:  ok   out-of-order SBOM evidence is recorded without impossible stage advancement
infrastructure:test: psql:<stdin>:216: NOTICE:  ok   product evidence reconciles contiguous product and prior SBOM stages
infrastructure:test: psql:<stdin>:216: NOTICE:  ok   unavailable evidence never regresses completed historical onboarding
infrastructure:test: psql:<stdin>:216: NOTICE:  ok   confirmed invitation delivery completes the final durable onboarding stages once
infrastructure:test: DO
infrastructure:test: ROLLBACK
infrastructure:test:                           result                           
infrastructure:test: -----------------------------------------------------------
infrastructure:test:  M1 organization/onboarding integration: ALL CHECKS PASSED
infrastructure:test: (1 row)
infrastructure:test: 
infrastructure:test: Running tests/m1-tenant-administration.test.sql
infrastructure:test: Timing is off.
infrastructure:test: CREATE FUNCTION
infrastructure:test:  check 
infrastructure:test: -------
infrastructure:test:  
infrastructure:test: (1 row)
infrastructure:test: 
infrastructure:test: psql:<stdin>:41: NOTICE:  ok   tenant-administration tables exist and use RLS without force
infrastructure:test:  check 
infrastructure:test: -------
infrastructure:test:  
infrastructure:test: (1 row)
infrastructure:test: 
infrastructure:test: psql:<stdin>:103: NOTICE:  ok   mutation RPCs are service-role-only security definers with pinned search paths
infrastructure:test: psql:<stdin>:115: NOTICE:  ok   tenant export storage is private and browser roles cannot mutate objects
infrastructure:test:  check 
infrastructure:test: -------
infrastructure:test:  
infrastructure:test: (1 row)
infrastructure:test: 
infrastructure:test:  check 
infrastructure:test: -------
infrastructure:test:  
infrastructure:test: (1 row)
infrastructure:test: 
infrastructure:test: psql:<stdin>:125: NOTICE:  ok   export redaction is stable rather than incorrectly immutable
infrastructure:test: psql:<stdin>:139: NOTICE:  ok   final materializer uses the business projection and removes replayable fields
infrastructure:test:  check 
infrastructure:test: -------
infrastructure:test:  
infrastructure:test: (1 row)
infrastructure:test: 
infrastructure:test: psql:<stdin>:161: NOTICE:  ok   artifact inventory freezes storage object identity before byte copying
infrastructure:test:  check 
infrastructure:test: -------
infrastructure:test:  
infrastructure:test: (1 row)
infrastructure:test: 
infrastructure:test: psql:<stdin>:171: NOTICE:  ok   export completion compares frozen storage identity with copied artifact ledger
infrastructure:test:  check 
infrastructure:test: -------
infrastructure:test:  
infrastructure:test: (1 row)
infrastructure:test: 
infrastructure:test: BEGIN
infrastructure:test: psql:<stdin>:870: NOTICE:  ok   new organizations start explicitly unconfigured, active, and with a non-empty unique policy set
infrastructure:test: psql:<stdin>:870: NOTICE:  ok   lifecycle read returns not_found for an unknown tenant
infrastructure:test: psql:<stdin>:870: NOTICE:  ok   lifecycle read returns the strict active lifecycle shape
infrastructure:test: psql:<stdin>:870: NOTICE:  ok   settings update validates the server catalog, versions, audits, and maps safely to the contract
infrastructure:test: psql:<stdin>:870: NOTICE:  ok   stale or non-catalog settings reject without partial rows or audits
infrastructure:test: psql:<stdin>:870: NOTICE:  ok   session-policy tightening creates tenant-local revocations
infrastructure:test: psql:<stdin>:870: NOTICE:  ok   retention updates are evidence-class scoped, versioned, and audited
infrastructure:test: psql:<stdin>:870: NOTICE:  ok   rejected retention reconcile leaves no partial authoritative facts
infrastructure:test: psql:<stdin>:870: NOTICE:  ok   retention reconciliation stores deterministic reasons and only raises protection
infrastructure:test: psql:<stdin>:870: NOTICE:  ok   active legal holds block cleanup at final claim recheck
infrastructure:test: psql:<stdin>:870: NOTICE:  ok   expired cleanup leases are reclaimable after worker restart
infrastructure:test: psql:<stdin>:870: NOTICE:  ok   cleanup completion validates and persists each authoritative item result
infrastructure:test: psql:<stdin>:870: NOTICE:  ok   cleanup completion rejects NULL item results without changing pending items
infrastructure:test: psql:<stdin>:870: NOTICE:  ok   cleanup completion rejects duplicate item identifiers and requires the exact pending set
infrastructure:test: psql:<stdin>:870: NOTICE:  ok   cleanup completion persists the exact pending set and leaves no pending item
infrastructure:test: psql:<stdin>:870: NOTICE:  ok   cleanup final recheck persists all block reasons, audit, and the protected item
infrastructure:test: psql:<stdin>:870: NOTICE:  ok   expired cleanup lease holders cannot fail current work
infrastructure:test: psql:<stdin>:870: NOTICE:  ok   export idempotency replays same actor/org/payload and mismatches expose no job id
infrastructure:test: psql:<stdin>:870: NOTICE:  ok   export jobs claim under a durable lease
infrastructure:test: psql:<stdin>:870: NOTICE:  ok   export checkpoint rejects progress without a persisted part ledger
infrastructure:test: psql:<stdin>:870: NOTICE:  ok   export checkpoint rejects duplicate part identities without partial ledger rows
infrastructure:test: psql:<stdin>:870: NOTICE:  ok   export checkpoint persists resumable parts and increments checkpoint version
infrastructure:test: psql:<stdin>:870: NOTICE:  ok   invalid artifact hash fails closed without a downloadable completed export
infrastructure:test: psql:<stdin>:870: NOTICE:  ok   null artifact paths fail closed and cannot create verified exports
infrastructure:test: psql:<stdin>:870: NOTICE:  ok   same-tenant export-like artifact paths fail closed and cannot download
infrastructure:test: psql:<stdin>:870: NOTICE:  ok   only the canonical export archive path completes and authorizes download
infrastructure:test: psql:<stdin>:870: NOTICE:  ok   export manifest file count includes immutable artifact snapshots
infrastructure:test: psql:<stdin>:870: NOTICE:  ok   expired export lease holders cannot fail current work
infrastructure:test: psql:<stdin>:870: NOTICE:  ok   export checkpoint rejects an empty zero-progress ledger
infrastructure:test: psql:<stdin>:870: NOTICE:  ok   export completion can never complete with zero persisted parts
infrastructure:test: psql:<stdin>:870: NOTICE:  ok   export completion without a materialized snapshot fails durably and audits
infrastructure:test: psql:<stdin>:870: NOTICE:  ok   export worker operations are tenant isolated
infrastructure:test: psql:<stdin>:870: NOTICE:  ok   deactivation synchronizes compatibility state, pauses exports, revokes tenant sessions, and audits
infrastructure:test: psql:<stdin>:870: NOTICE:  ok   destructive grants are one-use and stale transitions reject
infrastructure:test: psql:<stdin>:870: NOTICE:  ok   recovery before purging returns the lifecycle to active
infrastructure:test: psql:<stdin>:870: NOTICE:  ok   purge scheduling compares the exact canonical slug and uses server grace
infrastructure:test: DO
infrastructure:test: ROLLBACK
infrastructure:test: BEGIN
infrastructure:test: psql:<stdin>:949: NOTICE:  ok   M13 archival protection blocks new purge claims
infrastructure:test: psql:<stdin>:949: NOTICE:  ok   final purge recheck persists purge_blocked with every controlling reason and audit
infrastructure:test: DO
infrastructure:test: ROLLBACK
infrastructure:test: BEGIN
infrastructure:test: psql:<stdin>:1074: NOTICE:  ok   purge claim requires archival even with complete retention authorities
infrastructure:test: psql:<stdin>:1074: NOTICE:  ok   expired purge lease holders cannot fail current work
infrastructure:test: psql:<stdin>:1074: NOTICE:  ok   M13 completion preserves tenant evidence and creates no deletion proof
infrastructure:test: psql:<stdin>:1074: NOTICE:  ok   deletion proof waits for every private artifact prefix before completing
infrastructure:test: psql:<stdin>:1074: NOTICE:  ok   post-database artifact work retries durably and completes every private prefix without restoring access
infrastructure:test: DO
infrastructure:test: ROLLBACK
infrastructure:test: BEGIN
infrastructure:test: psql:<stdin>:1223: NOTICE:  ok   export materialization freezes redacted records, is replay-safe, and binds immutable artifact metadata
infrastructure:test: psql:<stdin>:1223: NOTICE:  ok   export materialization rejects unsafe org-prefixed storage paths without partial records
infrastructure:test: psql:<stdin>:1223: NOTICE:  ok   export materialization rejects a snapshot source without a physical mapping
infrastructure:test: DO
infrastructure:test: ROLLBACK
infrastructure:test: psql:<stdin>:1258: NOTICE:  ok   the durable export catalogue includes every registered database source
infrastructure:test:  check 
infrastructure:test: -------
infrastructure:test:  
infrastructure:test: (1 row)
infrastructure:test: 
infrastructure:test: psql:<stdin>:1273: NOTICE:  ok   notification export excludes digest execution state
infrastructure:test:  check 
infrastructure:test: -------
infrastructure:test:  
infrastructure:test: (1 row)
infrastructure:test: 
infrastructure:test: psql:<stdin>:1285: NOTICE:  ok   every enabled export source has a physical source mapping
infrastructure:test:  check 
infrastructure:test: -------
infrastructure:test:  
infrastructure:test: (1 row)
infrastructure:test: 
infrastructure:test: BEGIN
infrastructure:test: psql:<stdin>:1362: NOTICE:  ok   inactive lifecycle deactivated rejects invitation and onboarding atomic paths generically
infrastructure:test: psql:<stdin>:1362: NOTICE:  ok   inactive lifecycle purge_scheduled rejects invitation and onboarding atomic paths generically
infrastructure:test: psql:<stdin>:1362: NOTICE:  ok   inactive lifecycle purge_blocked rejects invitation and onboarding atomic paths generically
infrastructure:test: DO
infrastructure:test: ROLLBACK
infrastructure:test:                          result                          
infrastructure:test: ---------------------------------------------------------
infrastructure:test:  M1 tenant-administration integration: ALL CHECKS PASSED
infrastructure:test: (1 row)
infrastructure:test: 
infrastructure:test: Running tests/m1-v2-multi-entity-branding.test.sql
infrastructure:test: Timing is off.
infrastructure:test: CREATE FUNCTION
infrastructure:test:  check 
infrastructure:test: -------
infrastructure:test:  
infrastructure:test: (1 row)
infrastructure:test: 
infrastructure:test: psql:<stdin>:39: NOTICE:  ok   V2 tables use RLS without force and browser roles retain no table grants
infrastructure:test: psql:<stdin>:57: NOTICE:  ok   V2 private branding bucket permits no browser storage policies
infrastructure:test:  check 
infrastructure:test: -------
infrastructure:test:  
infrastructure:test: (1 row)
infrastructure:test: 
infrastructure:test:  check 
infrastructure:test: -------
infrastructure:test:  
infrastructure:test: (1 row)
infrastructure:test: 
infrastructure:test: psql:<stdin>:62: NOTICE:  ok   legal registration/tax comparison values normalize Unicode whitespace and case
infrastructure:test:  check 
infrastructure:test: -------
infrastructure:test:  
infrastructure:test: (1 row)
infrastructure:test: 
infrastructure:test: psql:<stdin>:100: NOTICE:  ok   V2 mutation and resolver RPCs are service-role-only security definers with pinned search paths
infrastructure:test: BEGIN
infrastructure:test: psql:<stdin>:353: NOTICE:  ok   idempotent legacy backfill creates one inactive needs-completion default without invented profile fields
infrastructure:test: psql:<stdin>:353: NOTICE:  ok   backfill never skips an orphaned legacy organization and records a system migration actor
infrastructure:test: psql:<stdin>:353: NOTICE:  ok   create organization atomically includes one complete active default entity
infrastructure:test: psql:<stdin>:353: NOTICE:  ok   entity create normalizes organization-local identifiers and records an audit fact
infrastructure:test: psql:<stdin>:353: NOTICE:  ok   legal entity create idempotency replay has no duplicate
infrastructure:test: psql:<stdin>:353: NOTICE:  ok   cross-tenant legal entity identifiers return generic not-found
infrastructure:test: psql:<stdin>:353: NOTICE:  ok   unreconciled dependency authorities fail closed before entity deactivation
infrastructure:test: psql:<stdin>:353: NOTICE:  ok   active product dependency blocks lifecycle with a specific reason
infrastructure:test: psql:<stdin>:353: NOTICE:  ok   entity lifecycle transition is optimistic, authorized, and audited after dependencies clear
infrastructure:test: psql:<stdin>:353: NOTICE:  ok   inactive legal entity context is not usable by future product/report owners
infrastructure:test: psql:<stdin>:353: NOTICE:  ok   unpublished branding resolves to the immutable CRA Sentinel fallback
infrastructure:test: psql:<stdin>:353: NOTICE:  ok   approved private raster asset and accessible draft publish one immutable branding version
infrastructure:test: psql:<stdin>:353: NOTICE:  ok   authenticated raster rendering selects the approved draft logo before the immutable published logo
infrastructure:test: psql:<stdin>:353: NOTICE:  ok   published logo rendering ignores a newer approved draft logo and remains member-scoped
infrastructure:test: psql:<stdin>:353: NOTICE:  ok   logo removal publishes a new presentation-only version without mutating the old snapshot
infrastructure:test: DO
infrastructure:test: ROLLBACK
infrastructure:test:                            result                           
infrastructure:test: ------------------------------------------------------------
infrastructure:test:  M1 V2 multi-entity/branding integration: ALL CHECKS PASSED
infrastructure:test: (1 row)
infrastructure:test: 
infrastructure:test: Running tests/m10-01-framework-packs.test.sql
infrastructure:test: BEGIN
infrastructure:test: CREATE EXTENSION
infrastructure:test:  plan  
infrastructure:test: -------
infrastructure:test:  1..44
infrastructure:test: (1 row)
infrastructure:test: 
infrastructure:test:                  ok                 
infrastructure:test: ------------------------------------
infrastructure:test:  ok 1 - versioned pack table exists
infrastructure:test: (1 row)
infrastructure:test: 
infrastructure:test:                    ok                   
infrastructure:test: ----------------------------------------
infrastructure:test:  ok 2 - stable requirement table exists
infrastructure:test: (1 row)
infrastructure:test: 
infrastructure:test:                      ok                     
infrastructure:test: --------------------------------------------
infrastructure:test:  ok 3 - organization selection table exists
infrastructure:test: (1 row)
infrastructure:test: 
infrastructure:test:                   ok                   
infrastructure:test: ---------------------------------------
infrastructure:test:  ok 4 - pack RLS enabled without force
infrastructure:test: (1 row)
infrastructure:test: 
infrastructure:test:                       ok                      
infrastructure:test: ----------------------------------------------
infrastructure:test:  ok 5 - requirement RLS enabled without force
infrastructure:test: (1 row)
infrastructure:test: 
infrastructure:test:                      ok                     
infrastructure:test: --------------------------------------------
infrastructure:test:  ok 6 - selection RLS enabled without force
infrastructure:test: (1 row)
infrastructure:test: 
infrastructure:test:                            ok                            
infrastructure:test: ---------------------------------------------------------
infrastructure:test:  ok 7 - selection actor foreign key has a covering index
infrastructure:test: (1 row)
infrastructure:test: 
infrastructure:test:                             ok                             
infrastructure:test: -----------------------------------------------------------
infrastructure:test:  ok 8 - mutable selection uses standard updated_at trigger
infrastructure:test: (1 row)
infrastructure:test: 
infrastructure:test:                          ok                         
infrastructure:test: ----------------------------------------------------
infrastructure:test:  ok 9 - authenticated cannot read direct selections
infrastructure:test: (1 row)
infrastructure:test: 
infrastructure:test:                   ok                   
infrastructure:test: ---------------------------------------
infrastructure:test:  ok 10 - service can read requirements
infrastructure:test: (1 row)
infrastructure:test: 
infrastructure:test:                           ok                          
infrastructure:test: ------------------------------------------------------
infrastructure:test:  ok 11 - service cannot mutate immutable requirements
infrastructure:test: (1 row)
infrastructure:test: 
infrastructure:test:                      ok                      
infrastructure:test: ---------------------------------------------
infrastructure:test:  ok 12 - runtime service cannot import packs
infrastructure:test: (1 row)
infrastructure:test: 
infrastructure:test:                       ok                      
infrastructure:test: ----------------------------------------------
infrastructure:test:  ok 13 - service can execute scoped selection
infrastructure:test: (1 row)
infrastructure:test: 
infrastructure:test:                    is                    
infrastructure:test: -----------------------------------------
infrastructure:test:  ok 14 - unknown tenant and actor denied
infrastructure:test: (1 row)
infrastructure:test: 
infrastructure:test:                  ok                  
infrastructure:test: -------------------------------------
infrastructure:test:  ok 15 - complete Annex I node count
infrastructure:test: (1 row)
infrastructure:test: 
infrastructure:test:                   ok                  
infrastructure:test: --------------------------------------
infrastructure:test:  ok 16 - both Annex I parts are roots
infrastructure:test: (1 row)
infrastructure:test: 
infrastructure:test:                   ok                   
infrastructure:test: ---------------------------------------
infrastructure:test:  ok 17 - preorder numbers are complete
infrastructure:test: (1 row)
infrastructure:test: 
infrastructure:test: CREATE FUNCTION
infrastructure:test:              is             
infrastructure:test: ----------------------------
infrastructure:test:  ok 18 - valid pack imports
infrastructure:test: (1 row)
infrastructure:test: 
infrastructure:test:                     is                    
infrastructure:test: ------------------------------------------
infrastructure:test:  ok 19 - identical reimport is idempotent
infrastructure:test: (1 row)
infrastructure:test: 
infrastructure:test:                           lives_ok                          
infrastructure:test: ------------------------------------------------------------
infrastructure:test:  ok 20 - reordering the same requirement tree is idempotent
infrastructure:test: (1 row)
infrastructure:test: 
infrastructure:test:                         throws_ok                        
infrastructure:test: ---------------------------------------------------------
infrastructure:test:  ok 21 - same version with different content is rejected
infrastructure:test: (1 row)
infrastructure:test: 
infrastructure:test:                throws_ok                
infrastructure:test: ----------------------------------------
infrastructure:test:  ok 22 - unsupported schema is rejected
infrastructure:test: (1 row)
infrastructure:test: 
infrastructure:test:                        throws_ok                        
infrastructure:test: --------------------------------------------------------
infrastructure:test:  ok 23 - duplicate stable requirement keys are rejected
infrastructure:test: (1 row)
infrastructure:test: 
infrastructure:test:              throws_ok              
infrastructure:test: ------------------------------------
infrastructure:test:  ok 24 - missing parent is rejected
infrastructure:test: (1 row)
infrastructure:test: 
infrastructure:test:          throws_ok         
infrastructure:test: ---------------------------
infrastructure:test:  ok 25 - cycle is rejected
infrastructure:test: (1 row)
infrastructure:test: 
infrastructure:test:             throws_ok             
infrastructure:test: ----------------------------------
infrastructure:test:  ok 26 - HTML payload is rejected
infrastructure:test: (1 row)
infrastructure:test: 
infrastructure:test:                             ok                             
infrastructure:test: -----------------------------------------------------------
infrastructure:test:  ok 27 - failed imports do not append partial requirements
infrastructure:test: (1 row)
infrastructure:test: 
infrastructure:test:                 throws_ok                 
infrastructure:test: ------------------------------------------
infrastructure:test:  ok 28 - imported text cannot be modified
infrastructure:test: (1 row)
infrastructure:test: 
infrastructure:test:                        is                       
infrastructure:test: ------------------------------------------------
infrastructure:test:  ok 29 - a new edition may rename a requirement
infrastructure:test: (1 row)
infrastructure:test: 
infrastructure:test:                                     ok                                    
infrastructure:test: --------------------------------------------------------------------------
infrastructure:test:  ok 30 - stable requirement key survives a display rename across versions
infrastructure:test: (1 row)
infrastructure:test: 
infrastructure:test: CREATE FUNCTION
infrastructure:test: CREATE TRIGGER
infrastructure:test:                  throws_ok                  
infrastructure:test: --------------------------------------------
infrastructure:test:  ok 31 - interrupted import raises an error
infrastructure:test: (1 row)
infrastructure:test: 
infrastructure:test:                               ok                              
infrastructure:test: --------------------------------------------------------------
infrastructure:test:  ok 32 - interrupted import leaves no selectable pack version
infrastructure:test: (1 row)
infrastructure:test: 
infrastructure:test: DROP TRIGGER
infrastructure:test: SELECT 1
infrastructure:test:                  ok                  
infrastructure:test: -------------------------------------
infrastructure:test:  ok 33 - seeded owner context exists
infrastructure:test: (1 row)
infrastructure:test: 
infrastructure:test:                        is                       
infrastructure:test: ------------------------------------------------
infrastructure:test:  ok 34 - owner explicitly selects first version
infrastructure:test: (1 row)
infrastructure:test: 
infrastructure:test:                         is                         
infrastructure:test: ---------------------------------------------------
infrastructure:test:  ok 35 - same idempotency key replays first result
infrastructure:test: (1 row)
infrastructure:test: 
infrastructure:test:                           is                           
infrastructure:test: -------------------------------------------------------
infrastructure:test:  ok 36 - idempotency key cannot change command meaning
infrastructure:test: (1 row)
infrastructure:test: 
infrastructure:test:                  is                 
infrastructure:test: ------------------------------------
infrastructure:test:  ok 37 - stale revision is rejected
infrastructure:test: (1 row)
infrastructure:test: 
infrastructure:test:                              is                              
infrastructure:test: -------------------------------------------------------------
infrastructure:test:  ok 38 - owner can disable selected pack without deleting it
infrastructure:test: (1 row)
infrastructure:test: 
infrastructure:test:                              ok                             
infrastructure:test: ------------------------------------------------------------
infrastructure:test:  ok 39 - disabled selection remains explicit and revisioned
infrastructure:test: (1 row)
infrastructure:test: 
infrastructure:test:                        ok                       
infrastructure:test: ------------------------------------------------
infrastructure:test:  ok 40 - both state changes are durably audited
infrastructure:test: (1 row)
infrastructure:test: 
infrastructure:test:                       is                       
infrastructure:test: -----------------------------------------------
infrastructure:test:  ok 41 - actor cannot select in another tenant
infrastructure:test: (1 row)
infrastructure:test: 
infrastructure:test: INSERT 0 1
infrastructure:test:                                is                               
infrastructure:test: ----------------------------------------------------------------
infrastructure:test:  ok 42 - view denial overrides manage grant in scoped selection
infrastructure:test: (1 row)
infrastructure:test: 
infrastructure:test:                                ok                               
infrastructure:test: ----------------------------------------------------------------
infrastructure:test:  ok 43 - tenant export registers organization framework choices
infrastructure:test: (1 row)
infrastructure:test: 
infrastructure:test:                                   ok                                  
infrastructure:test: ----------------------------------------------------------------------
infrastructure:test:  ok 44 - tenant export materializer locks selections during snapshots
infrastructure:test: (1 row)
infrastructure:test: 
infrastructure:test:  finish 
infrastructure:test: --------
infrastructure:test: (0 rows)
infrastructure:test: 
infrastructure:test: ROLLBACK
infrastructure:test: Running tests/m10-02-control-library.test.sql
infrastructure:test: BEGIN
infrastructure:test: CREATE EXTENSION
infrastructure:test:  no_plan 
infrastructure:test: ---------
infrastructure:test: (0 rows)
infrastructure:test: 
infrastructure:test:              ok             
infrastructure:test: ----------------------------
infrastructure:test:  ok 1 - control heads exist
infrastructure:test: (1 row)
infrastructure:test: 
infrastructure:test:                     ok                    
infrastructure:test: ------------------------------------------
infrastructure:test:  ok 2 - immutable control revisions exist
infrastructure:test: (1 row)
infrastructure:test: 
infrastructure:test:                     ok                     
infrastructure:test: -------------------------------------------
infrastructure:test:  ok 3 - exact evidence-version links exist
infrastructure:test: (1 row)
infrastructure:test: 
infrastructure:test:                   ok                  
infrastructure:test: --------------------------------------
infrastructure:test:  ok 4 - version-pinned mappings exist
infrastructure:test: (1 row)
infrastructure:test: 
infrastructure:test:                 ok                 
infrastructure:test: -----------------------------------
infrastructure:test:  ok 5 - mapping product set exists
infrastructure:test: (1 row)
infrastructure:test: 
infrastructure:test:                  ok                  
infrastructure:test: -------------------------------------
infrastructure:test:  ok 6 - durable deduplication exists
infrastructure:test: (1 row)
infrastructure:test: 
infrastructure:test:                   ok                  
infrastructure:test: --------------------------------------
infrastructure:test:  ok 7 - atomic control command exists
infrastructure:test: (1 row)
infrastructure:test: 
infrastructure:test:                         ok                         
infrastructure:test: ---------------------------------------------------
infrastructure:test:  ok 8 - browser roles cannot create schema objects
infrastructure:test: (1 row)
infrastructure:test: 
infrastructure:test:                            ok                            
infrastructure:test: ---------------------------------------------------------
infrastructure:test:  ok 9 - existing immutable framework text remains intact
infrastructure:test: (1 row)
infrastructure:test: 
infrastructure:test:                          ok                          
infrastructure:test: -----------------------------------------------------
infrastructure:test:  ok 10 - existing evidence versions remain available
infrastructure:test: (1 row)
infrastructure:test: 
infrastructure:test:                        ok                       
infrastructure:test: ------------------------------------------------
infrastructure:test:  ok 11 - existing M7 snapshots remain available
infrastructure:test: (1 row)
infrastructure:test: 
infrastructure:test:                        ok                       
infrastructure:test: ------------------------------------------------
infrastructure:test:  ok 12 - existing audit store remains available
infrastructure:test: (1 row)
infrastructure:test: 
infrastructure:test:                          ok                         
infrastructure:test: ----------------------------------------------------
infrastructure:test:  ok 13 - existing selection store remains available
infrastructure:test: (1 row)
infrastructure:test: 
infrastructure:test:                         ok                        
infrastructure:test: --------------------------------------------------
infrastructure:test:  ok 14 - existing product store remains available
infrastructure:test: (1 row)
infrastructure:test: 
infrastructure:test:                        ok                        
infrastructure:test: -------------------------------------------------
infrastructure:test:  ok 15 - existing member store remains available
infrastructure:test: (1 row)
infrastructure:test: 
infrastructure:test:                       ok                       
infrastructure:test: -----------------------------------------------
infrastructure:test:  ok 16 - control RLS is enabled and non-forced
infrastructure:test: (1 row)
infrastructure:test: 
infrastructure:test:                       ok                       
infrastructure:test: -----------------------------------------------
infrastructure:test:  ok 17 - mapping RLS is enabled and non-forced
infrastructure:test: (1 row)
infrastructure:test: 
infrastructure:test:                                   ok                                  
infrastructure:test: ----------------------------------------------------------------------
infrastructure:test:  ok 18 - tenant purge cascades explicit control product applicability
infrastructure:test: (1 row)
infrastructure:test: 
infrastructure:test:                              ok                             
infrastructure:test: ------------------------------------------------------------
infrastructure:test:  ok 19 - tenant purge cascades exact evidence-version links
infrastructure:test: (1 row)
infrastructure:test: 
infrastructure:test:                                 ok                                 
infrastructure:test: -------------------------------------------------------------------
infrastructure:test:  ok 20 - mutable control head uses the standard updated_at trigger
infrastructure:test: (1 row)
infrastructure:test: 
infrastructure:test:                          ok                         
infrastructure:test: ----------------------------------------------------
infrastructure:test:  ok 21 - browser role cannot read controls directly
infrastructure:test: (1 row)
infrastructure:test: 
infrastructure:test:                               ok                               
infrastructure:test: ---------------------------------------------------------------
infrastructure:test:  ok 22 - service role cannot bypass command for control writes
infrastructure:test: (1 row)
infrastructure:test: 
infrastructure:test:                        ok                       
infrastructure:test: ------------------------------------------------
infrastructure:test:  ok 23 - service role can invoke scoped command
infrastructure:test: (1 row)
infrastructure:test: 
infrastructure:test:                         ok                         
infrastructure:test: ---------------------------------------------------
infrastructure:test:  ok 24 - browser role cannot invoke scoped command
infrastructure:test: (1 row)
infrastructure:test: 
infrastructure:test:                                    ok                                    
infrastructure:test: -------------------------------------------------------------------------
infrastructure:test:  ok 25 - private implementation cannot be called by runtime service role
infrastructure:test: (1 row)
infrastructure:test: 
infrastructure:test:                                 is                                 
infrastructure:test: -------------------------------------------------------------------
infrastructure:test:  ok 26 - five durable control tables are included in tenant export
infrastructure:test: (1 row)
infrastructure:test: 
infrastructure:test:                                ok                                
infrastructure:test: -----------------------------------------------------------------
infrastructure:test:  ok 27 - tenant export snapshots control tables under SHARE lock
infrastructure:test: (1 row)
infrastructure:test: 
infrastructure:test: SELECT 1
infrastructure:test: INSERT 0 1
infrastructure:test: SELECT 1
infrastructure:test: INSERT 0 1
infrastructure:test:                                           is                                           
infrastructure:test: ---------------------------------------------------------------------------------------
infrastructure:test:  ok 28 - valid control ID from another tenant is invisible under selected organization
infrastructure:test: (1 row)
infrastructure:test: 
infrastructure:test:                                         lives_ok                                        
infrastructure:test: ----------------------------------------------------------------------------------------
infrastructure:test:  ok 29 - authorized tenant deletion can cascade control history after M1 retention gate
infrastructure:test: (1 row)
infrastructure:test: 
infrastructure:test:                           is                           
infrastructure:test: -------------------------------------------------------
infrastructure:test:  ok 30 - tenant purge leaves no orphan control records
infrastructure:test: (1 row)
infrastructure:test: 
infrastructure:test: SELECT 1
infrastructure:test:                            is                           
infrastructure:test: --------------------------------------------------------
infrastructure:test:  ok 31 - owner and active product fixture are available
infrastructure:test: (1 row)
infrastructure:test: 
infrastructure:test: SELECT 1
infrastructure:test: SELECT 1
infrastructure:test: INSERT 0 1
infrastructure:test: UPDATE 1
infrastructure:test: UPDATE 1
infrastructure:test: UPDATE 1
infrastructure:test:                           is                           
infrastructure:test: -------------------------------------------------------
infrastructure:test:  ok 32 - rollback-only clean evidence version is ready
infrastructure:test: (1 row)
infrastructure:test: 
infrastructure:test: CREATE FUNCTION
infrastructure:test:                                 is                                 
infrastructure:test: -------------------------------------------------------------------
infrastructure:test:  ok 33 - owner can select the tested pack in rollback-only fixture
infrastructure:test: (1 row)
infrastructure:test: 
infrastructure:test:                    is                   
infrastructure:test: ----------------------------------------
infrastructure:test:  ok 34 - cross-tenant command is denied
infrastructure:test: (1 row)
infrastructure:test: 
infrastructure:test:                        is                        
infrastructure:test: -------------------------------------------------
infrastructure:test:  ok 35 - hostile title is rejected before insert
infrastructure:test: (1 row)
infrastructure:test: 
infrastructure:test: SELECT 1
infrastructure:test:              is             
infrastructure:test: ----------------------------
infrastructure:test:  ok 36 - control is created
infrastructure:test: (1 row)
infrastructure:test: 
infrastructure:test:                        is                       
infrastructure:test: ------------------------------------------------
infrastructure:test:  ok 37 - created control starts at revision one
infrastructure:test: (1 row)
infrastructure:test: 
infrastructure:test:                               is                              
infrastructure:test: --------------------------------------------------------------
infrastructure:test:  ok 38 - retry of same idempotency key returns stored outcome
infrastructure:test: (1 row)
infrastructure:test: 
infrastructure:test:                               is                              
infrastructure:test: --------------------------------------------------------------
infrastructure:test:  ok 39 - idempotency key cannot be reused for changed content
infrastructure:test: (1 row)
infrastructure:test: 
infrastructure:test:                        is                       
infrastructure:test: ------------------------------------------------
infrastructure:test:  ok 40 - replay does not create another control
infrastructure:test: (1 row)
infrastructure:test: 
infrastructure:test:                             is                             
infrastructure:test: -----------------------------------------------------------
infrastructure:test:  ok 41 - malformed product collection returns stable error
infrastructure:test: (1 row)
infrastructure:test: 
infrastructure:test: CREATE FUNCTION
infrastructure:test: CREATE TRIGGER
infrastructure:test:                            throws_ok                            
infrastructure:test: ----------------------------------------------------------------
infrastructure:test:  ok 42 - audit failure rolls back the security-critical command
infrastructure:test: (1 row)
infrastructure:test: 
infrastructure:test: DROP TRIGGER
infrastructure:test:                             is                            
infrastructure:test: ----------------------------------------------------------
infrastructure:test:  ok 43 - failed audit leaves no partially created control
infrastructure:test: (1 row)
infrastructure:test: 
infrastructure:test:                  is                 
infrastructure:test: ------------------------------------
infrastructure:test:  ok 44 - stale revision is rejected
infrastructure:test: (1 row)
infrastructure:test: 
infrastructure:test:                         is                         
infrastructure:test: ---------------------------------------------------
infrastructure:test:  ok 45 - status cannot skip in-progress transition
infrastructure:test: (1 row)
infrastructure:test: 
infrastructure:test:                    is                   
infrastructure:test: ----------------------------------------
infrastructure:test:  ok 46 - status advances to in progress
infrastructure:test: (1 row)
infrastructure:test: 
infrastructure:test:                    is                   
infrastructure:test: ----------------------------------------
infrastructure:test:  ok 47 - status advances to implemented
infrastructure:test: (1 row)
infrastructure:test: 
infrastructure:test:                      is                      
infrastructure:test: ---------------------------------------------
infrastructure:test:  ok 48 - backward status change needs reason
infrastructure:test: (1 row)
infrastructure:test: 
infrastructure:test:                          is                         
infrastructure:test: ----------------------------------------------------
infrastructure:test:  ok 49 - reasoned backward status change is allowed
infrastructure:test: (1 row)
infrastructure:test: 
infrastructure:test:                               is                              
infrastructure:test: --------------------------------------------------------------
infrastructure:test:  ok 50 - every control state change has an immutable revision
infrastructure:test: (1 row)
infrastructure:test: 
infrastructure:test:                             is                             
infrastructure:test: -----------------------------------------------------------
infrastructure:test:  ok 51 - evidence link cannot substitute a foreign product
infrastructure:test: (1 row)
infrastructure:test: 
infrastructure:test: SELECT 1
infrastructure:test:                   is                   
infrastructure:test: ---------------------------------------
infrastructure:test:  ok 52 - clean exact version is linked
infrastructure:test: (1 row)
infrastructure:test: 
infrastructure:test:                           is                          
infrastructure:test: ------------------------------------------------------
infrastructure:test:  ok 53 - duplicate active evidence link is idempotent
infrastructure:test: (1 row)
infrastructure:test: 
infrastructure:test: SELECT 1
infrastructure:test:                        is                       
infrastructure:test: ------------------------------------------------
infrastructure:test:  ok 54 - mapping pins exact requirement version
infrastructure:test: (1 row)
infrastructure:test: 
infrastructure:test:                             is                             
infrastructure:test: -----------------------------------------------------------
infrastructure:test:  ok 55 - mapping has exactly the explicit selected product
infrastructure:test: (1 row)
infrastructure:test: 
infrastructure:test:                       is                       
infrastructure:test: -----------------------------------------------
infrastructure:test:  ok 56 - duplicate mapping has stable identity
infrastructure:test: (1 row)
infrastructure:test: 
infrastructure:test:                                 is                                
infrastructure:test: ------------------------------------------------------------------
infrastructure:test:  ok 57 - mapping edit cannot retarget stable requirement identity
infrastructure:test: (1 row)
infrastructure:test: 
infrastructure:test:                        is                        
infrastructure:test: -------------------------------------------------
infrastructure:test:  ok 58 - mapping edit creates new historical row
infrastructure:test: (1 row)
infrastructure:test: 
infrastructure:test:                       ok                       
infrastructure:test: -----------------------------------------------
infrastructure:test:  ok 59 - superseded mapping remains as history
infrastructure:test: (1 row)
infrastructure:test: 
infrastructure:test:                   is                   
infrastructure:test: ---------------------------------------
infrastructure:test:  ok 60 - control archive is revisioned
infrastructure:test: (1 row)
infrastructure:test: 
infrastructure:test:                           ok                           
infrastructure:test: -------------------------------------------------------
infrastructure:test:  ok 61 - archive preserves exact evidence link history
infrastructure:test: (1 row)
infrastructure:test: 
infrastructure:test:                             ok                            
infrastructure:test: ----------------------------------------------------------
infrastructure:test:  ok 62 - archive preserves version-pinned mapping history
infrastructure:test: (1 row)
infrastructure:test: 
infrastructure:test:                                   ok                                  
infrastructure:test: ----------------------------------------------------------------------
infrastructure:test:  ok 63 - every state change has durable audit in the same transaction
infrastructure:test: (1 row)
infrastructure:test: 
infrastructure:test: UPDATE 1
infrastructure:test:                            ok                            
infrastructure:test: ---------------------------------------------------------
infrastructure:test:  ok 64 - inactive owner remains visible as ownership gap
infrastructure:test: (1 row)
infrastructure:test: 
infrastructure:test:  finish 
infrastructure:test: --------
infrastructure:test:  1..64
infrastructure:test: (1 row)
infrastructure:test: 
infrastructure:test: ROLLBACK
infrastructure:test: Running tests/m10-02-evidence-reuse.test.sql
infrastructure:test: BEGIN
infrastructure:test: CREATE EXTENSION
infrastructure:test:  no_plan 
infrastructure:test: ---------
infrastructure:test: (0 rows)
infrastructure:test: 
infrastructure:test:                 ok                 
infrastructure:test: -----------------------------------
infrastructure:test:  ok 1 - reuse RPC remains callable
infrastructure:test: (1 row)
infrastructure:test: 
infrastructure:test:                     ok                     
infrastructure:test: -------------------------------------------
infrastructure:test:  ok 2 - reuse RPC is service-role mediated
infrastructure:test: (1 row)
infrastructure:test: 
infrastructure:test:                        ok                       
infrastructure:test: ------------------------------------------------
infrastructure:test:  ok 3 - reuse function has a pinned search path
infrastructure:test: (1 row)
infrastructure:test: 
infrastructure:test:                          ok                         
infrastructure:test: ----------------------------------------------------
infrastructure:test:  ok 4 - evidence permission gates the base response
infrastructure:test: (1 row)
infrastructure:test: 
infrastructure:test:                        ok                        
infrastructure:test: -------------------------------------------------
infrastructure:test:  ok 5 - framework permission gates control links
infrastructure:test: (1 row)
infrastructure:test: 
infrastructure:test:                       ok                       
infrastructure:test: -----------------------------------------------
infrastructure:test:  ok 6 - product permission gates control links
infrastructure:test: (1 row)
infrastructure:test: 
infrastructure:test:                          ok                          
infrastructure:test: -----------------------------------------------------
infrastructure:test:  ok 7 - reverse links pin the exact evidence version
infrastructure:test: (1 row)
infrastructure:test: 
infrastructure:test:                         ok                         
infrastructure:test: ---------------------------------------------------
infrastructure:test:  ok 8 - reverse links do not reveal other products
infrastructure:test: (1 row)
infrastructure:test: 
infrastructure:test:                                ok                               
infrastructure:test: ----------------------------------------------------------------
infrastructure:test:  ok 9 - current projection excludes ended and archived controls
infrastructure:test: (1 row)
infrastructure:test: 
infrastructure:test:                    is                   
infrastructure:test: ----------------------------------------
infrastructure:test:  ok 10 - unverified caller fails closed
infrastructure:test: (1 row)
infrastructure:test: 
infrastructure:test: SELECT 1
infrastructure:test:                                          is                                          
infrastructure:test: -------------------------------------------------------------------------------------
infrastructure:test:  ok 11 - run-scoped fixture has an owner, active product, and clean evidence version
infrastructure:test: (1 row)
infrastructure:test: 
infrastructure:test:                                ok                               
infrastructure:test: ----------------------------------------------------------------
infrastructure:test:  ok 12 - reviewed framework version is selected for the fixture
infrastructure:test: (1 row)
infrastructure:test: 
infrastructure:test: SELECT 1
infrastructure:test:                          is                         
infrastructure:test: ----------------------------------------------------
infrastructure:test:  ok 13 - fixture control is created transactionally
infrastructure:test: (1 row)
infrastructure:test: 
infrastructure:test:                        is                       
infrastructure:test: ------------------------------------------------
infrastructure:test:  ok 14 - fixture pins exact version and product
infrastructure:test: (1 row)
infrastructure:test: 
infrastructure:test:                           is                          
infrastructure:test: ------------------------------------------------------
infrastructure:test:  ok 15 - fixture maps one requirement for the product
infrastructure:test: (1 row)
infrastructure:test: 
infrastructure:test: SELECT 1
infrastructure:test:                       is                      
infrastructure:test: ----------------------------------------------
infrastructure:test:  ok 16 - authorized exact reuse read succeeds
infrastructure:test: (1 row)
infrastructure:test: 
infrastructure:test:                       is                       
infrastructure:test: -----------------------------------------------
infrastructure:test:  ok 17 - one current control link is projected
infrastructure:test: (1 row)
infrastructure:test: 
infrastructure:test:                         ok                         
infrastructure:test: ---------------------------------------------------
infrastructure:test:  ok 18 - reverse link keeps exact evidence version
infrastructure:test: (1 row)
infrastructure:test: 
infrastructure:test:                           is                          
infrastructure:test: ------------------------------------------------------
infrastructure:test:  ok 19 - only the applicable requirement is projected
infrastructure:test: (1 row)
infrastructure:test: 
infrastructure:test:                              ok                             
infrastructure:test: ------------------------------------------------------------
infrastructure:test:  ok 20 - bounded projection reports whether more rows exist
infrastructure:test: (1 row)
infrastructure:test: 
infrastructure:test:                            ok                            
infrastructure:test: ---------------------------------------------------------
infrastructure:test:  ok 21 - framework reverse link omits product identifier
infrastructure:test: (1 row)
infrastructure:test: 
infrastructure:test:                         is                         
infrastructure:test: ---------------------------------------------------
infrastructure:test:  ok 22 - foreign product substitution fails closed
infrastructure:test: (1 row)
infrastructure:test: 
infrastructure:test:                                 is                                
infrastructure:test: ------------------------------------------------------------------
infrastructure:test:  ok 23 - different evidence version cannot inherit a reverse link
infrastructure:test: (1 row)
infrastructure:test: 
infrastructure:test: INSERT 0 1
infrastructure:test:                                       ok                                      
infrastructure:test: ------------------------------------------------------------------------------
infrastructure:test:  ok 24 - fixture actor retains evidence and frameworks but loses product view
infrastructure:test: (1 row)
infrastructure:test: 
infrastructure:test:                                         ok                                         
infrastructure:test: -----------------------------------------------------------------------------------
infrastructure:test:  ok 25 - M8 reuse hides control links and continuation when product view is denied
infrastructure:test: (1 row)
infrastructure:test: 
infrastructure:test: UPDATE 1
infrastructure:test: INSERT 0 1
infrastructure:test:                                            is                                            
infrastructure:test: -----------------------------------------------------------------------------------------
infrastructure:test:  ok 26 - framework permission denial hides control links while evidence remains readable
infrastructure:test: (1 row)
infrastructure:test: 
infrastructure:test: UPDATE 1
infrastructure:test:                   is                   
infrastructure:test: ---------------------------------------
infrastructure:test:  ok 27 - evidence unlink is revisioned
infrastructure:test: (1 row)
infrastructure:test: 
infrastructure:test:                                   is                                   
infrastructure:test: -----------------------------------------------------------------------
infrastructure:test:  ok 28 - ended evidence link is absent from current reverse projection
infrastructure:test: (1 row)
infrastructure:test: 
infrastructure:test:                         is                        
infrastructure:test: --------------------------------------------------
infrastructure:test:  ok 29 - new exact link can be added after unlink
infrastructure:test: (1 row)
infrastructure:test: 
infrastructure:test:                   is                   
infrastructure:test: ---------------------------------------
infrastructure:test:  ok 30 - control archive is revisioned
infrastructure:test: (1 row)
infrastructure:test: 
infrastructure:test:                                  is                                 
infrastructure:test: --------------------------------------------------------------------
infrastructure:test:  ok 31 - archived control is absent from current reverse projection
infrastructure:test: (1 row)
infrastructure:test: 
infrastructure:test:  finish 
infrastructure:test: --------
infrastructure:test:  1..31
infrastructure:test: (1 row)
infrastructure:test: 
infrastructure:test: ROLLBACK
infrastructure:test: Running tests/m10-03-coverage-gaps.test.sql
infrastructure:test: BEGIN
infrastructure:test: CREATE EXTENSION
infrastructure:test:  no_plan 
infrastructure:test: ---------
infrastructure:test: (0 rows)
infrastructure:test: 
infrastructure:test:                          ok                         
infrastructure:test: ----------------------------------------------------
infrastructure:test:  ok 1 - approved product applicability is persisted
infrastructure:test: (1 row)
infrastructure:test: 
infrastructure:test:                        ok                       
infrastructure:test: ------------------------------------------------
infrastructure:test:  ok 2 - coverage recalculation state is durable
infrastructure:test: (1 row)
infrastructure:test: 
infrastructure:test:                    ok                   
infrastructure:test: ----------------------------------------
infrastructure:test:  ok 3 - requirement results are durable
infrastructure:test: (1 row)
infrastructure:test: 
infrastructure:test:                    ok                   
infrastructure:test: ----------------------------------------
infrastructure:test:  ok 4 - applicability command is atomic
infrastructure:test: (1 row)
infrastructure:test: 
infrastructure:test:                          ok                         
infrastructure:test: ----------------------------------------------------
infrastructure:test:  ok 5 - scoped coverage requests notice date expiry
infrastructure:test: (1 row)
infrastructure:test: 
infrastructure:test:                ok               
infrastructure:test: --------------------------------
infrastructure:test:  ok 6 - worker lease is durable
infrastructure:test: (1 row)
infrastructure:test: 
infrastructure:test:                    ok                   
infrastructure:test: ----------------------------------------
infrastructure:test:  ok 7 - worker recalculation is durable
infrastructure:test: (1 row)
infrastructure:test: 
infrastructure:test:                                   ok                                   
infrastructure:test: -----------------------------------------------------------------------
infrastructure:test:  ok 8 - coverage summary is bounded and consistent with projected rows
infrastructure:test: (1 row)
infrastructure:test: 
infrastructure:test:                          ok                          
infrastructure:test: -----------------------------------------------------
infrastructure:test:  ok 9 - worker failures have a retryable error state
infrastructure:test: (1 row)
infrastructure:test: 
infrastructure:test:                             ok                             
infrastructure:test: -----------------------------------------------------------
infrastructure:test:  ok 10 - browser roles cannot infer coverage rows directly
infrastructure:test: (1 row)
infrastructure:test: 
infrastructure:test:                          ok                         
infrastructure:test: ----------------------------------------------------
infrastructure:test:  ok 11 - browser roles cannot approve applicability
infrastructure:test: (1 row)
infrastructure:test: 
infrastructure:test:                       ok                      
infrastructure:test: ----------------------------------------------
infrastructure:test:  ok 12 - service role may call scoped command
infrastructure:test: (1 row)
infrastructure:test: 
infrastructure:test:                               is                              
infrastructure:test: --------------------------------------------------------------
infrastructure:test:  ok 13 - approved applicability participates in tenant export
infrastructure:test: (1 row)
infrastructure:test: 
infrastructure:test: SELECT 1
infrastructure:test:                  is                 
infrastructure:test: ------------------------------------
infrastructure:test:  ok 14 - local owner fixture exists
infrastructure:test: (1 row)
infrastructure:test: 
infrastructure:test:                     is                    
infrastructure:test: ------------------------------------------
infrastructure:test:  ok 15 - fixture selects the current pack
infrastructure:test: (1 row)
infrastructure:test: 
infrastructure:test:                         is                        
infrastructure:test: --------------------------------------------------
infrastructure:test:  ok 16 - first read schedules an uncomputed scope
infrastructure:test: (1 row)
infrastructure:test: 
infrastructure:test: UPDATE 1
infrastructure:test: SELECT 1
infrastructure:test:                  is                  
infrastructure:test: -------------------------------------
infrastructure:test:  ok 17 - worker claims pending scope
infrastructure:test: (1 row)
infrastructure:test: 
infrastructure:test:                    is                    
infrastructure:test: -----------------------------------------
infrastructure:test:  ok 18 - leased worker computes coverage
infrastructure:test: (1 row)
infrastructure:test: 
infrastructure:test:                          is                          
infrastructure:test: -----------------------------------------------------
infrastructure:test:  ok 19 - all 25 requirement nodes project atomically
infrastructure:test: (1 row)
infrastructure:test: 
infrastructure:test:                         is                         
infrastructure:test: ---------------------------------------------------
infrastructure:test:  ok 20 - two Part headings are outside denominator
infrastructure:test: (1 row)
infrastructure:test: 
infrastructure:test:                         is                         
infrastructure:test: ---------------------------------------------------
infrastructure:test:  ok 21 - numbered clauses begin as actionable gaps
infrastructure:test: (1 row)
infrastructure:test: 
infrastructure:test:                  is                  
infrastructure:test: -------------------------------------
infrastructure:test:  ok 22 - summary matches detail gaps
infrastructure:test: (1 row)
infrastructure:test: 
infrastructure:test: SELECT 1
infrastructure:test:                            is                            
infrastructure:test: ---------------------------------------------------------
infrastructure:test:  ok 23 - owner may approve a numbered clause with reason
infrastructure:test: (1 row)
infrastructure:test: 
infrastructure:test:                                is                               
infrastructure:test: ----------------------------------------------------------------
infrastructure:test:  ok 24 - applicability mutation invalidates prior green results
infrastructure:test: (1 row)
infrastructure:test: 
infrastructure:test:                        ok                        
infrastructure:test: -------------------------------------------------
infrastructure:test:  ok 25 - stale rows cannot produce green summary
infrastructure:test: (1 row)
infrastructure:test: 
infrastructure:test:                        is                        
infrastructure:test: -------------------------------------------------
infrastructure:test:  ok 26 - expected revision updates applicability
infrastructure:test: (1 row)
infrastructure:test: 
infrastructure:test:                  is                 
infrastructure:test: ------------------------------------
infrastructure:test:  ok 27 - stale revision is rejected
infrastructure:test: (1 row)
infrastructure:test: 
infrastructure:test:                             is                            
infrastructure:test: ----------------------------------------------------------
infrastructure:test:  ok 28 - tenant substitution cannot approve applicability
infrastructure:test: (1 row)
infrastructure:test: 
infrastructure:test:                           is                           
infrastructure:test: -------------------------------------------------------
infrastructure:test:  ok 29 - expected revision zero creates a new approval
infrastructure:test: (1 row)
infrastructure:test: 
infrastructure:test: SELECT 1
infrastructure:test:                                is                               
infrastructure:test: ----------------------------------------------------------------
infrastructure:test:  ok 30 - first applicability command with stable key is applied
infrastructure:test: (1 row)
infrastructure:test: 
infrastructure:test:                                    is                                   
infrastructure:test: ------------------------------------------------------------------------
infrastructure:test:  ok 31 - identical retry returns stored result without another revision
infrastructure:test: (1 row)
infrastructure:test: 
infrastructure:test:                         is                        
infrastructure:test: --------------------------------------------------
infrastructure:test:  ok 32 - identical retry does not change revision
infrastructure:test: (1 row)
infrastructure:test: 
infrastructure:test: SELECT 1
infrastructure:test: UPDATE 1
infrastructure:test:                      is                     
infrastructure:test: --------------------------------------------
infrastructure:test:  ok 33 - invalidated scope can be reclaimed
infrastructure:test: (1 row)
infrastructure:test: 
infrastructure:test:                      is                     
infrastructure:test: --------------------------------------------
infrastructure:test:  ok 34 - new approval recalculates coverage
infrastructure:test: (1 row)
infrastructure:test: 
infrastructure:test:                                is                                
infrastructure:test: -----------------------------------------------------------------
infrastructure:test:  ok 35 - approved non-applicability is separate from denominator
infrastructure:test: (1 row)
infrastructure:test: 
infrastructure:test:                               is                               
infrastructure:test: ---------------------------------------------------------------
infrastructure:test:  ok 36 - structural and excluded nodes are outside denominator
infrastructure:test: (1 row)
infrastructure:test: 
infrastructure:test: UPDATE 1
infrastructure:test:                                  is                                  
infrastructure:test: ---------------------------------------------------------------------
infrastructure:test:  ok 37 - clock boundary expires current coverage before presentation
infrastructure:test: (1 row)
infrastructure:test: 
infrastructure:test:                              ok                             
infrastructure:test: ------------------------------------------------------------
infrastructure:test:  ok 38 - clock-expired summary cannot present green results
infrastructure:test: (1 row)
infrastructure:test: 
infrastructure:test: CREATE FUNCTION
infrastructure:test:                  is                 
infrastructure:test: ------------------------------------
infrastructure:test:  ok 39 - expired scope recalculates
infrastructure:test: (1 row)
infrastructure:test: 
infrastructure:test: SELECT 1
infrastructure:test: INSERT 0 1
infrastructure:test: SELECT 1
infrastructure:test: INSERT 0 1
infrastructure:test: SELECT 1
infrastructure:test: SELECT 1
infrastructure:test: INSERT 0 1
infrastructure:test: UPDATE 1
infrastructure:test: UPDATE 1
infrastructure:test: SELECT 1
infrastructure:test:                   is                  
infrastructure:test: --------------------------------------
infrastructure:test:  ok 40 - mapped evidence recalculates
infrastructure:test: (1 row)
infrastructure:test: 
infrastructure:test:                                  is                                  
infrastructure:test: ---------------------------------------------------------------------
infrastructure:test:  ok 41 - implemented control and clean valid version resolve the gap
infrastructure:test: (1 row)
infrastructure:test: 
infrastructure:test: UPDATE 1
infrastructure:test:                        is                        
infrastructure:test: -------------------------------------------------
infrastructure:test:  ok 42 - quarantine invalidates and recalculates
infrastructure:test: (1 row)
infrastructure:test: 
infrastructure:test:                          is                          
infrastructure:test: -----------------------------------------------------
infrastructure:test:  ok 43 - quarantined evidence becomes a specific gap
infrastructure:test: (1 row)
infrastructure:test: 
infrastructure:test: UPDATE 1
infrastructure:test:                      is                      
infrastructure:test: ---------------------------------------------
infrastructure:test:  ok 44 - unlink invalidates and recalculates
infrastructure:test: (1 row)
infrastructure:test: 
infrastructure:test:                                 is                                
infrastructure:test: ------------------------------------------------------------------
infrastructure:test:  ok 45 - unlink exposes missing evidence without deleting history
infrastructure:test: (1 row)
infrastructure:test: 
infrastructure:test: SELECT 1
infrastructure:test: INSERT 0 1
infrastructure:test: SELECT 1
infrastructure:test: INSERT 0 1
infrastructure:test: INSERT 0 1
infrastructure:test:                  is                 
infrastructure:test: ------------------------------------
infrastructure:test:  ok 46 - mixed controls recalculate
infrastructure:test: (1 row)
infrastructure:test: 
infrastructure:test:                                         is                                        
infrastructure:test: ----------------------------------------------------------------------------------
infrastructure:test:  ok 47 - unfinished control quarantine does not mask implemented missing evidence
infrastructure:test: (1 row)
infrastructure:test: 
infrastructure:test: SELECT 1
infrastructure:test: INSERT 0 1
infrastructure:test: UPDATE 1
infrastructure:test: INSERT 0 1
infrastructure:test:                           is                           
infrastructure:test: -------------------------------------------------------
infrastructure:test:  ok 48 - expired evidence invalidates and recalculates
infrastructure:test: (1 row)
infrastructure:test: 
infrastructure:test:                              is                             
infrastructure:test: ------------------------------------------------------------
infrastructure:test:  ok 49 - retained but expired evidence is not counted valid
infrastructure:test: (1 row)
infrastructure:test: 
infrastructure:test:                           is                          
infrastructure:test: ------------------------------------------------------
infrastructure:test:  ok 50 - summary and detail agree after one exclusion
infrastructure:test: (1 row)
infrastructure:test: 
infrastructure:test: SELECT 1
infrastructure:test: INSERT 0 1
infrastructure:test: UPDATE 1
infrastructure:test: INSERT 0 1
infrastructure:test:                           is                          
infrastructure:test: ------------------------------------------------------
infrastructure:test:  ok 51 - future evidence invalidates and recalculates
infrastructure:test: (1 row)
infrastructure:test: 
infrastructure:test:                         is                        
infrastructure:test: --------------------------------------------------
infrastructure:test:  ok 52 - future-start evidence is an explicit gap
infrastructure:test: (1 row)
infrastructure:test: 
infrastructure:test: UPDATE 1
infrastructure:test: SELECT 1
infrastructure:test: UPDATE 1
infrastructure:test:                                 is                                
infrastructure:test: ------------------------------------------------------------------
infrastructure:test:  ok 53 - worker leases invalidated source after quarantine clears
infrastructure:test: (1 row)
infrastructure:test: 
infrastructure:test:                         is                         
infrastructure:test: ---------------------------------------------------
infrastructure:test:  ok 54 - failed worker records bounded retry state
infrastructure:test: (1 row)
infrastructure:test: 
infrastructure:test:                         ok                         
infrastructure:test: ---------------------------------------------------
infrastructure:test:  ok 55 - worker failure never presents stale green
infrastructure:test: (1 row)
infrastructure:test: 
infrastructure:test: UPDATE 1
infrastructure:test:                                is                                
infrastructure:test: -----------------------------------------------------------------
infrastructure:test:  ok 56 - a new worker reclaims the failed scope and recalculates
infrastructure:test: (1 row)
infrastructure:test: 
infrastructure:test:                            is                            
infrastructure:test: ---------------------------------------------------------
infrastructure:test:  ok 57 - fixture disables the pack after a saved command
infrastructure:test: (1 row)
infrastructure:test: 
infrastructure:test:                               is                              
infrastructure:test: --------------------------------------------------------------
infrastructure:test:  ok 58 - same idempotency key replays after selection changes
infrastructure:test: (1 row)
infrastructure:test: 
infrastructure:test:                           is                           
infrastructure:test: -------------------------------------------------------
infrastructure:test:  ok 59 - new approval cannot change a disabled version
infrastructure:test: (1 row)
infrastructure:test: 
infrastructure:test:  finish 
infrastructure:test: --------
infrastructure:test:  1..59
infrastructure:test: (1 row)
infrastructure:test: 
infrastructure:test: ROLLBACK
infrastructure:test: Running tests/m10-04-crosswalk-upgrade.test.sql
infrastructure:test: BEGIN
infrastructure:test: CREATE EXTENSION
infrastructure:test:  plan  
infrastructure:test: -------
infrastructure:test:  1..31
infrastructure:test: (1 row)
infrastructure:test: 
infrastructure:test:                   ok                   
infrastructure:test: ---------------------------------------
infrastructure:test:  ok 1 - curated crosswalk table exists
infrastructure:test: (1 row)
infrastructure:test: 
infrastructure:test:                  ok                 
infrastructure:test: ------------------------------------
infrastructure:test:  ok 2 - upgrade review table exists
infrastructure:test: (1 row)
infrastructure:test: 
infrastructure:test:                   ok                   
infrastructure:test: ---------------------------------------
infrastructure:test:  ok 3 - upgrade decisions table exists
infrastructure:test: (1 row)
infrastructure:test: 
infrastructure:test:                            ok                           
infrastructure:test: --------------------------------------------------------
infrastructure:test:  ok 4 - rights metadata extends immutable pack versions
infrastructure:test: (1 row)
infrastructure:test: 
infrastructure:test:                      ok                     
infrastructure:test: --------------------------------------------
infrastructure:test:  ok 5 - crosswalk RLS enabled without force
infrastructure:test: (1 row)
infrastructure:test: 
infrastructure:test:                    ok                    
infrastructure:test: -----------------------------------------
infrastructure:test:  ok 6 - review RLS enabled without force
infrastructure:test: (1 row)
infrastructure:test: 
infrastructure:test:                     ok                     
infrastructure:test: -------------------------------------------
infrastructure:test:  ok 7 - decision RLS enabled without force
infrastructure:test: (1 row)
infrastructure:test: 
infrastructure:test:                         ok                        
infrastructure:test: --------------------------------------------------
infrastructure:test:  ok 8 - browser role cannot directly read reviews
infrastructure:test: (1 row)
infrastructure:test: 
infrastructure:test:                       ok                      
infrastructure:test: ----------------------------------------------
infrastructure:test:  ok 9 - service role cannot bypass review RPC
infrastructure:test: (1 row)
infrastructure:test: 
infrastructure:test:              ok              
infrastructure:test: -----------------------------
infrastructure:test:  ok 10 - service can preview
infrastructure:test: (1 row)
infrastructure:test: 
infrastructure:test:                 ok                 
infrastructure:test: -----------------------------------
infrastructure:test:  ok 11 - service can create review
infrastructure:test: (1 row)
infrastructure:test: 
infrastructure:test:                  ok                  
infrastructure:test: -------------------------------------
infrastructure:test:  ok 12 - service can record decision
infrastructure:test: (1 row)
infrastructure:test: 
infrastructure:test:                  ok                 
infrastructure:test: ------------------------------------
infrastructure:test:  ok 13 - service can commit upgrade
infrastructure:test: (1 row)
infrastructure:test: 
infrastructure:test:                   is                  
infrastructure:test: --------------------------------------
infrastructure:test:  ok 14 - unknown actor cannot preview
infrastructure:test: (1 row)
infrastructure:test: 
infrastructure:test:                      is                     
infrastructure:test: --------------------------------------------
infrastructure:test:  ok 15 - unknown actor cannot create review
infrastructure:test: (1 row)
infrastructure:test: 
infrastructure:test:                  is                  
infrastructure:test: -------------------------------------
infrastructure:test:  ok 16 - unknown actor cannot commit
infrastructure:test: (1 row)
infrastructure:test: 
infrastructure:test:                 ok                 
infrastructure:test: -----------------------------------
infrastructure:test:  ok 17 - fingerprint helper exists
infrastructure:test: (1 row)
infrastructure:test: 
infrastructure:test:                       ok                       
infrastructure:test: -----------------------------------------------
infrastructure:test:  ok 18 - curated relationships are append-only
infrastructure:test: (1 row)
infrastructure:test: 
infrastructure:test: CREATE FUNCTION
infrastructure:test:                    is                   
infrastructure:test: ----------------------------------------
infrastructure:test:  ok 19 - two source requirements import
infrastructure:test: (1 row)
infrastructure:test: 
infrastructure:test:                    is                   
infrastructure:test: ----------------------------------------
infrastructure:test:  ok 20 - two target requirements import
infrastructure:test: (1 row)
infrastructure:test: 
infrastructure:test: INSERT 0 4
infrastructure:test:                                 is                                
infrastructure:test: ------------------------------------------------------------------
infrastructure:test:  ok 21 - one source to two targets is split only by curated edges
infrastructure:test: (1 row)
infrastructure:test: 
infrastructure:test:                                 is                                 
infrastructure:test: -------------------------------------------------------------------
infrastructure:test:  ok 22 - two sources to one target is merged only by curated edges
infrastructure:test: (1 row)
infrastructure:test: 
infrastructure:test:                        ok                        
infrastructure:test: -------------------------------------------------
infrastructure:test:  ok 23 - uncertain one-way edge remains explicit
infrastructure:test: (1 row)
infrastructure:test: 
infrastructure:test:                        throws_ok                       
infrastructure:test: -------------------------------------------------------
infrastructure:test:  ok 24 - curated strength cannot be silently rewritten
infrastructure:test: (1 row)
infrastructure:test: 
infrastructure:test:                             throws_ok                            
infrastructure:test: -----------------------------------------------------------------
infrastructure:test:  ok 25 - licensed standard key requires explicit rights metadata
infrastructure:test: (1 row)
infrastructure:test: 
infrastructure:test:                                    is                                   
infrastructure:test: ------------------------------------------------------------------------
infrastructure:test:  ok 26 - licensed fixture imports only with edition and rights evidence
infrastructure:test: (1 row)
infrastructure:test: 
infrastructure:test:                           is                          
infrastructure:test: ------------------------------------------------------
infrastructure:test:  ok 27 - uncertain edge does not create another split
infrastructure:test: (1 row)
infrastructure:test: 
infrastructure:test:                          throws_ok                         
infrastructure:test: -----------------------------------------------------------
infrastructure:test:  ok 28 - table constraint rejects public law without CELEX
infrastructure:test: (1 row)
infrastructure:test: 
infrastructure:test:                              ok                              
infrastructure:test: -------------------------------------------------------------
infrastructure:test:  ok 29 - durable upgrade facts are in tenant export registry
infrastructure:test: (1 row)
infrastructure:test: 
infrastructure:test:                         ok                        
infrastructure:test: --------------------------------------------------
infrastructure:test:  ok 30 - snapshot transaction locks upgrade facts
infrastructure:test: (1 row)
infrastructure:test: 
infrastructure:test:                             ok                             
infrastructure:test: -----------------------------------------------------------
infrastructure:test:  ok 31 - authorized tenant purge cascades review decisions
infrastructure:test: (1 row)
infrastructure:test: 
infrastructure:test:  finish 
infrastructure:test: --------
infrastructure:test: (0 rows)
infrastructure:test: 
infrastructure:test: ROLLBACK
infrastructure:test: Running tests/m10-04-evidence-crosswalk.test.sql
infrastructure:test: BEGIN
infrastructure:test: CREATE EXTENSION
infrastructure:test:  plan 
infrastructure:test: ------
infrastructure:test:  1..9
infrastructure:test: (1 row)
infrastructure:test: 
infrastructure:test: CREATE FUNCTION
infrastructure:test:               is               
infrastructure:test: -------------------------------
infrastructure:test:  ok 1 - source fixture imports
infrastructure:test: (1 row)
infrastructure:test: 
infrastructure:test:               is               
infrastructure:test: -------------------------------
infrastructure:test:  ok 2 - target fixture imports
infrastructure:test: (1 row)
infrastructure:test: 
infrastructure:test:  m10_import_framework_pack 
infrastructure:test: ---------------------------
infrastructure:test:  imported
infrastructure:test: (1 row)
infrastructure:test: 
infrastructure:test: SELECT 1
infrastructure:test:                      ok                      
infrastructure:test: ---------------------------------------------
infrastructure:test:  ok 3 - clean scoped evidence fixture exists
infrastructure:test: (1 row)
infrastructure:test: 
infrastructure:test:            is           
infrastructure:test: ------------------------
infrastructure:test:  ok 4 - source selected
infrastructure:test: (1 row)
infrastructure:test: 
infrastructure:test:            is           
infrastructure:test: ------------------------
infrastructure:test:  ok 5 - target selected
infrastructure:test: (1 row)
infrastructure:test: 
infrastructure:test: INSERT 0 1
infrastructure:test: INSERT 0 1
infrastructure:test: INSERT 0 1
infrastructure:test: INSERT 0 1
infrastructure:test: INSERT 0 1
infrastructure:test: INSERT 0 1
infrastructure:test:                                     is                                     
infrastructure:test: ---------------------------------------------------------------------------
infrastructure:test:  ok 6 - valid evidence exposes advisory relation without certifying target
infrastructure:test: (1 row)
infrastructure:test: 
infrastructure:test: INSERT 0 1
infrastructure:test:                                    is                                   
infrastructure:test: ------------------------------------------------------------------------
infrastructure:test:  ok 7 - target product non-applicability independently suppresses reuse
infrastructure:test: (1 row)
infrastructure:test: 
infrastructure:test: UPDATE 1
infrastructure:test: INSERT 0 1
infrastructure:test:                                    is                                   
infrastructure:test: ------------------------------------------------------------------------
infrastructure:test:  ok 8 - source product non-applicability independently suppresses reuse
infrastructure:test: (1 row)
infrastructure:test: 
infrastructure:test: INSERT 0 1
infrastructure:test: INSERT 0 1
infrastructure:test: INSERT 0 1
infrastructure:test: INSERT 0 1
infrastructure:test: INSERT 0 1
infrastructure:test:                                    is                                    
infrastructure:test: -------------------------------------------------------------------------
infrastructure:test:  ok 9 - preview evidence IDs exclude links outside mapping product scope
infrastructure:test: (1 row)
infrastructure:test: 
infrastructure:test:  finish 
infrastructure:test: --------
infrastructure:test: (0 rows)
infrastructure:test: 
infrastructure:test: ROLLBACK
infrastructure:test: Running tests/m10-04-merged-upgrade.test.sql
infrastructure:test: BEGIN
infrastructure:test: CREATE EXTENSION
infrastructure:test:  plan 
infrastructure:test: ------
infrastructure:test:  1..8
infrastructure:test: (1 row)
infrastructure:test: 
infrastructure:test: CREATE FUNCTION
infrastructure:test: CREATE FUNCTION
infrastructure:test:              is             
infrastructure:test: ----------------------------
infrastructure:test:  ok 1 - source pair imports
infrastructure:test: (1 row)
infrastructure:test: 
infrastructure:test:               is              
infrastructure:test: ------------------------------
infrastructure:test:  ok 2 - merged target imports
infrastructure:test: (1 row)
infrastructure:test: 
infrastructure:test: SELECT 1
infrastructure:test:                             ok                            
infrastructure:test: ----------------------------------------------------------
infrastructure:test:  ok 3 - two products exist for merged product-scope union
infrastructure:test: (1 row)
infrastructure:test: 
infrastructure:test:            is           
infrastructure:test: ------------------------
infrastructure:test:  ok 4 - source selected
infrastructure:test: (1 row)
infrastructure:test: 
infrastructure:test: INSERT 0 1
infrastructure:test: INSERT 0 1
infrastructure:test: INSERT 0 2
infrastructure:test: INSERT 0 2
infrastructure:test: SELECT 1
infrastructure:test:                  is                  
infrastructure:test: -------------------------------------
infrastructure:test:  ok 5 - first source review recorded
infrastructure:test: (1 row)
infrastructure:test: 
infrastructure:test:                   is                  
infrastructure:test: --------------------------------------
infrastructure:test:  ok 6 - second source review recorded
infrastructure:test: (1 row)
infrastructure:test: 
infrastructure:test:                         is                         
infrastructure:test: ---------------------------------------------------
infrastructure:test:  ok 7 - merged decisions create one target mapping
infrastructure:test: (1 row)
infrastructure:test: 
infrastructure:test:                              ok                             
infrastructure:test: ------------------------------------------------------------
infrastructure:test:  ok 8 - merged mapping carries union of both product scopes
infrastructure:test: (1 row)
infrastructure:test: 
infrastructure:test:  finish 
infrastructure:test: --------
infrastructure:test: (0 rows)
infrastructure:test: 
infrastructure:test: ROLLBACK
infrastructure:test: Running tests/m10-04-upgrade-flow.test.sql
web:test:  ✓ mocks/handlers.spec.ts (9 tests) 1860ms
web:test:    ✓ mock/API namespace separation > filters, sorts numeric display values, and clamps stale pages  528ms
api:test: PASS src/sboms/normalization/sbom-normalizer.spec.ts
infrastructure:test: BEGIN
infrastructure:test: CREATE EXTENSION
infrastructure:test:  plan  
infrastructure:test: -------
infrastructure:test:  1..24
infrastructure:test: (1 row)
infrastructure:test: 
infrastructure:test: CREATE FUNCTION
infrastructure:test:                                is                                
infrastructure:test: -----------------------------------------------------------------
infrastructure:test:  ok 1 - approved fixture imports without invented EU identifiers
infrastructure:test: (1 row)
infrastructure:test: 
infrastructure:test:                       is                      
infrastructure:test: ----------------------------------------------
infrastructure:test:  ok 2 - new immutable fixture edition imports
infrastructure:test: (1 row)
infrastructure:test: 
infrastructure:test: SELECT 1
infrastructure:test:                             ok                             
infrastructure:test: -----------------------------------------------------------
infrastructure:test:  ok 3 - seeded owner has a product for scoped mapping test
infrastructure:test: (1 row)
infrastructure:test: 
infrastructure:test:                  is                  
infrastructure:test: -------------------------------------
infrastructure:test:  ok 4 - owner selects source edition
infrastructure:test: (1 row)
infrastructure:test: 
infrastructure:test:                            is                            
infrastructure:test: ---------------------------------------------------------
infrastructure:test:  ok 5 - ordinary selection rejects silent edition switch
infrastructure:test: (1 row)
infrastructure:test: 
infrastructure:test: INSERT 0 1
infrastructure:test: INSERT 0 1
infrastructure:test: INSERT 0 1
infrastructure:test: INSERT 0 1
infrastructure:test: INSERT 0 1
infrastructure:test:                         is                        
infrastructure:test: --------------------------------------------------
infrastructure:test:  ok 6 - curated edge appears only as a suggestion
infrastructure:test: (1 row)
infrastructure:test: 
infrastructure:test:                     is                     
infrastructure:test: -------------------------------------------
infrastructure:test:  ok 7 - diff identifies removed source key
infrastructure:test: (1 row)
infrastructure:test: 
infrastructure:test: SELECT 1
infrastructure:test:             ok            
infrastructure:test: --------------------------
infrastructure:test:  ok 8 - review is created
infrastructure:test: (1 row)
infrastructure:test: 
infrastructure:test:                       is                       
infrastructure:test: -----------------------------------------------
infrastructure:test:  ok 9 - commit requires every mapping decision
infrastructure:test: (1 row)
infrastructure:test: 
infrastructure:test:                         is                         
infrastructure:test: ---------------------------------------------------
infrastructure:test:  ok 10 - failed review leaves old selection usable
infrastructure:test: (1 row)
infrastructure:test: 
infrastructure:test:                      is                      
infrastructure:test: ---------------------------------------------
infrastructure:test:  ok 11 - reviewer records explicit successor
infrastructure:test: (1 row)
infrastructure:test: 
infrastructure:test:                       is                      
infrastructure:test: ----------------------------------------------
infrastructure:test:  ok 12 - review page returns durable decision
infrastructure:test: (1 row)
infrastructure:test: 
infrastructure:test:                      is                      
infrastructure:test: ---------------------------------------------
infrastructure:test:  ok 13 - reviewed upgrade commits atomically
infrastructure:test: (1 row)
infrastructure:test: 
infrastructure:test:                           is                          
infrastructure:test: ------------------------------------------------------
infrastructure:test:  ok 14 - selection changes only after reviewed commit
infrastructure:test: (1 row)
infrastructure:test: 
infrastructure:test:                    ok                   
infrastructure:test: ----------------------------------------
infrastructure:test:  ok 15 - old mapping remains historical
infrastructure:test: (1 row)
infrastructure:test: 
infrastructure:test:               ok               
infrastructure:test: -------------------------------
infrastructure:test:  ok 16 - new mapping is active
infrastructure:test: (1 row)
infrastructure:test: 
infrastructure:test:                                  ok                                 
infrastructure:test: --------------------------------------------------------------------
infrastructure:test:  ok 17 - product scope is copied without duplicating evidence bytes
infrastructure:test: (1 row)
infrastructure:test: 
infrastructure:test:                         is                         
infrastructure:test: ---------------------------------------------------
infrastructure:test:  ok 18 - crosswalk read preserves partial strength
infrastructure:test: (1 row)
infrastructure:test: 
infrastructure:test:                          is                          
infrastructure:test: -----------------------------------------------------
infrastructure:test:  ok 19 - evidence reuse rejects an unrelated version
infrastructure:test: (1 row)
infrastructure:test: 
infrastructure:test:                      is                      
infrastructure:test: ---------------------------------------------
infrastructure:test:  ok 20 - commit retry replays durable result
infrastructure:test: (1 row)
infrastructure:test: 
infrastructure:test:                         ok                         
infrastructure:test: ---------------------------------------------------
infrastructure:test:  ok 21 - idempotent retry does not duplicate audit
infrastructure:test: (1 row)
infrastructure:test: 
infrastructure:test: SELECT 1
infrastructure:test:                       is                      
infrastructure:test: ----------------------------------------------
infrastructure:test:  ok 22 - reverse upgrade decision is recorded
infrastructure:test: (1 row)
infrastructure:test: 
infrastructure:test: UPDATE 1
infrastructure:test:                                is                               
infrastructure:test: ----------------------------------------------------------------
infrastructure:test:  ok 23 - concurrent control edit invalidates review fingerprint
infrastructure:test: (1 row)
infrastructure:test: 
infrastructure:test:                                 is                                
infrastructure:test: ------------------------------------------------------------------
infrastructure:test:  ok 24 - conflicted reverse upgrade leaves current version usable
infrastructure:test: (1 row)
infrastructure:test: 
infrastructure:test:  finish 
infrastructure:test: --------
infrastructure:test: (0 rows)
infrastructure:test: 
infrastructure:test: ROLLBACK
infrastructure:test: Running tests/m10-05-custom-packs.test.sql
infrastructure:test: BEGIN
infrastructure:test: CREATE EXTENSION
infrastructure:test:  plan  
infrastructure:test: -------
infrastructure:test:  1..57
infrastructure:test: (1 row)
infrastructure:test: 
infrastructure:test:                 ok                
infrastructure:test: ----------------------------------
infrastructure:test:  ok 1 - tenant draft table exists
infrastructure:test: (1 row)
infrastructure:test: 
infrastructure:test:                      ok                     
infrastructure:test: --------------------------------------------
infrastructure:test:  ok 2 - immutable pack versions carry owner
infrastructure:test: (1 row)
infrastructure:test: 
infrastructure:test:                     ok                     
infrastructure:test: -------------------------------------------
infrastructure:test:  ok 3 - immutable requirements carry owner
infrastructure:test: (1 row)
infrastructure:test: 
infrastructure:test:                 ok                
infrastructure:test: ----------------------------------
infrastructure:test:  ok 4 - scoped command RPC exists
infrastructure:test: (1 row)
infrastructure:test: 
infrastructure:test:               ok               
infrastructure:test: -------------------------------
infrastructure:test:  ok 5 - scoped page RPC exists
infrastructure:test: (1 row)
infrastructure:test: 
infrastructure:test:                ok                
infrastructure:test: ---------------------------------
infrastructure:test:  ok 6 - scoped detail RPC exists
infrastructure:test: (1 row)
infrastructure:test: 
infrastructure:test:                    ok                   
infrastructure:test: ----------------------------------------
infrastructure:test:  ok 7 - draft RLS enabled without force
infrastructure:test: (1 row)
infrastructure:test: 
infrastructure:test:                         ok                        
infrastructure:test: --------------------------------------------------
infrastructure:test:  ok 8 - service role cannot bypass scoped command
infrastructure:test: (1 row)
infrastructure:test: 
infrastructure:test:                        ok                       
infrastructure:test: ------------------------------------------------
infrastructure:test:  ok 9 - service role may execute scoped command
infrastructure:test: (1 row)
infrastructure:test: 
infrastructure:test:                       ok                      
infrastructure:test: ----------------------------------------------
infrastructure:test:  ok 10 - drafts are included in tenant export
infrastructure:test: (1 row)
infrastructure:test: 
infrastructure:test:                                   ok                                   
infrastructure:test: -----------------------------------------------------------------------
infrastructure:test:  ok 11 - tenant-owned immutable versions are included in tenant export
infrastructure:test: (1 row)
infrastructure:test: 
infrastructure:test: SELECT 1
infrastructure:test: CREATE FUNCTION
infrastructure:test:                       ok                      
infrastructure:test: ----------------------------------------------
infrastructure:test:  ok 12 - scoped dry-run validation RPC exists
infrastructure:test: (1 row)
infrastructure:test: 
infrastructure:test:                        ok                        
infrastructure:test: -------------------------------------------------
infrastructure:test:  ok 13 - service role may call scoped validation
infrastructure:test: (1 row)
infrastructure:test: 
infrastructure:test: SELECT 1
infrastructure:test:                           is                          
infrastructure:test: ------------------------------------------------------
infrastructure:test:  ok 14 - dry-run accepts a valid document through SQL
infrastructure:test: (1 row)
infrastructure:test: 
infrastructure:test:                             is                             
infrastructure:test: -----------------------------------------------------------
infrastructure:test:  ok 15 - dry-run rejects content disallowed by publication
infrastructure:test: (1 row)
infrastructure:test: 
infrastructure:test:                           is                           
infrastructure:test: -------------------------------------------------------
infrastructure:test:  ok 16 - SQL dry-run identifies invalid metadata field
infrastructure:test: (1 row)
infrastructure:test: 
infrastructure:test:                            is                           
infrastructure:test: --------------------------------------------------------
infrastructure:test:  ok 17 - SQL dry-run identifies invalid hierarchy field
infrastructure:test: (1 row)
infrastructure:test: 
infrastructure:test:                        is                        
infrastructure:test: -------------------------------------------------
infrastructure:test:  ok 18 - SQL dry-run identifies invalid position
infrastructure:test: (1 row)
infrastructure:test: 
infrastructure:test:                         is                        
infrastructure:test: --------------------------------------------------
infrastructure:test:  ok 19 - SQL dry-run identifies duplicate key row
infrastructure:test: (1 row)
infrastructure:test: 
infrastructure:test:                       is                      
infrastructure:test: ----------------------------------------------
infrastructure:test:  ok 20 - dry-run requires an authorized actor
infrastructure:test: (1 row)
infrastructure:test: 
infrastructure:test:                            ok                           
infrastructure:test: --------------------------------------------------------
infrastructure:test:  ok 21 - dry-run leaves no pack, draft, or audit writes
infrastructure:test: (1 row)
infrastructure:test: 
infrastructure:test: SELECT 1
infrastructure:test:                  is                 
infrastructure:test: ------------------------------------
infrastructure:test:  ok 22 - tenant creates valid draft
infrastructure:test: (1 row)
infrastructure:test: 
infrastructure:test:                       is                       
infrastructure:test: -----------------------------------------------
infrastructure:test:  ok 23 - duplicate retry returns stored result
infrastructure:test: (1 row)
infrastructure:test: 
infrastructure:test:                              is                             
infrastructure:test: ------------------------------------------------------------
infrastructure:test:  ok 24 - new request key deduplicates exact tenant document
infrastructure:test: (1 row)
infrastructure:test: 
infrastructure:test:                             is                            
infrastructure:test: ----------------------------------------------------------
infrastructure:test:  ok 25 - duplicate import does not allocate another draft
infrastructure:test: (1 row)
infrastructure:test: 
infrastructure:test:                   is                  
infrastructure:test: --------------------------------------
infrastructure:test:  ok 26 - draft publishes immutable v1
infrastructure:test: (1 row)
infrastructure:test: 
infrastructure:test:                             ok                             
infrastructure:test: -----------------------------------------------------------
infrastructure:test:  ok 27 - published content has owner and no fabricated URL
infrastructure:test: (1 row)
infrastructure:test: 
infrastructure:test:                     is                    
infrastructure:test: ------------------------------------------
infrastructure:test:  ok 28 - stale draft revision is rejected
infrastructure:test: (1 row)
infrastructure:test: 
infrastructure:test:                      is                     
infrastructure:test: --------------------------------------------
infrastructure:test:  ok 29 - draft can change after publication
infrastructure:test: (1 row)
infrastructure:test: 
infrastructure:test:                    is                    
infrastructure:test: -----------------------------------------
infrastructure:test:  ok 30 - revision publishes immutable v2
infrastructure:test: (1 row)
infrastructure:test: 
infrastructure:test:                         ok                        
infrastructure:test: --------------------------------------------------
infrastructure:test:  ok 31 - prior published version remains readable
infrastructure:test: (1 row)
infrastructure:test: 
infrastructure:test:                           is                           
infrastructure:test: -------------------------------------------------------
infrastructure:test:  ok 32 - published custom v1 can be initially selected
infrastructure:test: (1 row)
infrastructure:test: 
infrastructure:test: SELECT 1
infrastructure:test:                       ok                       
infrastructure:test: -----------------------------------------------
infrastructure:test:  ok 33 - review may be prepared before archive
infrastructure:test: (1 row)
infrastructure:test: 
infrastructure:test:                        is                       
infrastructure:test: ------------------------------------------------
infrastructure:test:  ok 34 - draft archive keeps immutable versions
infrastructure:test: (1 row)
infrastructure:test: 
infrastructure:test:                          is                          
infrastructure:test: -----------------------------------------------------
infrastructure:test:  ok 35 - archived custom pack blocks upgrade preview
infrastructure:test: (1 row)
infrastructure:test: 
infrastructure:test:                            is                            
infrastructure:test: ---------------------------------------------------------
infrastructure:test:  ok 36 - commit rechecks archive after an earlier review
infrastructure:test: (1 row)
infrastructure:test: 
infrastructure:test:                         is                        
infrastructure:test: --------------------------------------------------
infrastructure:test:  ok 37 - archived selected version may be toggled
infrastructure:test: (1 row)
infrastructure:test: 
infrastructure:test:                             is                             
infrastructure:test: -----------------------------------------------------------
infrastructure:test:  ok 38 - archived pack blocks a different selected version
infrastructure:test: (1 row)
infrastructure:test: 
infrastructure:test: SELECT 1
infrastructure:test:                          is                          
infrastructure:test: -----------------------------------------------------
infrastructure:test:  ok 39 - second custom pack publishes before archive
infrastructure:test: (1 row)
infrastructure:test: 
infrastructure:test:                    is                    
infrastructure:test: -----------------------------------------
infrastructure:test:  ok 40 - unselected pack may be archived
infrastructure:test: (1 row)
infrastructure:test: 
infrastructure:test:                          is                          
infrastructure:test: -----------------------------------------------------
infrastructure:test:  ok 41 - archived custom pack blocks first selection
infrastructure:test: (1 row)
infrastructure:test: 
infrastructure:test: SELECT 1
infrastructure:test:                          ok                          
infrastructure:test: -----------------------------------------------------
infrastructure:test:  ok 42 - rollback fixture starts as a distinct draft
infrastructure:test: (1 row)
infrastructure:test: 
infrastructure:test: CREATE FUNCTION
infrastructure:test: CREATE TRIGGER
infrastructure:test:                     throws_ok                    
infrastructure:test: -------------------------------------------------
infrastructure:test:  ok 43 - audit failure aborts custom publication
infrastructure:test: (1 row)
infrastructure:test: 
infrastructure:test: DROP TRIGGER
infrastructure:test:                            ok                           
infrastructure:test: --------------------------------------------------------
infrastructure:test:  ok 44 - failed publication leaves no immutable version
infrastructure:test: (1 row)
infrastructure:test: 
infrastructure:test:                                ok                               
infrastructure:test: ----------------------------------------------------------------
infrastructure:test:  ok 45 - failed publication preserves draft revision and status
infrastructure:test: (1 row)
infrastructure:test: 
infrastructure:test:                        throws_ok                        
infrastructure:test: --------------------------------------------------------
infrastructure:test:  ok 46 - published custom version rejects direct update
infrastructure:test: (1 row)
infrastructure:test: 
infrastructure:test:                        throws_ok                        
infrastructure:test: --------------------------------------------------------
infrastructure:test:  ok 47 - published custom version rejects direct delete
infrastructure:test: (1 row)
infrastructure:test: 
infrastructure:test:                          throws_ok                          
infrastructure:test: ------------------------------------------------------------
infrastructure:test:  ok 48 - published custom requirement rejects direct update
infrastructure:test: (1 row)
infrastructure:test: 
infrastructure:test:                          throws_ok                          
infrastructure:test: ------------------------------------------------------------
infrastructure:test:  ok 49 - published custom requirement rejects direct delete
infrastructure:test: (1 row)
infrastructure:test: 
infrastructure:test:                      ok                     
infrastructure:test: --------------------------------------------
infrastructure:test:  ok 50 - owner can reference published pack
infrastructure:test: (1 row)
infrastructure:test: 
infrastructure:test:                          ok                          
infrastructure:test: -----------------------------------------------------
infrastructure:test:  ok 51 - peer tenant cannot reference published pack
infrastructure:test: (1 row)
infrastructure:test: 
infrastructure:test:                                       throws_ok                                       
infrastructure:test: --------------------------------------------------------------------------------------
infrastructure:test:  ok 52 - organization-scoped applicability rejects a peer-owned pack before FK checks
infrastructure:test: (1 row)
infrastructure:test: 
infrastructure:test: SELECT 1
infrastructure:test: INSERT 0 1
infrastructure:test: INSERT 0 1
infrastructure:test: SELECT 1
infrastructure:test:                                     is                                    
infrastructure:test: --------------------------------------------------------------------------
infrastructure:test:  ok 53 - same portable JSON creates a private draft in a different tenant
infrastructure:test: (1 row)
infrastructure:test: 
infrastructure:test:                                 ok                                
infrastructure:test: ------------------------------------------------------------------
infrastructure:test:  ok 54 - portable import receives a new server-generated pack key
infrastructure:test: (1 row)
infrastructure:test: 
infrastructure:test:                                     ok                                    
infrastructure:test: --------------------------------------------------------------------------
infrastructure:test:  ok 55 - portable draft is owned by destination tenant with exact content
infrastructure:test: (1 row)
infrastructure:test: 
infrastructure:test:                                      ok                                      
infrastructure:test: -----------------------------------------------------------------------------
infrastructure:test:  ok 56 - portable draft does not copy published versions or control mappings
infrastructure:test: (1 row)
infrastructure:test: 
infrastructure:test:  m10_import_framework_pack 
infrastructure:test: ---------------------------
infrastructure:test:  imported
infrastructure:test: (1 row)
infrastructure:test: 
infrastructure:test: INSERT 0 1
infrastructure:test: DO
infrastructure:test:                                 ok                                 
infrastructure:test: -------------------------------------------------------------------
infrastructure:test:  ok 57 - audit archival protection retains owned immutable content
infrastructure:test: (1 row)
infrastructure:test: 
infrastructure:test:  finish 
infrastructure:test: --------
infrastructure:test: (0 rows)
infrastructure:test: 
infrastructure:test: ROLLBACK
infrastructure:test: Running tests/m11-01-catalogue-vault.test.sql
infrastructure:test: BEGIN
infrastructure:test: CREATE FUNCTION
infrastructure:test: psql:<stdin>:6: NOTICE:  ok durable connector command ledger exists
infrastructure:test:  check 
infrastructure:test: -------
infrastructure:test:  
infrastructure:test: (1 row)
infrastructure:test: 
infrastructure:test:  check 
infrastructure:test: -------
infrastructure:test:  
infrastructure:test: (1 row)
infrastructure:test: 
infrastructure:test: psql:<stdin>:10: NOTICE:  ok command ledger is service-only, RLS enabled, not forced
infrastructure:test:  check 
infrastructure:test: -------
infrastructure:test:  
infrastructure:test: (1 row)
infrastructure:test: 
infrastructure:test: psql:<stdin>:13: NOTICE:  ok vault envelope table remains unreadable to browser roles
infrastructure:test: psql:<stdin>:15: NOTICE:  ok credential and command tables never enter tenant exports
infrastructure:test:  check 
infrastructure:test: -------
infrastructure:test:  
infrastructure:test: (1 row)
infrastructure:test: 
infrastructure:test: psql:<stdin>:21: NOTICE:  ok M11 RPCs are service-only with pinned search paths
infrastructure:test:  check 
infrastructure:test: -------
infrastructure:test:  
infrastructure:test: (1 row)
infrastructure:test: 
infrastructure:test: psql:<stdin>:33: NOTICE:  ok verified zero-legacy cutover retires read and write grants
infrastructure:test: DO
infrastructure:test: psql:<stdin>:173: NOTICE:  ok create locks verified epoch
infrastructure:test: psql:<stdin>:173: NOTICE:  ok stale authorization rejects create
infrastructure:test: psql:<stdin>:173: NOTICE:  ok missing epoch fails closed
infrastructure:test: psql:<stdin>:173: NOTICE:  ok malformed scope array fails safely
infrastructure:test: psql:<stdin>:173: NOTICE:  ok inconsistent compliant scope verdict fails closed
infrastructure:test: psql:<stdin>:173: NOTICE:  ok excess verdict cannot hide missing required scopes
infrastructure:test: psql:<stdin>:173: NOTICE:  ok credential commands remain owner-only
infrastructure:test: psql:<stdin>:173: NOTICE:  ok cross tenant connector substitution is not found
api:test: PASS src/vulnerability-finding-review-notification-worker.spec.ts
infrastructure:test: psql:<stdin>:173: NOTICE:  ok AES ciphertext replaces credential
infrastructure:test: psql:<stdin>:173: NOTICE:  ok replacement increments connection revision exactly once
infrastructure:test: psql:<stdin>:173: NOTICE:  ok identical retry replays without new credential
infrastructure:test: psql:<stdin>:173: NOTICE:  ok changed idempotent request conflicts
infrastructure:test: psql:<stdin>:173: NOTICE:  ok stale configuration version conflicts
infrastructure:test: psql:<stdin>:173: NOTICE:  ok command and audit never contain ciphertext
infrastructure:test: psql:<stdin>:173: NOTICE:  ok credential reference enforces tenant and connector
infrastructure:test: psql:<stdin>:173: NOTICE:  ok test reserves durable running command
infrastructure:test: psql:<stdin>:173: NOTICE:  ok only one test can run per connector
infrastructure:test: psql:<stdin>:173: NOTICE:  ok provider payload cannot enter result ledger
infrastructure:test: psql:<stdin>:173: NOTICE:  ok successful test atomically binds health to connection revision
infrastructure:test: psql:<stdin>:173: NOTICE:  ok duplicate finalized test replays
infrastructure:test: psql:<stdin>:173: NOTICE:  ok disconnect invalidates running test and current health
infrastructure:test: psql:<stdin>:173: NOTICE:  ok late test cannot resurrect disconnected health
infrastructure:test: psql:<stdin>:173: NOTICE:  ok completed retry returns its recorded successful connector projection
infrastructure:test: psql:<stdin>:173: NOTICE:  ok completed test reservation replay preserves original connector response
infrastructure:test: psql:<stdin>:173: NOTICE:  ok completed test replay survives elapsed deadline without overwriting current health
infrastructure:test: psql:<stdin>:173: NOTICE:  ok disconnected connection allows a safe reconnect preflight
infrastructure:test: psql:<stdin>:173: NOTICE:  ok preflight records fresh health without enabling connection
infrastructure:test: psql:<stdin>:173: NOTICE:  ok reconnect carries the validated preflight into the enabled revision
infrastructure:test: psql:<stdin>:173: NOTICE:  ok restart/timeout abandons test safely
infrastructure:test: psql:<stdin>:173: NOTICE:  ok rotation compares old envelope identity
infrastructure:test: psql:<stdin>:173: NOTICE:  ok rotation changes key without connection revision
infrastructure:test: psql:<stdin>:173: NOTICE:  ok retirement readiness retains old fingerprint keys after ciphertext rotation
infrastructure:test: psql:<stdin>:173: NOTICE:  ok maintenance list is scoped and canonical base64
infrastructure:test: psql:<stdin>:173: NOTICE:  ok sync run starts with recorded revisions
infrastructure:test: psql:<stdin>:173: NOTICE:  ok claimed internal run exposes original actor and revision basis
infrastructure:test: psql:<stdin>:173: NOTICE:  ok valid dry-run plan remains reviewable
infrastructure:test: psql:<stdin>:173: NOTICE:  ok approval records the actual approving actor
infrastructure:test: psql:<stdin>:173: NOTICE:  ok commit claim preserves approving actor
infrastructure:test: psql:<stdin>:173: NOTICE:  ok initiator deactivation after approval blocks an otherwise active approver
infrastructure:test: psql:<stdin>:173: NOTICE:  ok worker cannot substitute owner for approving actor
infrastructure:test: psql:<stdin>:173: NOTICE:  ok recorded approver can commit valid plan
infrastructure:test: psql:<stdin>:173: NOTICE:  ok required actions include records beyond first page
infrastructure:test: psql:<stdin>:173: NOTICE:  ok permission changes invalidate queued work
infrastructure:test: psql:<stdin>:173: NOTICE:  ok revoke clears ref and disables future work
infrastructure:test: psql:<stdin>:173: NOTICE:  ok freeform reason canary never enters durable audit
infrastructure:test: psql:<stdin>:173: NOTICE:  ok legacy retirement refuses to orphan any configured credential
infrastructure:test: psql:<stdin>:173: NOTICE:  ok key readiness exposes legacy dependencies without exposing envelopes
infrastructure:test: DO
infrastructure:test: ROLLBACK
infrastructure:test: Running tests/m11-02-atomic-commit.test.sql
infrastructure:test: BEGIN
infrastructure:test: CREATE FUNCTION
infrastructure:test: psql:<stdin>:79: NOTICE:  ok tenant substitution cannot persist a plan
infrastructure:test: psql:<stdin>:79: NOTICE:  ok duplicate source identity rejected before any persistence
infrastructure:test: psql:<stdin>:79: NOTICE:  ok valid plan waits for approval
infrastructure:test: psql:<stdin>:79: NOTICE:  ok approval records current approver
infrastructure:test: psql:<stdin>:79: NOTICE:  ok invalid commit is terminal without blanket retry
infrastructure:test: psql:<stdin>:79: NOTICE:  ok valid earlier product mutation rolled back
infrastructure:test: psql:<stdin>:79: NOTICE:  ok domain audit rolled back atomically
infrastructure:test: psql:<stdin>:79: NOTICE:  ok no applied marker survives rollback
infrastructure:test: psql:<stdin>:79: NOTICE:  ok cursor remains pinned at failed batch
infrastructure:test: psql:<stdin>:79: NOTICE:  ok failed record distinguished from withheld valid record
infrastructure:test: psql:<stdin>:79: NOTICE:  ok commit attempt safely closes with failed record identity
infrastructure:test: psql:<stdin>:79: NOTICE:  ok legacy empty retry cannot bypass preview
infrastructure:test: psql:<stdin>:79: NOTICE:  ok full reconciliation compares database cursor baseline
infrastructure:test: psql:<stdin>:79: NOTICE:  ok stale baseline never auto retries
infrastructure:test: DO
infrastructure:test: ROLLBACK
infrastructure:test: Running tests/m11-02-sync-history.test.sql
infrastructure:test: BEGIN
infrastructure:test: CREATE FUNCTION
infrastructure:test: psql:<stdin>:6: NOTICE:  ok M11-02 durable attempt history exists
infrastructure:test:  check 
infrastructure:test: -------
infrastructure:test:  
infrastructure:test: (1 row)
infrastructure:test: 
infrastructure:test: psql:<stdin>:10: NOTICE:  ok attempt history has non-forced RLS and no browser access
infrastructure:test:  check 
infrastructure:test: -------
infrastructure:test:  
infrastructure:test: (1 row)
infrastructure:test: 
infrastructure:test: psql:<stdin>:14: NOTICE:  ok M11-02 RPCs use pinned paths and deny browsers
infrastructure:test:  check 
infrastructure:test: -------
infrastructure:test:  
infrastructure:test: (1 row)
infrastructure:test: 
infrastructure:test: psql:<stdin>:115: NOTICE:  ok claim records generation and starts attempt
infrastructure:test: psql:<stdin>:115: NOTICE:  ok stale generation cannot fail active run
infrastructure:test: psql:<stdin>:115: NOTICE:  ok expired lease recovered with new generation
infrastructure:test: psql:<stdin>:115: NOTICE:  ok abandoned attempt closed interrupted
infrastructure:test: psql:<stdin>:115: NOTICE:  ok late worker cannot overwrite recovered work
infrastructure:test: psql:<stdin>:115: NOTICE:  ok expired old generation cannot renew
infrastructure:test: psql:<stdin>:115: NOTICE:  ok active generation may renew
infrastructure:test: psql:<stdin>:115: NOTICE:  ok invalid authentication never retries
infrastructure:test: psql:<stdin>:115: NOTICE:  ok terminal run has an end timestamp
infrastructure:test: psql:<stdin>:115: NOTICE:  ok attempt identity immutable
infrastructure:test: psql:<stdin>:115: NOTICE:  ok failed unresolved batch blocks ordinary new sync
infrastructure:test: psql:<stdin>:115: NOTICE:  ok protected target mapping rejected
infrastructure:test: psql:<stdin>:115: NOTICE:  ok mapping revision independent from connection revision
infrastructure:test: psql:<stdin>:115: NOTICE:  ok mapping command replay durable
infrastructure:test: psql:<stdin>:115: NOTICE:  ok missing retained schema requires explicit refetch
infrastructure:test: psql:<stdin>:115: NOTICE:  ok explicit rebase refetch preview binds current mapping
infrastructure:test: psql:<stdin>:115: NOTICE:  ok changed preview digest conflicts
infrastructure:test: psql:<stdin>:115: NOTICE:  ok replay creates child and preserves failed parent
infrastructure:test: psql:<stdin>:115: NOTICE:  ok replay idempotency does not duplicate child
infrastructure:test: psql:<stdin>:115: NOTICE:  ok Retry-After never retried early
infrastructure:test: psql:<stdin>:115: NOTICE:  ok attempt error category is fixed
infrastructure:test: psql:<stdin>:115: NOTICE:  ok replay source never enters export
infrastructure:test: psql:<stdin>:115: NOTICE:  ok attempts registered for tenant export
infrastructure:test: psql:<stdin>:115: NOTICE:  ok poison record terminalizes whole batch without skipping failure
infrastructure:test: psql:<stdin>:115: NOTICE:  ok poison batch leaves cursor unchanged
infrastructure:test: psql:<stdin>:115: NOTICE:  ok poison row is a safe visible dead letter
infrastructure:test: psql:<stdin>:115: NOTICE:  ok attempt retains offending record identity
infrastructure:test: psql:<stdin>:115: NOTICE:  ok retained replay requires preview and preserves pinned map
infrastructure:test: psql:<stdin>:115: NOTICE:  ok cursor drift blocks retained replay
infrastructure:test: psql:<stdin>:115: NOTICE:  ok cursor drift requires explicitly refetched reconciliation
infrastructure:test: psql:<stdin>:115: NOTICE:  ok drift recovery is full and fresh manual dry run
infrastructure:test: psql:<stdin>:115: NOTICE:  ok replay batch root is flat across generations
infrastructure:test: psql:<stdin>:115: NOTICE:  ok audit archival protection retains replay lineage and attempts
infrastructure:test: DO
infrastructure:test: ROLLBACK
infrastructure:test: Running tests/m11-03-tenant-fairness.test.sql
infrastructure:test: BEGIN
infrastructure:test: CREATE FUNCTION
api:test: PASS src/supplier-evidence-reminder-worker.spec.ts
infrastructure:test: psql:<stdin>:27: NOTICE:  ok Fifty unserved tenants precede older served backlog
infrastructure:test: psql:<stdin>:27: NOTICE:  ok Served backlog remains eligible after unserved tenants
infrastructure:test: DO
infrastructure:test: ROLLBACK
infrastructure:test: Running tests/m11-03-webhooks.test.sql
infrastructure:test: BEGIN
infrastructure:test: CREATE FUNCTION
infrastructure:test:  check 
infrastructure:test: -------
infrastructure:test:  
infrastructure:test: (1 row)
infrastructure:test: 
infrastructure:test: psql:<stdin>:5: NOTICE:  ok Endpoint catalogue exists
infrastructure:test:  check 
infrastructure:test: -------
infrastructure:test:  
infrastructure:test: (1 row)
infrastructure:test: 
infrastructure:test: psql:<stdin>:6: NOTICE:  ok Four focused durable tables
infrastructure:test: psql:<stdin>:7: NOTICE:  ok Browser cannot read envelopes
infrastructure:test:  check 
infrastructure:test: -------
infrastructure:test:  
infrastructure:test: (1 row)
infrastructure:test: 
infrastructure:test: psql:<stdin>:8: NOTICE:  ok Claims service-only
infrastructure:test:  check 
infrastructure:test: -------
infrastructure:test:  
infrastructure:test: (1 row)
infrastructure:test: 
infrastructure:test: psql:<stdin>:9: NOTICE:  ok Non-forced RLS
infrastructure:test:  check 
infrastructure:test: -------
infrastructure:test:  
infrastructure:test: (1 row)
infrastructure:test: 
infrastructure:test: psql:<stdin>:10: NOTICE:  ok Every webhook helper denies browser execute
infrastructure:test:  check 
infrastructure:test: -------
infrastructure:test:  
infrastructure:test: (1 row)
infrastructure:test: 
infrastructure:test:  check 
infrastructure:test: -------
infrastructure:test:  
infrastructure:test: (1 row)
infrastructure:test: 
infrastructure:test: psql:<stdin>:11: NOTICE:  ok Service role cannot bypass atomic writes
infrastructure:test: psql:<stdin>:12: NOTICE:  ok Pinned search paths
infrastructure:test:  check 
infrastructure:test: -------
infrastructure:test:  
infrastructure:test: (1 row)
infrastructure:test: 
infrastructure:test: psql:<stdin>:13: NOTICE:  ok Public metadata credential canary guard
infrastructure:test:  check 
infrastructure:test: -------
infrastructure:test:  
infrastructure:test: (1 row)
infrastructure:test: 
infrastructure:test: psql:<stdin>:14: NOTICE:  ok SQL accepts canonical percent-encoded and tilde paths
infrastructure:test:  check 
infrastructure:test: -------
infrastructure:test:  
infrastructure:test: (1 row)
infrastructure:test: 
infrastructure:test:  check 
infrastructure:test: -------
infrastructure:test:  
infrastructure:test: (1 row)
infrastructure:test: 
infrastructure:test: psql:<stdin>:15: NOTICE:  ok SQL query and fragment remain rejected
infrastructure:test:  check 
infrastructure:test: -------
infrastructure:test:  
infrastructure:test: (1 row)
infrastructure:test: 
infrastructure:test: psql:<stdin>:16: NOTICE:  ok SQL blocks private/ambiguous literal destinations
infrastructure:test: psql:<stdin>:17: NOTICE:  ok Base uniqueness permits child replay
infrastructure:test:  check 
infrastructure:test: -------
infrastructure:test:  
infrastructure:test: (1 row)
infrastructure:test: 
infrastructure:test: psql:<stdin>:176: NOTICE:  ok Foreign product configuration rejected without effects
infrastructure:test: psql:<stdin>:176: NOTICE:  ok Create durable command and disabled endpoint
infrastructure:test: psql:<stdin>:176: NOTICE:  ok Create retry stable endpoint identity
infrastructure:test: psql:<stdin>:176: NOTICE:  ok Changed idempotency payload conflicts
infrastructure:test: psql:<stdin>:176: NOTICE:  ok Enable increments optimistic version
infrastructure:test: psql:<stdin>:176: NOTICE:  ok Four actual product source inserts captured atomically
infrastructure:test: psql:<stdin>:176: NOTICE:  ok Raw source canary absent
infrastructure:test: psql:<stdin>:176: NOTICE:  ok All fifteen backed source events captured
infrastructure:test: psql:<stdin>:176: NOTICE:  ok Claim opens one durable attempt
infrastructure:test: psql:<stdin>:176: NOTICE:  ok Late generation cannot finish
infrastructure:test: psql:<stdin>:176: NOTICE:  ok Before-send authorizes and pins exact bytes
infrastructure:test: psql:<stdin>:176: NOTICE:  ok Forged tenant envelope rejected
infrastructure:test: psql:<stdin>:176: NOTICE:  ok Retry bytes cannot change
infrastructure:test: psql:<stdin>:176: NOTICE:  ok Retry After obeyed and provider code discarded
infrastructure:test: psql:<stdin>:176: NOTICE:  ok Closed attempt immutable
infrastructure:test: psql:<stdin>:176: NOTICE:  ok Expired lease rescheduled with jitter
infrastructure:test: psql:<stdin>:176: NOTICE:  ok Expired lease recovered fenced
infrastructure:test: psql:<stdin>:176: NOTICE:  ok Abandoned attempt interrupted
infrastructure:test: psql:<stdin>:176: NOTICE:  ok Authentication rejection terminal
infrastructure:test: psql:<stdin>:176: NOTICE:  ok Server-computed reviewed replay available
infrastructure:test: psql:<stdin>:176: NOTICE:  ok Replay child preserves event parent
infrastructure:test: psql:<stdin>:176: NOTICE:  ok Duplicate active replay rejected
infrastructure:test: psql:<stdin>:176: NOTICE:  ok Grandchild reviewed replay created
infrastructure:test: psql:<stdin>:176: NOTICE:  ok Active replay uniqueness spans entire event lineage
infrastructure:test: psql:<stdin>:176: NOTICE:  ok Stale endpoint version cannot disable
infrastructure:test: psql:<stdin>:176: NOTICE:  ok Forged source tenant does not resolve
infrastructure:test: psql:<stdin>:176: NOTICE:  ok Signing rotation retains recovery overlap
infrastructure:test: psql:<stdin>:176: NOTICE:  ok Claimed previous signer works during approved overlap
infrastructure:test: psql:<stdin>:176: NOTICE:  ok Old signer ack preserved without marking current key healthy
infrastructure:test: psql:<stdin>:176: NOTICE:  ok Overlapping rotation rejected without state change
infrastructure:test: psql:<stdin>:176: NOTICE:  ok Previous key maintenance preserves semantic versions
infrastructure:test: psql:<stdin>:176: NOTICE:  ok Interrupted maintenance CAS conflict
infrastructure:test: psql:<stdin>:176: NOTICE:  ok Malformed rewrap envelope returns safe outcome
infrastructure:test: psql:<stdin>:176: NOTICE:  ok Recovery key references cover both slots and commands
infrastructure:test: psql:<stdin>:176: NOTICE:  ok Rotation fences stale signer revision
infrastructure:test: psql:<stdin>:176: NOTICE:  ok Huge valid Retry After finishes without overflow
infrastructure:test: psql:<stdin>:176: NOTICE:  ok Unknown sync scope withheld
infrastructure:test: psql:<stdin>:176: NOTICE:  ok URL replacement atomically cancels old receiver work
infrastructure:test: psql:<stdin>:176: NOTICE:  ok Changed receiver requires fresh preview
infrastructure:test: psql:<stdin>:176: NOTICE:  ok Changed receiver replay blocked without explicit confirmation
infrastructure:test: psql:<stdin>:176: NOTICE:  ok Confirmed replay has fresh projection, no historical body copy
infrastructure:test: psql:<stdin>:176: NOTICE:  ok Disable cancels all pending and leased work
infrastructure:test: psql:<stdin>:176: NOTICE:  ok Export redacts payload
infrastructure:test: psql:<stdin>:176: NOTICE:  ok Export redacts key slots
infrastructure:test: psql:<stdin>:176: NOTICE:  ok Zero overlap rejects old claimed signer
infrastructure:test: psql:<stdin>:176: NOTICE:  ok Elapsed deadline closes abandoned attempt without fresh claim
infrastructure:test: psql:<stdin>:176: NOTICE:  ok Permission epoch revocation checked before idempotent replay
infrastructure:test: psql:<stdin>:176: NOTICE:  ok No source raw canary in command audit
infrastructure:test: DO
infrastructure:test: ROLLBACK
infrastructure:test: Running tests/m11-04-ci-sbom-gates.test.sql
infrastructure:test: BEGIN
infrastructure:test: CREATE FUNCTION
infrastructure:test: psql:<stdin>:14: NOTICE:  ok CI tables are non-forced RLS and browser-private
infrastructure:test:  check 
infrastructure:test: -------
infrastructure:test:  
infrastructure:test: (1 row)
infrastructure:test: 
infrastructure:test: psql:<stdin>:19: NOTICE:  ok CI writes use RPCs, not service-role table mutations
infrastructure:test:  check 
infrastructure:test: -------
infrastructure:test:  
infrastructure:test: (1 row)
infrastructure:test: 
infrastructure:test: psql:<stdin>:23: NOTICE:  ok CI functions pin search_path
infrastructure:test:  check 
infrastructure:test: -------
infrastructure:test:  
infrastructure:test: (1 row)
infrastructure:test: 
infrastructure:test:  check 
infrastructure:test: -------
infrastructure:test:  
infrastructure:test: (1 row)
infrastructure:test: 
infrastructure:test: psql:<stdin>:25: NOTICE:  ok Unguarded binding RPC overload is unavailable
infrastructure:test: psql:<stdin>:194: NOTICE:  ok Seeded owner and release available
infrastructure:test: psql:<stdin>:194: NOTICE:  ok GitHub App connector created
infrastructure:test: psql:<stdin>:194: NOTICE:  ok Connector create retry retains M2 idempotency
infrastructure:test: psql:<stdin>:194: NOTICE:  ok Stale verified connector revision cannot bind release
infrastructure:test: psql:<stdin>:194: NOTICE:  ok Owner binding pins connector and release
infrastructure:test: psql:<stdin>:194: NOTICE:  ok Binding command retry preserves original result
infrastructure:test: psql:<stdin>:194: NOTICE:  ok Changed binding digest conflicts
infrastructure:test: psql:<stdin>:194: NOTICE:  ok Signed inbound delivery identity recorded without payload
infrastructure:test: psql:<stdin>:194: NOTICE:  ok Inbound retry replays
infrastructure:test: psql:<stdin>:194: NOTICE:  ok Inbound delivery ID cannot change body
infrastructure:test: psql:<stdin>:194: NOTICE:  ok Owner sees conflict before active installation change
infrastructure:test: psql:<stdin>:194: NOTICE:  ok CI connector cannot invoke reference test
infrastructure:test: psql:<stdin>:194: NOTICE:  ok CI connector cannot invoke product sync
infrastructure:test: psql:<stdin>:194: NOTICE:  ok Verified run on a different ref cannot target release
infrastructure:test: psql:<stdin>:194: NOTICE:  ok Active binding fences installation reassignment
infrastructure:test: psql:<stdin>:194: NOTICE:  ok M3 reservation and build run correlate atomically
infrastructure:test: psql:<stdin>:194: NOTICE:  ok Exact retry reuses the same build and source
infrastructure:test: psql:<stdin>:194: NOTICE:  ok Duplicate provider run cannot start another baseline
infrastructure:test: psql:<stdin>:194: NOTICE:  ok Tenant substitution cannot resolve binding
infrastructure:test: psql:<stdin>:194: NOTICE:  ok M3 completion and build job correlate atomically
infrastructure:test: psql:<stdin>:194: NOTICE:  ok Revocation records optimistic version
infrastructure:test: psql:<stdin>:194: NOTICE:  ok Revoked binding blocks subsequent work
infrastructure:test: psql:<stdin>:194: NOTICE:  ok gitlab_ci connector accepts scoped metadata
infrastructure:test: psql:<stdin>:194: NOTICE:  ok gitlab_ci binding scopes provider project
infrastructure:test: psql:<stdin>:194: NOTICE:  ok azure_devops connector accepts scoped metadata
infrastructure:test: psql:<stdin>:194: NOTICE:  ok azure_devops binding scopes provider project
infrastructure:test: DO
infrastructure:test: ROLLBACK
infrastructure:test: Running tests/m11-05-remediation-ticket-sync.test.sql
infrastructure:test: BEGIN
infrastructure:test: CREATE FUNCTION
infrastructure:test: psql:<stdin>:27: NOTICE:  ok M11-05 ticket tables are non-forced RLS and browser-private
infrastructure:test:  check 
infrastructure:test: -------
infrastructure:test:  
infrastructure:test: (1 row)
infrastructure:test: 
infrastructure:test: psql:<stdin>:46: NOTICE:  ok M11-05 writes use service-role RPCs, not direct table mutation grants
infrastructure:test:  check 
infrastructure:test: -------
infrastructure:test:  
infrastructure:test: (1 row)
infrastructure:test: 
infrastructure:test:  check 
infrastructure:test: -------
infrastructure:test:  
infrastructure:test: (1 row)
infrastructure:test: 
infrastructure:test: psql:<stdin>:68: NOTICE:  ok M11-05 RPCs pin search_path and remove unsafe legacy entry points
infrastructure:test:  check 
infrastructure:test: -------
infrastructure:test:  
infrastructure:test: (1 row)
infrastructure:test: 
infrastructure:test: psql:<stdin>:87: NOTICE:  ok M11-05 binding requires Jira cloud identity and approved field mapping
api:test: PASS src/evidence/infrastructure/local-evidence-text-extractor.adapter.spec.ts (5.16 s)
infrastructure:test: psql:<stdin>:99: NOTICE:  ok M11-05 ticket identity is pending until verified provider finalize
infrastructure:test:  check 
infrastructure:test: -------
infrastructure:test:  
infrastructure:test: (1 row)
infrastructure:test: 
infrastructure:test: psql:<stdin>:744: NOTICE:  ok Seeded owner and product release are available
infrastructure:test: psql:<stdin>:744: NOTICE:  ok Finding fixture was cloned without cross-tenant data
infrastructure:test: psql:<stdin>:744: NOTICE:  ok Jira connector is created through existing connector hub
infrastructure:test: psql:<stdin>:744: NOTICE:  ok Unsafe custom field authority is rejected
infrastructure:test: psql:<stdin>:744: NOTICE:  ok Binding cannot override the connector cloud identity
infrastructure:test: psql:<stdin>:744: NOTICE:  ok Owner binding is product-scoped and returns stable provider identity
infrastructure:test: psql:<stdin>:744: NOTICE:  ok Tenant substitution cannot reserve a ticket
infrastructure:test: psql:<stdin>:744: NOTICE:  ok Reserve creates one pending ticket without external Jira identity
infrastructure:test: psql:<stdin>:744: NOTICE:  ok Fresh inline create is not claimable by worker before handoff
infrastructure:test: psql:<stdin>:744: NOTICE:  ok Reservation carries the exact durable operation timestamp
infrastructure:test: psql:<stdin>:744: NOTICE:  ok Duplicate reserve replays the same ticket and operation
infrastructure:test: psql:<stdin>:744: NOTICE:  ok Changed reserve digest is rejected
web:test:  ✓ app/(workspace)/onboarding/page.spec.tsx (9 tests) 1913ms
web:test:    ✓ OnboardingPage > renders a legal profile form and validates required fields before create  540ms
web:test:    ✓ OnboardingPage > requires an explicit choice for both country fields  320ms
web:test:    ✓ OnboardingPage > creates the complete legal profile and preserves values after a server error  837ms
infrastructure:test: psql:<stdin>:744: NOTICE:  ok Pending create reservation is created once
infrastructure:test: psql:<stdin>:744: NOTICE:  ok Pending create cannot reserve a second create before reconciliation
infrastructure:test: psql:<stdin>:744: NOTICE:  ok No-create rejection requires a prior durable attempt marker
infrastructure:test: psql:<stdin>:744: NOTICE:  ok Tenant substitution cannot mark provider create attempt
infrastructure:test: psql:<stdin>:744: NOTICE:  ok Actor substitution cannot mark provider create attempt
infrastructure:test: psql:<stdin>:744: NOTICE:  ok Changed credential revision blocks create before POST
infrastructure:test: psql:<stdin>:744: NOTICE:  ok Provider create marker commits before POST with audit
infrastructure:test: psql:<stdin>:744: NOTICE:  ok Duplicate marker cannot authorize a second POST
infrastructure:test: psql:<stdin>:744: NOTICE:  ok Rate limit cannot be called a definitive no-create rejection
infrastructure:test: psql:<stdin>:744: NOTICE:  ok Definitive HTTP rejection marks no-create and ticket error atomically
infrastructure:test: psql:<stdin>:744: NOTICE:  ok Definitive rejection replay is stable
infrastructure:test: psql:<stdin>:744: NOTICE:  ok Only proven no-create history allows owner-authorized unlinked retry
infrastructure:test: psql:<stdin>:744: NOTICE:  ok Active retry create reservation still blocks blind duplicate create
infrastructure:test: psql:<stdin>:744: NOTICE:  ok Safe retry still requires a durable marker before its next POST
infrastructure:test: psql:<stdin>:744: NOTICE:  ok Worker claims only the timed-out marked retry
infrastructure:test: psql:<stdin>:744: NOTICE:  ok Uncertain provider create failure cannot be declared safe
infrastructure:test: psql:<stdin>:744: NOTICE:  ok Uncertain create history blocks even after prior safe rejection
infrastructure:test: psql:<stdin>:744: NOTICE:  ok Legacy terminal create without no-create proof remains fenced
infrastructure:test: psql:<stdin>:744: NOTICE:  ok Forged or unbound provider issue is recorded but cannot create a ticket
infrastructure:test: psql:<stdin>:744: NOTICE:  ok Finalize attaches only verified Jira issue identity
infrastructure:test: psql:<stdin>:744: NOTICE:  ok Finalize replay is stable
infrastructure:test: psql:<stdin>:744: NOTICE:  ok Webhook binding resolver exposes only stable scope identifiers
infrastructure:test: psql:<stdin>:744: NOTICE:  ok Unknown webhook binding is not found
infrastructure:test: psql:<stdin>:744: NOTICE:  ok Webhook ticket resolver returns ticket correlation after provider refetch
infrastructure:test: psql:<stdin>:744: NOTICE:  ok Webhook ticket resolver rejects tenant substitution
infrastructure:test: psql:<stdin>:744: NOTICE:  ok Existing linked ticket reserve queues context sync instead of duplicate create
infrastructure:test: psql:<stdin>:744: NOTICE:  ok Linked context sync remains immediately due for worker
infrastructure:test: psql:<stdin>:744: NOTICE:  ok Existing linked ticket sync operation remains durable for worker claim
infrastructure:test: psql:<stdin>:744: NOTICE:  ok Echoed provider notification is durable but does not bump revision
infrastructure:test: psql:<stdin>:744: NOTICE:  ok Configured transition reservation returns durable operation and transition id
infrastructure:test: psql:<stdin>:744: NOTICE:  ok Transition reservation replay returns same operation and target
infrastructure:test: psql:<stdin>:744: NOTICE:  ok Changed transition idempotency payload conflicts
infrastructure:test: psql:<stdin>:744: NOTICE:  ok Tenant fair operation listing includes due organization
infrastructure:test: psql:<stdin>:744: NOTICE:  ok Worker claim carries actor and scoped revalidation context without secrets
infrastructure:test: psql:<stdin>:744: NOTICE:  ok Worker context resolver revalidates scoped operation context
infrastructure:test: psql:<stdin>:744: NOTICE:  ok Worker context resolver rejects tenant substitution
infrastructure:test: psql:<stdin>:744: NOTICE:  ok Completed context sync updates ticket sync metadata and audits atomically
infrastructure:test: psql:<stdin>:744: NOTICE:  ok Failure fixture reserves and claims outbound operation
infrastructure:test: psql:<stdin>:744: NOTICE:  ok Retryable worker failure honors bounded Retry-After and leaves safe pending ticket
infrastructure:test: psql:<stdin>:744: NOTICE:  ok Out of bounds Retry-After is rejected without changing operation
infrastructure:test: psql:<stdin>:744: NOTICE:  ok Permanent worker failure marks ticket sync error with safe reason and audit
infrastructure:test: psql:<stdin>:744: NOTICE:  ok External closure is a pending review signal, not remediation proof
infrastructure:test: psql:<stdin>:744: NOTICE:  ok Duplicate provider notification does not oscillate state
infrastructure:test: psql:<stdin>:744: NOTICE:  ok Out-of-order older provider event is ignored as stale
infrastructure:test: psql:<stdin>:744: NOTICE:  ok Unknown external status is surfaced as conflict
infrastructure:test: psql:<stdin>:744: NOTICE:  ok Missing issue RPC rejects tenant substitution
infrastructure:test: psql:<stdin>:744: NOTICE:  ok Missing issue RPC rejects correlation mismatch without changing ticket
infrastructure:test: psql:<stdin>:744: NOTICE:  ok Missing issue RPC rejects stable issue mismatch
infrastructure:test: psql:<stdin>:744: NOTICE:  ok Authoritative missing provider issue marks ticket deleted or moved with audit
infrastructure:test: psql:<stdin>:744: NOTICE:  ok Duplicate missing issue delivery is idempotent
infrastructure:test: psql:<stdin>:744: NOTICE:  ok Verified same issue in a different Jira project is marked deleted or moved
infrastructure:test: psql:<stdin>:744: NOTICE:  ok Equal provider timestamp with changed state is a conflict and cannot oscillate
infrastructure:test: psql:<stdin>:744: NOTICE:  ok Jira closure did not create or approve remediation anchors
infrastructure:test: psql:<stdin>:744: NOTICE:  ok Ticket correlation remains stable through sync lifecycle
infrastructure:test: DO
infrastructure:test: ROLLBACK
infrastructure:test: Running tests/m11-06-agent-trust.test.sql
api:test: PASS src/notification-dispatch-worker.spec.ts
infrastructure:test: BEGIN
infrastructure:test: CREATE FUNCTION
infrastructure:test: psql:<stdin>:8: NOTICE:  ok Agent tables use non-forced RLS
infrastructure:test:  check 
infrastructure:test: -------
infrastructure:test:  
infrastructure:test: (1 row)
infrastructure:test: 
infrastructure:test:  check 
infrastructure:test: -------
infrastructure:test:  
infrastructure:test: (1 row)
infrastructure:test: 
infrastructure:test: psql:<stdin>:11: NOTICE:  ok Agent updated_at uses the shared trigger
infrastructure:test:  check 
infrastructure:test: -------
infrastructure:test:  
infrastructure:test: (1 row)
infrastructure:test: 
infrastructure:test: psql:<stdin>:13: NOTICE:  ok Browser roles cannot read agent secrets
infrastructure:test: psql:<stdin>:16: NOTICE:  ok Service role cannot bypass atomic agent writes
infrastructure:test:  check 
infrastructure:test: -------
infrastructure:test:  
infrastructure:test: (1 row)
infrastructure:test: 
infrastructure:test: psql:<stdin>:18: NOTICE:  ok Agent RPCs pin search path
infrastructure:test:  check 
infrastructure:test: -------
infrastructure:test:  
infrastructure:test: (1 row)
infrastructure:test: 
infrastructure:test: psql:<stdin>:21: NOTICE:  ok Malformed and null envelopes are rejected
infrastructure:test:  check 
infrastructure:test: -------
infrastructure:test:  
infrastructure:test: (1 row)
infrastructure:test: 
infrastructure:test: psql:<stdin>:143: NOTICE:  ok Seeded owner available
infrastructure:test: psql:<stdin>:143: NOTICE:  ok Owner creates manual agent connector
infrastructure:test: psql:<stdin>:143: NOTICE:  ok Pending enrollment is not reported as connected
infrastructure:test: psql:<stdin>:143: NOTICE:  ok Agent connector cannot auto commit
infrastructure:test: psql:<stdin>:143: NOTICE:  ok Null token hash is rejected
infrastructure:test: psql:<stdin>:143: NOTICE:  ok Enrollment is scoped to connector and idempotency identity
infrastructure:test: psql:<stdin>:143: NOTICE:  ok Issue retry returns original encrypted token
infrastructure:test: psql:<stdin>:143: NOTICE:  ok Only one pending or active agent per connector
infrastructure:test: psql:<stdin>:143: NOTICE:  ok Null CSR digest is rejected
infrastructure:test: psql:<stdin>:143: NOTICE:  ok Enrollment consumes token into active identity
infrastructure:test: psql:<stdin>:143: NOTICE:  ok Active agent is reported as connected
infrastructure:test: psql:<stdin>:143: NOTICE:  ok Expired certificate is reported disconnected
infrastructure:test: psql:<stdin>:143: NOTICE:  ok Backpressure is a safe explicit health state
infrastructure:test: psql:<stdin>:143: NOTICE:  ok Lost same-CSR enrollment response replays
infrastructure:test: psql:<stdin>:143: NOTICE:  ok Token cannot enroll a second CSR
infrastructure:test: psql:<stdin>:143: NOTICE:  ok Bound certificate and key accept a nonce
infrastructure:test: psql:<stdin>:143: NOTICE:  ok Duplicate nonce is atomically rejected
infrastructure:test: psql:<stdin>:143: NOTICE:  ok Certificate and key pairing is enforced
infrastructure:test: psql:<stdin>:143: NOTICE:  ok Tenant substitution fails
infrastructure:test: psql:<stdin>:143: NOTICE:  ok Rotation retains previous credential for bounded overlap
infrastructure:test: psql:<stdin>:143: NOTICE:  ok Same rotation retry returns stored response
infrastructure:test: psql:<stdin>:143: NOTICE:  ok Second rotation waits for overlap
infrastructure:test: psql:<stdin>:143: NOTICE:  ok Rotation overlap is an explicit safe health state
infrastructure:test: psql:<stdin>:143: NOTICE:  ok Previous credential works only during overlap
infrastructure:test: psql:<stdin>:143: NOTICE:  ok First durable batch is acknowledged
infrastructure:test: psql:<stdin>:143: NOTICE:  ok Same batch replays durable ACK
infrastructure:test: psql:<stdin>:143: NOTICE:  ok Same batch ID cannot change cursor
infrastructure:test: psql:<stdin>:143: NOTICE:  ok Sequence gap is rejected
infrastructure:test: psql:<stdin>:143: NOTICE:  ok Source checkpoint gap is rejected
infrastructure:test: psql:<stdin>:143: NOTICE:  ok Previously ACKed batch replays despite full staged queue
infrastructure:test: psql:<stdin>:143: NOTICE:  ok Staged quota backpressures before new ACK
infrastructure:test: psql:<stdin>:143: NOTICE:  ok Committed cursor marks exactly prior batch
infrastructure:test: psql:<stdin>:143: NOTICE:  ok Owner revocation disables connector in same transaction
infrastructure:test: psql:<stdin>:143: NOTICE:  ok Revoked agent is reported disconnected
infrastructure:test: psql:<stdin>:143: NOTICE:  ok Revoked connector cannot reset acknowledged source sequence
infrastructure:test: psql:<stdin>:143: NOTICE:  ok Revoked agent cannot stage work
infrastructure:test: psql:<stdin>:143: NOTICE:  ok Pending identity can be issued before revocation
infrastructure:test: psql:<stdin>:143: NOTICE:  ok Owner can revoke a pending identity
infrastructure:test: psql:<stdin>:143: NOTICE:  ok Revoked pending identity cannot replay enrollment
infrastructure:test: psql:<stdin>:143: NOTICE:  ok Revoked pending identity cannot get a fresh token
infrastructure:test: psql:<stdin>:143: NOTICE:  ok Naturally expired pending token can be reissued
infrastructure:test: DO
infrastructure:test: ROLLBACK
infrastructure:test: Running tests/m12-01-source-projections.test.sql
infrastructure:test: BEGIN
infrastructure:test: CREATE FUNCTION
infrastructure:test: psql:<stdin>:130: NOTICE:  ok Accepted supplier fixture exists
infrastructure:test: psql:<stdin>:130: NOTICE:  ok Completed supplier work is absent
infrastructure:test: psql:<stdin>:130: NOTICE:  ok Current revision pending review projects despite accepted aggregate
infrastructure:test: psql:<stdin>:130: NOTICE:  ok Accepted aggregate with missing required work has fixture
infrastructure:test: psql:<stdin>:130: NOTICE:  ok Outstanding required work projects despite accepted aggregate
infrastructure:test: psql:<stdin>:130: NOTICE:  ok Viewer cannot read supplier task title
infrastructure:test: psql:<stdin>:130: NOTICE:  ok Viewer supplier counts and rows remain zero
infrastructure:test: psql:<stdin>:130: NOTICE:  ok Active finding without a current assessment exists
infrastructure:test: psql:<stdin>:130: NOTICE:  ok Current M5 assessment awaiting approval projects with source link
infrastructure:test: psql:<stdin>:130: NOTICE:  ok Assessment submitter is not an eligible acting approver
infrastructure:test: psql:<stdin>:130: NOTICE:  ok M5 approval fixture uses a distinct authorized actor
infrastructure:test: psql:<stdin>:130: NOTICE:  ok M5 source approval use case completes
infrastructure:test: psql:<stdin>:130: NOTICE:  ok Source approval completion removes M5 approval task
infrastructure:test: psql:<stdin>:130: NOTICE:  ok Active evidence product fixture exists
infrastructure:test: psql:<stdin>:130: NOTICE:  ok Current clean M8 version nearing expiry projects with source link
infrastructure:test: psql:<stdin>:130: NOTICE:  ok Retired evidence source removes M8 expiry task
infrastructure:test: psql:<stdin>:130: NOTICE:  ok Archived product hides supplier task
infrastructure:test: psql:<stdin>:130: NOTICE:  ok Reporting fixture prerequisites exist
infrastructure:test: psql:<stdin>:130: NOTICE:  ok Ready unapproved reporting stage projects
infrastructure:test: psql:<stdin>:130: NOTICE:  ok Approved reporting stage has no inbox task
infrastructure:test: psql:<stdin>:130: NOTICE:  ok Post-approval edit does not create impossible approval task
infrastructure:test: DO
infrastructure:test: ROLLBACK
infrastructure:test: Running tests/m12-01-task-inbox.test.sql
infrastructure:test: BEGIN
infrastructure:test: CREATE FUNCTION
infrastructure:test: psql:<stdin>:9: NOTICE:  ok Workflow tables have non-forced RLS
infrastructure:test:  check 
infrastructure:test: -------
infrastructure:test:  
infrastructure:test: (1 row)
infrastructure:test: 
infrastructure:test: psql:<stdin>:11: NOTICE:  ok Browser roles cannot read routing metadata
infrastructure:test:  check 
infrastructure:test: -------
infrastructure:test:  
infrastructure:test: (1 row)
infrastructure:test: 
infrastructure:test: psql:<stdin>:13: NOTICE:  ok Service role cannot bypass atomic route writes
infrastructure:test:  check 
infrastructure:test: -------
infrastructure:test:  
infrastructure:test: (1 row)
infrastructure:test: 
infrastructure:test: psql:<stdin>:15: NOTICE:  ok Workflow functions pin search path
infrastructure:test:  check 
infrastructure:test: -------
infrastructure:test:  
infrastructure:test: (1 row)
infrastructure:test: 
infrastructure:test: psql:<stdin>:195: NOTICE:  ok Seeded owner and member available
infrastructure:test: psql:<stdin>:195: NOTICE:  ok Member cannot manage groups
infrastructure:test: psql:<stdin>:195: NOTICE:  ok Owner creates group
infrastructure:test: psql:<stdin>:195: NOTICE:  ok Null group action is rejected
infrastructure:test: psql:<stdin>:195: NOTICE:  ok Owner adds member with version fence
infrastructure:test: psql:<stdin>:195: NOTICE:  ok Eligible admin joins group
infrastructure:test: psql:<stdin>:195: NOTICE:  ok Concurrent stale membership edit conflicts
infrastructure:test: psql:<stdin>:195: NOTICE:  ok Eligible substitute creates absence
infrastructure:test: psql:<stdin>:195: NOTICE:  ok Null absence action is rejected
infrastructure:test: psql:<stdin>:195: NOTICE:  ok Overlapping interval is rejected
api:test: PASS src/auth/public-routes.spec.ts
infrastructure:test: psql:<stdin>:195: NOTICE:  ok Live task list has safe counts
infrastructure:test: psql:<stdin>:195: NOTICE:  ok Task cursor is URL-safe
api:test: PASS src/permissions/permission-coverage.spec.ts
infrastructure:test: psql:<stdin>:195: NOTICE:  ok Task cursor round-trips
infrastructure:test: psql:<stdin>:195: NOTICE:  ok Null scope is rejected
infrastructure:test: psql:<stdin>:195: NOTICE:  ok Null limit is rejected
infrastructure:test: psql:<stdin>:195: NOTICE:  ok Narrow paused SLA due matches M5 projection
infrastructure:test: psql:<stdin>:195: NOTICE:  ok Narrow breached SLA due matches M5 projection
infrastructure:test: psql:<stdin>:195: NOTICE:  ok Unrouted list row matches source-policy row
infrastructure:test: psql:<stdin>:195: NOTICE:  ok Active substitute fixture is accepted
infrastructure:test: psql:<stdin>:195: NOTICE:  ok Unrouted absence keeps source-policy parity
infrastructure:test: psql:<stdin>:195: NOTICE:  ok Active substitute fixture is removed
infrastructure:test: psql:<stdin>:195: NOTICE:  ok Ineligible source owner stays unresolved with boolean actions
infrastructure:test: psql:<stdin>:195: NOTICE:  ok Live finding source is actionable
infrastructure:test: psql:<stdin>:195: NOTICE:  ok Tenant substitution cannot read source
infrastructure:test: psql:<stdin>:195: NOTICE:  ok Tenant substitution cannot mutate source
infrastructure:test: psql:<stdin>:195: NOTICE:  ok Missing source is a safe not_found
infrastructure:test: psql:<stdin>:195: NOTICE:  ok Group assignment is atomic
infrastructure:test: psql:<stdin>:195: NOTICE:  ok Unclaimed group task is available
infrastructure:test: psql:<stdin>:195: NOTICE:  ok Null route action is rejected
infrastructure:test: psql:<stdin>:195: NOTICE:  ok Eligible group member claims once
api:test: PASS src/vulnerability-triage-alert-worker.spec.ts
infrastructure:test: psql:<stdin>:195: NOTICE:  ok Owner can remove claimant from group
infrastructure:test: psql:<stdin>:195: NOTICE:  ok Removed claimant becomes unresolved with accountable fallback
infrastructure:test: psql:<stdin>:195: NOTICE:  ok Individual triage assignment advances source and route together
infrastructure:test: psql:<stdin>:195: NOTICE:  ok Same request replays its committed result
infrastructure:test: psql:<stdin>:195: NOTICE:  ok Stale source revision conflicts
infrastructure:test: psql:<stdin>:195: NOTICE:  ok Unclaimed route cannot be released
infrastructure:test: psql:<stdin>:195: NOTICE:  ok Stale concurrent claim conflicts
infrastructure:test: psql:<stdin>:195: NOTICE:  ok Owner substitute accepts active absence
infrastructure:test: psql:<stdin>:195: NOTICE:  ok Active OOO changes acting user without changing accountable owner
infrastructure:test: psql:<stdin>:195: NOTICE:  ok Expired OOO restores acting owner
infrastructure:test: psql:<stdin>:195: NOTICE:  ok Source completion disappears immediately
infrastructure:test: psql:<stdin>:195: NOTICE:  ok Source reopen projects immediately
infrastructure:test: psql:<stdin>:195: NOTICE:  ok M5 no-policy SLA has no inbox due date
infrastructure:test: psql:<stdin>:195: NOTICE:  ok Tracking SLA due matches M5
infrastructure:test: psql:<stdin>:195: NOTICE:  ok Paused SLA due matches M5
infrastructure:test: psql:<stdin>:195: NOTICE:  ok Breached SLA due matches M5
infrastructure:test: psql:<stdin>:195: NOTICE:  ok Overdue tracking due matches M5 clamp
infrastructure:test: psql:<stdin>:195: NOTICE:  ok Permission revocation removes source title and detail
infrastructure:test: psql:<stdin>:195: NOTICE:  ok Idempotency replay after revocation does not leak title
infrastructure:test: DO
infrastructure:test: ROLLBACK
infrastructure:test: Running tests/m12-01-user-fence.test.sql
infrastructure:test: BEGIN
infrastructure:test: CREATE FUNCTION
infrastructure:test: psql:<stdin>:51: NOTICE:  ok Active user fixture available
infrastructure:test: psql:<stdin>:51: NOTICE:  ok Inactive group actor denied
infrastructure:test: psql:<stdin>:51: NOTICE:  ok Inactive absence actor denied
infrastructure:test: psql:<stdin>:51: NOTICE:  ok Inactive route actor denied
infrastructure:test: psql:<stdin>:51: NOTICE:  ok Active owner may prepare group fixture
infrastructure:test: psql:<stdin>:51: NOTICE:  ok Inactive group target denied
infrastructure:test: psql:<stdin>:51: NOTICE:  ok Inactive substitute denied
infrastructure:test: psql:<stdin>:51: NOTICE:  ok Inactive route target denied
infrastructure:test: psql:<stdin>:51: NOTICE:  ok Removed group admin denied
infrastructure:test: psql:<stdin>:51: NOTICE:  ok Removed absence actor denied
infrastructure:test: psql:<stdin>:51: NOTICE:  ok Removed group target denied
infrastructure:test: psql:<stdin>:51: NOTICE:  ok Removed substitute denied
infrastructure:test: psql:<stdin>:51: NOTICE:  ok Rejected route did not persist
infrastructure:test: DO
infrastructure:test: ROLLBACK
infrastructure:test: Running tests/m12-03-critical-delivery-operations.test.sql
infrastructure:test: BEGIN
infrastructure:test: CREATE FUNCTION
infrastructure:test:  check 
infrastructure:test: -------
infrastructure:test:  
infrastructure:test: (1 row)
infrastructure:test: 
api:test: PASS src/vulnerability-kev-alert-worker.spec.ts
infrastructure:test: DO
infrastructure:test: DO
infrastructure:test: ROLLBACK
infrastructure:test: Running tests/m12-03-evidence-scan-dispatch.test.sql
infrastructure:test: BEGIN
infrastructure:test: CREATE FUNCTION
infrastructure:test:  check 
infrastructure:test: -------
infrastructure:test:  
infrastructure:test: (1 row)
infrastructure:test: 
api:test: PASS src/sboms/validation/sbom-streaming-validator.spec.ts
infrastructure:test: DO
infrastructure:test: ROLLBACK
infrastructure:test: Running tests/m12-03-evidence-validity-wire.test.sql
web:test:  ✓ app/_providers/session-provider.spec.tsx (7 tests) 7072ms
web:test:    ✓ SessionProvider > fails open through the shared menu contract when one request fails  7020ms
infrastructure:test: BEGIN
infrastructure:test: CREATE FUNCTION
infrastructure:test: DO
infrastructure:test: ROLLBACK
infrastructure:test: Running tests/m12-03-notification-delivery.test.sql
infrastructure:test: BEGIN
infrastructure:test: CREATE FUNCTION
infrastructure:test:  check 
infrastructure:test: -------
infrastructure:test:  
infrastructure:test: (1 row)
infrastructure:test: 
infrastructure:test:  check 
infrastructure:test: -------
infrastructure:test:  
infrastructure:test: (1 row)
infrastructure:test: 
api:test: PASS src/organizations/tenant-administration/worker/export-source-registry.architecture.spec.ts
infrastructure:test: DO
infrastructure:test: DO
infrastructure:test: DO
infrastructure:test:  check 
infrastructure:test: -------
infrastructure:test:  
infrastructure:test: (1 row)
infrastructure:test: 
infrastructure:test: ROLLBACK
infrastructure:test: Running tests/m12-03-notification-digest-scheduling.test.sql
api:test: PASS src/sboms/worker/sbom-ingest-streaming.spec.ts
infrastructure:test: BEGIN
api:test: [Nest] 92147  - 10/06/2026, 2:13:46 PM    WARN [SbomIngestWorker] Object(2) {
api:test:   message: 'sbom ingest cycle could not persist state',
api:test:   error: {
api:test:     name: 'Error',
api:test:     code: null,
api:test:     providerCode: null
api:test:   }
api:test: }
api:test: [Nest] 92147  - 10/06/2026, 2:13:46 PM    WARN [SbomIngestWorker] Object(2) {
api:test:   message: 'sbom normalization begin transition failed',
api:test:   error: {
api:test:     name: 'Error',
api:test:     code: '40001',
api:test:     providerCode: 'postgres'
api:test:   }
api:test: }
api:test: [Nest] 92147  - 10/06/2026, 2:13:46 PM    WARN [SbomIngestWorker] Object(2) {
api:test:   message: 'sbom ingest cycle could not persist state',
api:test:   error: {
api:test:     name: 'Error',
api:test:     code: '40001',
api:test:     providerCode: 'postgres'
api:test:   }
api:test: }
api:test: [Nest] 92147  - 10/06/2026, 2:13:46 PM    WARN [SbomIngestWorker] Object(2) {
api:test:   message: 'sbom normalization begin transition failed',
api:test:   error: {
api:test:     name: 'string',
api:test:     code: null,
api:test:     providerCode: null
api:test:   }
api:test: }
api:test: [Nest] 92147  - 10/06/2026, 2:13:46 PM    WARN [SbomIngestWorker] Object(2) {
api:test:   message: 'sbom ingest cycle could not persist state',
api:test:   error: {
api:test:     name: 'string',
api:test:     code: null,
api:test:     providerCode: null
api:test:   }
api:test: }
infrastructure:test: CREATE FUNCTION
infrastructure:test: CREATE FUNCTION
infrastructure:test:  check 
infrastructure:test: -------
infrastructure:test:  
infrastructure:test: (1 row)
infrastructure:test: 
infrastructure:test: DO
infrastructure:test: DO
infrastructure:test: DO
infrastructure:test:  check 
infrastructure:test: -------
infrastructure:test:  
infrastructure:test: (1 row)
infrastructure:test: 
api:test: PASS src/sboms/validation/sbom-validation-worker.spec.ts
api:test: PASS src/common/security/security.module.spec.ts
infrastructure:test: DO
infrastructure:test: DO
infrastructure:test: DO
infrastructure:test: DO
infrastructure:test: DO
api:test: PASS src/sboms/validation/bounded-json-tokens.spec.ts
infrastructure:test: DO
infrastructure:test: DO
infrastructure:test: ROLLBACK
infrastructure:test: Running tests/m12-03-notification-export-alignment.test.sql
infrastructure:test: BEGIN
infrastructure:test: CREATE FUNCTION
infrastructure:test:  check 
infrastructure:test: -------
infrastructure:test:  
infrastructure:test: (1 row)
infrastructure:test: 
infrastructure:test:  check 
infrastructure:test: -------
infrastructure:test:  
infrastructure:test: (1 row)
infrastructure:test: 
infrastructure:test:  check 
infrastructure:test: -------
infrastructure:test:  
infrastructure:test: (1 row)
infrastructure:test: 
api:test: PASS src/products/products.module.spec.ts
api:test: PASS src/common/security/module-boundaries.spec.ts
infrastructure:test: DO
infrastructure:test: ROLLBACK
infrastructure:test: Running tests/m12-03-rehearsal-delivery-guard.test.sql
infrastructure:test: BEGIN
infrastructure:test: CREATE FUNCTION
infrastructure:test: DO
infrastructure:test: DO
infrastructure:test:  check 
infrastructure:test: -------
infrastructure:test:  
infrastructure:test: (1 row)
infrastructure:test: 
infrastructure:test: ROLLBACK
infrastructure:test: Running tests/m12-03-triage-supplier-bridge.test.sql
infrastructure:test: BEGIN
infrastructure:test: CREATE FUNCTION
infrastructure:test:  check 
infrastructure:test: -------
infrastructure:test:  
infrastructure:test: (1 row)
infrastructure:test: 
infrastructure:test: DO
infrastructure:test: ROLLBACK
api:test: PASS src/sboms/application/sbom-export-serializer.spec.ts
infrastructure:test: Running tests/m12-04-notification-feed.test.sql
api:test: PASS src/common/http/controller-response-contracts.spec.ts
infrastructure:test: BEGIN
infrastructure:test: CREATE FUNCTION
infrastructure:test:  check 
infrastructure:test: -------
infrastructure:test:  
infrastructure:test: (1 row)
infrastructure:test: 
infrastructure:test:  check 
infrastructure:test: -------
infrastructure:test:  
infrastructure:test: (1 row)
infrastructure:test: 
infrastructure:test:  check 
infrastructure:test: -------
infrastructure:test:  
infrastructure:test: (1 row)
infrastructure:test: 
infrastructure:test:  check 
infrastructure:test: -------
infrastructure:test:  
infrastructure:test: (1 row)
infrastructure:test: 
infrastructure:test: UPDATE 1
infrastructure:test: INSERT 0 1
api:test: [Nest] 92147  - 10/06/2026, 2:13:48 PM   ERROR [MfaService] MFA recovery failed for user 11111111-1111-4111-8111-111111111111 with sanitized code auth_unavailable
api:test: [Nest] 92147  - 10/06/2026, 2:13:48 PM   ERROR [MfaService] MFA recovery failed for user 11111111-1111-4111-8111-111111111111 with sanitized code auth_unavailable
api:test: [Nest] 92147  - 10/06/2026, 2:13:48 PM   ERROR [MfaService] MFA recovery failed for user 11111111-1111-4111-8111-111111111111 with sanitized code auth_unavailable
api:test: [Nest] 92147  - 10/06/2026, 2:13:48 PM   ERROR [MfaService] MFA recovery failed for user 11111111-1111-4111-8111-111111111111 with sanitized code auth_unavailable
api:test: [Nest] 92147  - 10/06/2026, 2:13:48 PM   ERROR [MfaService] MFA recovery failed for user 11111111-1111-4111-8111-111111111111 with sanitized code auth_unavailable
api:test: [Nest] 92147  - 10/06/2026, 2:13:48 PM   ERROR [MfaService] MFA recovery failed for user 11111111-1111-4111-8111-111111111111 with sanitized code auth_unavailable
api:test: [Nest] 92147  - 10/06/2026, 2:13:48 PM   ERROR [MfaService] MFA recovery failed for user 11111111-1111-4111-8111-111111111111 with sanitized code auth_unavailable
api:test: [Nest] 92147  - 10/06/2026, 2:13:48 PM   ERROR [MfaService] MFA recovery failed for user 11111111-1111-4111-8111-111111111111 with sanitized code auth_unavailable
api:test: [Nest] 92147  - 10/06/2026, 2:13:48 PM   ERROR [MfaService] MFA recovery failed for user 11111111-1111-4111-8111-111111111111 with sanitized code auth_unavailable
api:test: [Nest] 92147  - 10/06/2026, 2:13:48 PM   ERROR [MfaService] MFA recovery failed for user 11111111-1111-4111-8111-111111111111 with sanitized code auth_unavailable
api:test: [Nest] 92147  - 10/06/2026, 2:13:48 PM   ERROR [MfaService] MFA recovery failed for user 11111111-1111-4111-8111-111111111111 with sanitized code auth_unavailable
infrastructure:test: DO
infrastructure:test: INSERT 0 1
infrastructure:test:  check 
infrastructure:test: -------
infrastructure:test:  
infrastructure:test: (1 row)
infrastructure:test: 
infrastructure:test: INSERT 0 1
infrastructure:test: INSERT 0 1
infrastructure:test: INSERT 0 1
infrastructure:test: INSERT 0 1
infrastructure:test: INSERT 0 1
infrastructure:test: DO
infrastructure:test: UPDATE 1
infrastructure:test: DO
infrastructure:test: DO
infrastructure:test: UPDATE 1
infrastructure:test: UPDATE 1
infrastructure:test: DO
infrastructure:test: UPDATE 1
infrastructure:test: INSERT 0 1
infrastructure:test:  check 
infrastructure:test: -------
infrastructure:test:  
infrastructure:test: (1 row)
infrastructure:test: 
infrastructure:test: INSERT 0 1
infrastructure:test:  check 
infrastructure:test: -------
infrastructure:test:  
infrastructure:test: (1 row)
infrastructure:test: 
infrastructure:test:  check 
infrastructure:test: -------
infrastructure:test:  
infrastructure:test: (1 row)
infrastructure:test: 
infrastructure:test: ROLLBACK
infrastructure:test: Running tests/m12-05-chat-delivery.test.sql
infrastructure:test: BEGIN
infrastructure:test: CREATE FUNCTION
infrastructure:test:  check 
infrastructure:test: -------
infrastructure:test:  
infrastructure:test: (1 row)
infrastructure:test: 
infrastructure:test:  check 
infrastructure:test: -------
infrastructure:test:  
infrastructure:test: (1 row)
infrastructure:test: 
api:test: PASS src/vulnerability-vex-publication-worker.spec.ts
web:test:  ✓ app/showcase/showcase-pages.spec.tsx (3 tests) 3214ms
web:test:    ✓ showcase pages > renders every design-system behavior family and its semantic headings  785ms
web:test:    ✓ showcase pages > keeps showcase controls live instead of presenting static examples  2414ms
web:test:  ✓ app/(workspace)/organization/page.spec.tsx (26 tests) 2455ms
web:test:    ✓ OrganizationAdministrationPage > opens organization controls in focused workbench dialogs for owners  365ms
web:test:    ✓ OrganizationAdministrationPage > edits incomplete legal entities with explicit countries and phone  310ms
api:test: [Nest] 92147  - 10/06/2026, 2:13:49 PM   ERROR [MfaService] MFA recovery failed for user 11111111-1111-4111-8111-111111111111 with sanitized code auth_unavailable
api:test: [Nest] 92147  - 10/06/2026, 2:13:49 PM   ERROR [MfaService] MFA recovery failed for user 11111111-1111-4111-8111-111111111111 with sanitized code auth_unavailable
api:test: [Nest] 92147  - 10/06/2026, 2:13:49 PM   ERROR [MfaService] MFA recovery failed for user 11111111-1111-4111-8111-111111111111 with sanitized code auth_unavailable
api:test: [Nest] 92147  - 10/06/2026, 2:13:49 PM   ERROR [MfaService] MFA recovery failed for user 11111111-1111-4111-8111-111111111111 with sanitized code auth_unavailable
api:test: [Nest] 92147  - 10/06/2026, 2:13:49 PM   ERROR [MfaService] MFA recovery failed for user 11111111-1111-4111-8111-111111111111 with sanitized code auth_unavailable
api:test: [Nest] 92147  - 10/06/2026, 2:13:49 PM   ERROR [MfaService] MFA recovery failed for user 11111111-1111-4111-8111-111111111111 with sanitized code auth_unavailable
api:test: [Nest] 92147  - 10/06/2026, 2:13:49 PM   ERROR [MfaService] MFA recovery failed for user 11111111-1111-4111-8111-111111111111 with sanitized code auth_unavailable
api:test: PASS src/auth/mfa/mfa.service.recovery.spec.ts
api:test: PASS src/main.spec.ts
api:test: PASS src/sboms/validation/sbom-validator.spec.ts
api:test: PASS src/connectors/agent/agent-ingress.use-cases.spec.ts
api:test: PASS src/sboms/infrastructure/supabase-sbom-export.repository.spec.ts
infrastructure:test: DO
infrastructure:test: DO
infrastructure:test: DO
infrastructure:test: DO
infrastructure:test: ROLLBACK
infrastructure:test: Running tests/m12-06-burst-performance.test.sql
api:test: PASS src/sboms/normalization/sbom-normalizer-boundaries.spec.ts
infrastructure:test: BEGIN
infrastructure:test: CREATE FUNCTION
infrastructure:test:  check 
infrastructure:test: -------
infrastructure:test:  
infrastructure:test: (1 row)
infrastructure:test: 
infrastructure:test: CREATE TABLE
infrastructure:test: CREATE TABLE
api:test: PASS src/products/imports/product-release-import-format.spec.ts
api:test: PASS src/sboms/application/sbom-export-use-cases.spec.ts
api:test: PASS src/connectors/connectors.controller.spec.ts
api:test: PASS src/evidence/infrastructure/evidence-watermark-renderer.spec.ts
api:test: PASS src/findings/findings.controller.spec.ts
api:test: PASS src/auth/infrastructure/auth-primary-adapters.spec.ts
api:test: PASS src/vulnerabilities/infrastructure/supabase-offline-bundle.repository.spec.ts
api:test: PASS src/notifications/infrastructure/supabase-notification.repository.spec.ts
web:test:  ✓ app/(workspace)/products/product-detail-content.spec.tsx (16 tests) 1123ms
web:test:    ✓ ProductDetailContent > lazy-loads classification and requires discard before closing dirty answers  325ms
api:test: PASS src/sboms/validation/bsi-profile-extractor.spec.ts
web:test:  ✓ app/(workspace)/products/sbom-intake-section.spec.tsx (27 tests) 1296ms
api:test: PASS src/connectors/worker/webhook-delivery-worker.spec.ts
api:test: PASS src/frameworks/infrastructure/supabase-custom-framework.repository.spec.ts
api:test: [Nest] 92148  - 10/06/2026, 2:13:52 PM    WARN [WebhookDeliveryWorker] Webhook tenant cycle interrupted safely
infrastructure:test: DO
infrastructure:test:  check 
infrastructure:test: -------
infrastructure:test:  
infrastructure:test: (1 row)
infrastructure:test: 
infrastructure:test: SET
api:test: PASS src/findings/assessments/vulnerability-assessment.controller.spec.ts
infrastructure:test: psql:<stdin>:126: NOTICE:  M12-06 1000-member schedule ms=175.56
infrastructure:test: DO
infrastructure:test: psql:<stdin>:146: NOTICE:  M12-06 100-member prepare ms=14.86
infrastructure:test: DO
infrastructure:test: CREATE TABLE
api:test: PASS src/connectors/connectors.module.spec.ts
api:test: PASS src/connectors/worker/connector-sync-worker.spec.ts
api:test: [Nest] 92148  - 10/06/2026, 2:13:52 PM    WARN [ConnectorSyncWorker] connector_sync_worker_cycle_failed_safely run=run-a organization=org-a
api:test: [Nest] 92148  - 10/06/2026, 2:13:52 PM    WARN [ConnectorSyncWorker] connector_sync_worker_cycle_failed_safely run=run-a organization=org-a
api:test: [Nest] 92148  - 10/06/2026, 2:13:52 PM    WARN [ConnectorSyncWorker] connector_sync_worker_cycle_failed_safely run=run-a organization=org-a
api:test: [Nest] 92148  - 10/06/2026, 2:13:52 PM    WARN [ConnectorSyncWorker] connector_sync_worker_cycle_failed_safely run=run-a organization=org-a
api:test: [Nest] 92148  - 10/06/2026, 2:13:52 PM    WARN [ConnectorSyncWorker] connector_sync_worker_cycle_failed_safely run=run-a organization=org-a
api:test: [Nest] 92148  - 10/06/2026, 2:13:52 PM    WARN [ConnectorSyncWorker] connector_sync_worker_cycle_failed_safely run=run-a organization=org-a
api:test: [Nest] 92148  - 10/06/2026, 2:13:52 PM    WARN [ConnectorSyncWorker] connector_sync_worker_cycle_failed_safely run=run-a organization=org-a
api:test: [Nest] 92148  - 10/06/2026, 2:13:52 PM    WARN [ConnectorSyncWorker] connector_sync_worker_cycle_failed_safely run=run-a organization=org-a
api:test: [Nest] 92148  - 10/06/2026, 2:13:52 PM    WARN [ConnectorSyncWorker] connector_sync_worker_cycle_failed_safely run=run-a organization=org-a
api:test: [Nest] 92148  - 10/06/2026, 2:13:52 PM    WARN [ConnectorSyncWorker] connector_sync_worker_cycle_failed_safely run=run-a organization=org-a
api:test: [Nest] 92148  - 10/06/2026, 2:13:52 PM    WARN [ConnectorSyncWorker] connector_sync_worker_cycle_failed_safely run=run-a organization=org-a
api:test: [Nest] 92148  - 10/06/2026, 2:13:52 PM    WARN [ConnectorSyncWorker] connector_sync_worker_cycle_failed_safely run=run-a organization=org-a
api:test: [Nest] 92148  - 10/06/2026, 2:13:52 PM    WARN [ConnectorSyncWorker] connector_sync_worker_cycle_failed_safely run=run-a organization=org-a
api:test: [Nest] 92148  - 10/06/2026, 2:13:52 PM    WARN [ConnectorSyncWorker] connector_sync_worker_cycle_failed_safely run=run-a organization=org-a
api:test: [Nest] 92148  - 10/06/2026, 2:13:52 PM    WARN [ConnectorSyncWorker] connector_sync_worker_cycle_failed_safely run=run-a organization=org-a
api:test: [Nest] 92148  - 10/06/2026, 2:13:52 PM    WARN [ConnectorSyncWorker] connector_sync_worker_cycle_failed_safely run=run-a organization=org-a
api:test: [Nest] 92148  - 10/06/2026, 2:13:52 PM    WARN [ConnectorSyncWorker] connector_sync_worker_cycle_failed_safely run=run-a organization=org-a
api:test: [Nest] 92148  - 10/06/2026, 2:13:52 PM    WARN [ConnectorSyncWorker] connector_sync_worker_cycle_failed_safely run=run-a organization=org-a
api:test: [Nest] 92148  - 10/06/2026, 2:13:52 PM    WARN [ConnectorSyncWorker] connector_sync_worker_cycle_failed_safely run=run-a organization=org-a
api:test: [Nest] 92148  - 10/06/2026, 2:13:52 PM    WARN [ConnectorSyncWorker] connector_sync_worker_cycle_failed_safely run=run-a organization=org-a
api:test: [Nest] 92148  - 10/06/2026, 2:13:52 PM    WARN [ConnectorSyncWorker] connector_sync_worker_cycle_failed_safely run=run-a organization=org-a
api:test: [Nest] 92148  - 10/06/2026, 2:13:52 PM    WARN [ConnectorSyncWorker] connector_sync_worker_cycle_failed_safely run=run-a organization=org-a
api:test: [Nest] 92148  - 10/06/2026, 2:13:52 PM    WARN [ConnectorSyncWorker] connector_sync_worker_cycle_failed_safely run=run-a organization=org-a
api:test: [Nest] 92148  - 10/06/2026, 2:13:52 PM    WARN [ConnectorSyncWorker] connector_sync_worker_cycle_failed_safely run=run-a organization=org-a
api:test: [Nest] 92148  - 10/06/2026, 2:13:52 PM    WARN [ConnectorSyncWorker] connector_sync_worker_cycle_failed_safely run=run-a organization=org-a
api:test: [Nest] 92148  - 10/06/2026, 2:13:52 PM    WARN [ConnectorSyncWorker] connector_sync_worker_cycle_failed_safely run=run-a organization=org-a
api:test: [Nest] 92148  - 10/06/2026, 2:13:52 PM    WARN [ConnectorSyncWorker] connector_sync_worker_cycle_failed_safely run=run-a organization=org-a
api:test: [Nest] 92148  - 10/06/2026, 2:13:52 PM    WARN [ConnectorSyncWorker] connector_sync_worker_cycle_failed_safely run=run-a organization=org-a
api:test: [Nest] 92148  - 10/06/2026, 2:13:52 PM    WARN [ConnectorSyncWorker] connector_sync_worker_cycle_failed_safely run=run-a organization=org-a
api:test: PASS src/findings/exports/vex-export-generator.spec.ts
api:test: PASS src/frameworks/controls.controller.spec.ts
api:test: PASS src/connectors/connectors-webhooks.controller.spec.ts
api:test: PASS src/sboms/infrastructure/supabase-sbom.repository.spec.ts
api:test: PASS src/sboms/validation/bsi-profile-extractor-scale.spec.ts
api:test: PASS src/findings/triage/infrastructure/supabase-vulnerability-triage.repository.m11-05.spec.ts
api:test: PASS src/findings/assessments/bulk/vulnerability-assessment-bulk.controller.spec.ts
web:test:  ✓ app/(workspace)/organization/organization-legal-entities-section.spec.tsx (4 tests) 810ms
web:test:    ✓ OrganizationLegalEntitiesSection > creates a new entity with blank optional values omitted from the request  381ms
web:test:    ✓ OrganizationLegalEntitiesSection > keeps the editor usable when create and lifecycle calls fail  311ms
api:test: PASS src/connectors/connectors-sync-operations.controller.spec.ts
api:test: PASS src/vulnerabilities/worker/vulnerability-feed-worker.spec.ts
api:test: PASS src/supplier-evidence/supplier-evidence.controller.spec.ts
api:test: PASS src/vulnerabilities/infrastructure/supabase-vulnerability-enrichment.repository.spec.ts
web:test:  ✓ app/(workspace)/permissions/page.spec.tsx (2 tests) 1582ms
web:test:    ✓ PermissionsMatrixPage > loads and saves overrides through rolesApi  827ms
web:test:    ✓ PermissionsMatrixPage > reuses a permission-change identity after a network timeout  754ms
api:test: PASS src/vulnerabilities/vulnerability-enrichment.controller.spec.ts
api:test: PASS src/products/imports/product-imports.controller.spec.ts
api:test: PASS src/sboms/ci-providers/ci-provider-webhook-boundaries.spec.ts
api:test: PASS src/sboms/normalization/sbom-normalizer-regression.spec.ts
api:test: PASS src/products/infrastructure/supabase-product.repository.spec.ts
api:test: PASS src/vulnerabilities/vulnerability-manual-findings.controller.spec.ts
infrastructure:test: psql:<stdin>:209: NOTICE:  M12-06 1000-member critical release ms=1001.31
infrastructure:test: DO
infrastructure:test: ROLLBACK
web:test:  ✓ app/_features/sboms/sboms.queries.spec.tsx (10 tests) 509ms
api:test: PASS src/common/pipes/controller-validation.integration.spec.ts
infrastructure:test: Running tests/m12-06-critical-escalation.test.sql
infrastructure:test: BEGIN
infrastructure:test: CREATE FUNCTION
infrastructure:test:  check 
infrastructure:test: -------
infrastructure:test:  
infrastructure:test: (1 row)
infrastructure:test: 
api:test: PASS src/sboms/normalization/sbom-normalizer-licenses.spec.ts
api:test: PASS src/supplier-evidence/infrastructure/supabase-supplier-document-extraction.repository.spec.ts
infrastructure:test: DO
infrastructure:test: ROLLBACK
infrastructure:test: Running tests/m12-06-notification-bursts.test.sql
api:test: PASS src/reporting/reporting-obligation.controller.spec.ts
infrastructure:test: BEGIN
infrastructure:test: CREATE FUNCTION
infrastructure:test:  check 
infrastructure:test: -------
infrastructure:test:  
infrastructure:test: (1 row)
infrastructure:test: 
infrastructure:test:  check 
infrastructure:test: -------
infrastructure:test:  
infrastructure:test: (1 row)
infrastructure:test: 
infrastructure:test:  check 
infrastructure:test: -------
infrastructure:test:  
infrastructure:test: (1 row)
infrastructure:test: 
infrastructure:test:  check 
infrastructure:test: -------
infrastructure:test:  
infrastructure:test: (1 row)
infrastructure:test: 
infrastructure:test:  check 
infrastructure:test: -------
infrastructure:test:  
infrastructure:test: (1 row)
infrastructure:test: 
infrastructure:test:  check 
infrastructure:test: -------
infrastructure:test:  
infrastructure:test: (1 row)
infrastructure:test: 
infrastructure:test: DO
api:test: PASS src/vulnerabilities/vulnerabilities.module.spec.ts
api:test: PASS src/vulnerabilities/infrastructure/supabase-vulnerability-matching.repository.spec.ts
api:test: PASS src/invitations/invitations.module.spec.ts
infrastructure:test: DO
api:test: PASS src/findings/exports/infrastructure/supabase-vulnerability-vex-export.repository.spec.ts
infrastructure:test: DO
infrastructure:test:  check 
infrastructure:test: -------
infrastructure:test:  
infrastructure:test: (1 row)
infrastructure:test: 
infrastructure:test: ROLLBACK
infrastructure:test: Running tests/m12-06-reopened-sla.test.sql
api:test: PASS src/connectors/infrastructure/webhook-signature.spec.ts
api:test: PASS src/vulnerabilities/vulnerability-matching.controller.spec.ts
infrastructure:test: BEGIN
infrastructure:test: CREATE FUNCTION
infrastructure:test: DO
infrastructure:test: ROLLBACK
infrastructure:test: Running tests/m13-01-ai-decision-redaction.test.sql
api:test: PASS src/connectors/agent/agent-management.controller.spec.ts
api:test: PASS src/connectors/agent/supabase-agent.repository.spec.ts
infrastructure:test: BEGIN
infrastructure:test: CREATE FUNCTION
api:test: PASS src/connectors/infrastructure/supabase-webhook.repository.spec.ts
infrastructure:test: DO
infrastructure:test: ROLLBACK
infrastructure:test: Running tests/m13-01-audit-envelope.test.sql
api:test: PASS src/sboms/worker/sbom-ingest-worker.spec.ts
web:test:  ✓ app/(workspace)/connectors/webhooks/webhooks-content.spec.tsx (19 tests) 709ms
infrastructure:test: BEGIN
infrastructure:test: CREATE FUNCTION
infrastructure:test:  check 
infrastructure:test: -------
infrastructure:test:  
infrastructure:test: (1 row)
infrastructure:test: 
infrastructure:test:  check 
infrastructure:test: -------
infrastructure:test:  
infrastructure:test: (1 row)
infrastructure:test: 
infrastructure:test: DO
infrastructure:test: DO
infrastructure:test: DO
infrastructure:test: DO
infrastructure:test: DO
api:test: [Nest] 92148  - 10/06/2026, 2:13:55 PM    WARN [SbomIngestWorker] Object(2) {
api:test:   message: 'sbom ingest cycle could not persist state',
api:test:   error: {
api:test:     name: 'Error',
api:test:     code: null,
api:test:     providerCode: null
api:test:   }
api:test: }
api:test: PASS src/ai/supplier-document-extraction.worker.spec.ts
api:test: PASS src/reporting/reporting-rehearsal.controller.spec.ts
infrastructure:test: DO
infrastructure:test: SET
infrastructure:test:  outcome  |               audit_id               
infrastructure:test: ----------+--------------------------------------
infrastructure:test:  inserted | 2eda3a65-057e-4049-9c5b-c01b979b1c4b
infrastructure:test: (1 row)
infrastructure:test: 
infrastructure:test: RESET
infrastructure:test:  check 
infrastructure:test: -------
infrastructure:test:  
infrastructure:test: (1 row)
infrastructure:test: 
infrastructure:test:  check 
infrastructure:test: -------
infrastructure:test:  
infrastructure:test: (1 row)
infrastructure:test: 
infrastructure:test:  check 
infrastructure:test: -------
infrastructure:test:  
infrastructure:test: (1 row)
infrastructure:test: 
infrastructure:test: CREATE TABLE
infrastructure:test: CREATE FUNCTION
infrastructure:test: CREATE TRIGGER
infrastructure:test: DO
infrastructure:test: DROP TRIGGER
infrastructure:test: ROLLBACK
infrastructure:test: Running tests/m13-01-auth-audit.test.sql
api:test: PASS src/evidence/worker/evidence-watermark-export-worker.spec.ts
api:test: PASS src/organizations/tenant-administration/tenant-administration.controller.spec.ts
infrastructure:test: BEGIN
infrastructure:test: CREATE FUNCTION
infrastructure:test: DO
infrastructure:test: CREATE FUNCTION
infrastructure:test: CREATE TRIGGER
infrastructure:test: DO
infrastructure:test: ROLLBACK
infrastructure:test: Running tests/m13-01-chat-test-security-audit.test.sql
api:test: PASS src/connectors/application/connector-sync-operations-use-cases.spec.ts
api:test: PASS src/findings/exports/vulnerability-vex-export.controller.spec.ts
infrastructure:test: BEGIN
infrastructure:test: CREATE FUNCTION
infrastructure:test: CREATE FUNCTION
infrastructure:test:  check 
infrastructure:test: -------
infrastructure:test:  
infrastructure:test: (1 row)
infrastructure:test: 
infrastructure:test: psql:<stdin>:28: NOTICE:  ok chat command RPCs remain private with pinned search paths
infrastructure:test: psql:<stdin>:153: NOTICE:  ok seeded local organization actors exist
infrastructure:test: psql:<stdin>:153: NOTICE:  ok channel fixture created
infrastructure:test: psql:<stdin>:153: NOTICE:  ok tenant substitution cannot prepare a test
infrastructure:test: psql:<stdin>:153: NOTICE:  ok test initiation records one durable redacted intent
infrastructure:test: psql:<stdin>:153: NOTICE:  ok same begin key conflicts without duplicate intent
infrastructure:test: psql:<stdin>:153: NOTICE:  ok provider acceptance remains source-owned
infrastructure:test: psql:<stdin>:153: NOTICE:  ok tenant substitution cannot increment confirmation counter
infrastructure:test: psql:<stdin>:153: NOTICE:  ok audit outage rolls back new challenge preparation
infrastructure:test: psql:<stdin>:153: NOTICE:  ok audit outage rolls back wrong-code counter
infrastructure:test: psql:<stdin>:153: NOTICE:  ok wrong code has a distinct denied event for attempt 1
infrastructure:test: psql:<stdin>:153: NOTICE:  ok same denied command key preserves original invalid result and attempt count
infrastructure:test: psql:<stdin>:153: NOTICE:  ok wrong code has a distinct denied event for attempt 2
infrastructure:test: psql:<stdin>:153: NOTICE:  ok wrong code has a distinct denied event for attempt 3
infrastructure:test: psql:<stdin>:153: NOTICE:  ok wrong code has a distinct denied event for attempt 4
infrastructure:test: psql:<stdin>:153: NOTICE:  ok wrong code has a distinct denied event for attempt 5
infrastructure:test: psql:<stdin>:153: NOTICE:  ok fifth denied code clears challenge and leaves five events
infrastructure:test: psql:<stdin>:153: NOTICE:  ok locked fifth attempt remains stable on retry
infrastructure:test: DO
infrastructure:test: ROLLBACK
infrastructure:test: Running tests/m13-01-identity-audit.test.sql
api:test: PASS src/findings/assessments/infrastructure/supabase-vulnerability-assessment.repository.spec.ts
api:test: PASS src/users/infrastructure/supabase-member.repository.spec.ts
api:test: PASS src/vulnerabilities/infrastructure/http-vulnerability-feed.providers.spec.ts
infrastructure:test: BEGIN
infrastructure:test: CREATE FUNCTION
infrastructure:test:  check 
infrastructure:test: -------
infrastructure:test:  
infrastructure:test: (1 row)
infrastructure:test: 
infrastructure:test:  check 
infrastructure:test: -------
infrastructure:test:  
infrastructure:test: (1 row)
infrastructure:test: 
web:test:  ✓ app/_features/frameworks/control-library-panel.spec.tsx (16 tests) 776ms
infrastructure:test: DO
infrastructure:test: CREATE FUNCTION
infrastructure:test: CREATE TRIGGER
infrastructure:test: DO
infrastructure:test: ROLLBACK
infrastructure:test: Running tests/m13-01-invitation-creation-audit.test.sql
api:test: PASS src/products/products.service.spec.ts
infrastructure:test: BEGIN
api:test: PASS src/vulnerabilities/infrastructure/supabase-vulnerability-feed.repository.spec.ts
infrastructure:test: CREATE FUNCTION
infrastructure:test:  check 
infrastructure:test: -------
infrastructure:test:  
infrastructure:test: (1 row)
infrastructure:test: 
infrastructure:test:  check 
infrastructure:test: -------
infrastructure:test:  
infrastructure:test: (1 row)
infrastructure:test: 
infrastructure:test: DO
infrastructure:test: CREATE FUNCTION
infrastructure:test: CREATE TRIGGER
infrastructure:test: DO
infrastructure:test: ROLLBACK
infrastructure:test: Running tests/m13-01-reporting-pack-audit.test.sql
api:test: PASS src/sboms/ci-providers/ci-providers.spec.ts
api:test: [Nest] 92148  - 10/06/2026, 2:13:56 PM    WARN [SupabaseVulnerabilityFeedRepository] vulnerability_feed_rpc_unavailable rpc=list_vulnerability_feed_sync_runs
infrastructure:test: BEGIN
infrastructure:test: CREATE FUNCTION
api:test: PASS src/invitations/infrastructure/supabase-invitation.repository.spec.ts
infrastructure:test: DO
infrastructure:test:  check 
infrastructure:test: -------
infrastructure:test:  
infrastructure:test: (1 row)
infrastructure:test: 
infrastructure:test: CREATE FUNCTION
infrastructure:test: CREATE TRIGGER
infrastructure:test: DO
infrastructure:test: DROP TRIGGER
infrastructure:test: ROLLBACK
infrastructure:test: Running tests/m13-01-sbom-audit-gaps.test.sql
api:test: PASS src/supplier-evidence/infrastructure/supabase-supplier-evidence-sbom.repository.spec.ts
api:test: PASS src/connectors/connectors-retry-compatibility.spec.ts
infrastructure:test: BEGIN
infrastructure:test: CREATE FUNCTION
infrastructure:test: DO
infrastructure:test:  check 
infrastructure:test: -------
infrastructure:test:  
infrastructure:test: (1 row)
infrastructure:test: 
infrastructure:test: ROLLBACK
infrastructure:test: Running tests/m13-01-supplier-session-audit.test.sql
api:test: PASS src/notifications/worker/supabase-notification-burst-queue.adapter.spec.ts
api:test: PASS src/supplier-evidence/infrastructure/supabase-supplier-evidence.repository.spec.ts
api:test: PASS src/technical-files/infrastructure/supabase-technical-file-readiness.repository.spec.ts
infrastructure:test: BEGIN
infrastructure:test: CREATE FUNCTION
infrastructure:test: CREATE FUNCTION
api:test: PASS src/organizations/organizations.module.spec.ts
infrastructure:test: DO
infrastructure:test:  check 
infrastructure:test: -------
infrastructure:test:  
infrastructure:test: (1 row)
infrastructure:test: 
infrastructure:test: ROLLBACK
web:test:  ✓ app/_features/supplier-evidence/supplier-evidence-review-panel.spec.tsx (6 tests) 702ms
web:test:    ✓ SupplierEvidenceReviewPanel > keeps the supplier-visible reason and internal note in separate review fields  365ms
api:test: PASS src/findings/triage/infrastructure/supabase-vulnerability-triage.repository.spec.ts
infrastructure:test: Running tests/m13-01-vulnerability-feed-audit.test.sql
api:test: PASS src/organizations/tenant-administration/worker/supabase-tenant-export-artifact-snapshot.adapter.spec.ts
api:test: PASS src/vulnerabilities/infrastructure/supabase-vulnerability-reachability-ingestion.repository.spec.ts
api:test: PASS src/ai/ai-gateway.spec.ts
api:test: PASS src/findings/triage/vulnerability-triage.controller.spec.ts
api:test: PASS src/sboms/application/sbom-ci-integration-use-cases.spec.ts
infrastructure:test: BEGIN
infrastructure:test: CREATE FUNCTION
infrastructure:test: CREATE FUNCTION
infrastructure:test:  check 
infrastructure:test: -------
infrastructure:test:  
infrastructure:test: (1 row)
infrastructure:test: 
infrastructure:test: psql:<stdin>:29: NOTICE:  ok feed audit projection is scoped to server-owned insert trigger
infrastructure:test: psql:<stdin>:154: NOTICE:  ok manual request queued
infrastructure:test: psql:<stdin>:154: NOTICE:  ok manual source event has one protected audit envelope
infrastructure:test: psql:<stdin>:154: NOTICE:  ok audit projection contains only approved source references
infrastructure:test: psql:<stdin>:154: NOTICE:  ok manual source cannot be spoofed or stripped of actor
infrastructure:test: psql:<stdin>:154: NOTICE:  ok request retry replays one source event and audit
api:test: PASS src/vulnerabilities/offline-bundle-imports.controller.spec.ts
api:test: PASS src/sboms/application/sbom-intake-use-cases.spec.ts
infrastructure:test: psql:<stdin>:154: NOTICE:  ok manual replay has distinct audited source identity
api:test: PASS src/products/products.controller.spec.ts
api:test: PASS src/sboms/infrastructure/supabase-sbom-ci-integration.repository.spec.ts
infrastructure:test: psql:<stdin>:154: NOTICE:  ok replay retry makes no second audit event
web:test:  ✓ app/_features/notifications/chat-channel-panel.spec.tsx (15 tests) 812ms
api:test: PASS src/products/infrastructure/supabase-product-classification.spec.ts
api:test: PASS src/frameworks/infrastructure/supabase-control.repository.spec.ts
api:test: PASS src/sboms/infrastructure/supabase-sbom-diff-findings.spec.ts
api:test: PASS src/notifications/worker/supabase-chat-notification-queue.adapter.spec.ts
api:test: PASS src/connectors/connectors.service.spec.ts
api:test: PASS src/sboms/sbom-composite.controller.spec.ts
web:test:  ✓ app/_features/notifications/notifications.queries.spec.tsx (11 tests) 432ms
api:test: PASS src/sboms/infrastructure/supabase-sbom-quality-persistence.spec.ts
api:test: PASS src/findings/assessments/bulk/infrastructure/supabase-vulnerability-assessment-bulk.repository.spec.ts
api:test: PASS src/products/product-owners.controller.spec.ts
api:test: PASS src/frameworks/infrastructure/supabase-framework.repository.spec.ts
api:test: PASS src/connectors/agent/agent-ingress.controller.spec.ts
api:test: PASS src/vulnerabilities/vulnerabilities.controller.spec.ts
api:test: PASS src/connectors/application/connector-catalogue.spec.ts
api:test: PASS src/technical-files/worker/technical-file-snapshot-export-worker.spec.ts
infrastructure:test: psql:<stdin>:154: NOTICE:  ok audit outage rolls back queued run and source event
infrastructure:test: psql:<stdin>:154: NOTICE:  ok audit outage rolls back replay transition and source event
infrastructure:test: DO
infrastructure:test: ROLLBACK
infrastructure:test: Running tests/m13-02-audit-chain.test.sql
web:test:  ✓ app/dashboard/_lib/use-table-query.spec.tsx (6 tests) 446ms
api:test: PASS src/products/infrastructure/supabase-product-owner-directory.spec.ts
api:test: PASS src/products/worker/supabase-product-compliance-worker.adapter.spec.ts
api:test: [Nest] 92147  - 10/06/2026, 2:13:58 PM     LOG [SupabaseProductComplianceWorkerAdapter] security_update_artifact_cleanup_deferred artifact=00000000-0000-4000-8000-000000000005 outcome=shared_object
api:test: [Nest] 92147  - 10/06/2026, 2:13:58 PM     LOG [SupabaseProductComplianceWorkerAdapter] security_update_artifact_cleanup_deferred artifact=00000000-0000-4000-8000-000000000005 outcome=legal_hold
api:test: [Nest] 92147  - 10/06/2026, 2:13:58 PM     LOG [SupabaseProductComplianceWorkerAdapter] security_update_artifact_cleanup_deferred artifact=00000000-0000-4000-8000-000000000005 outcome=not_due
api:test: [Nest] 92147  - 10/06/2026, 2:13:58 PM     LOG [SupabaseProductComplianceWorkerAdapter] security_update_artifact_cleanup_deferred artifact=00000000-0000-4000-8000-000000000005 outcome=already_completed
api:test: PASS src/permissions/permissions.module.spec.ts
api:test: PASS src/ai/evaluation/run-supplier-document-evaluation.spec.ts
infrastructure:test: BEGIN
infrastructure:test: CREATE FUNCTION
infrastructure:test:  check 
infrastructure:test: -------
infrastructure:test:  
infrastructure:test: (1 row)
infrastructure:test: 
infrastructure:test:  check 
infrastructure:test: -------
infrastructure:test:  
infrastructure:test: (1 row)
infrastructure:test: 
infrastructure:test:  check 
infrastructure:test: -------
infrastructure:test:  
infrastructure:test: (1 row)
infrastructure:test: 
infrastructure:test:  check 
infrastructure:test: -------
infrastructure:test:  
infrastructure:test: (1 row)
infrastructure:test: 
infrastructure:test:  check 
infrastructure:test: -------
infrastructure:test:  
infrastructure:test: (1 row)
infrastructure:test: 
infrastructure:test: DO
api:test: PASS src/connectors/application/ci-connector-credential-reader.spec.ts
infrastructure:test: DO
infrastructure:test: SET
api:test: PASS src/connectors/infrastructure/node-webhook-transport.spec.ts
infrastructure:test: DO
infrastructure:test: RESET
infrastructure:test:  check 
infrastructure:test: -------
infrastructure:test:  
infrastructure:test: (1 row)
infrastructure:test: 
infrastructure:test:  check 
infrastructure:test: -------
infrastructure:test:  
infrastructure:test: (1 row)
infrastructure:test: 
infrastructure:test: ROLLBACK
infrastructure:test: Running tests/m13-02-canonical-volatility.test.sql
infrastructure:test: BEGIN
api:test: PASS src/supplier-evidence/supplier-evidence-sbom.controller.spec.ts
api:test: PASS src/webhook-delivery-worker.spec.ts
api:test: PASS src/organizations/branding/infrastructure/supabase-branding-storage.adapter.spec.ts
api:test: PASS src/connectors/infrastructure/supabase-connector-hub.repository.spec.ts
api:test: PASS src/products/infrastructure/supabase-product-relationship-worker.adapter.spec.ts
infrastructure:test: CREATE EXTENSION
infrastructure:test: SET
infrastructure:test:  plan 
infrastructure:test: ------
infrastructure:test:  1..2
infrastructure:test: (1 row)
infrastructure:test: 
infrastructure:test:                                is                                
infrastructure:test: -----------------------------------------------------------------
infrastructure:test:  ok 1 - canonical JSON declares its stable PostgreSQL dependency
infrastructure:test: (1 row)
infrastructure:test: 
infrastructure:test:                                  is                                  
infrastructure:test: ---------------------------------------------------------------------
infrastructure:test:  ok 2 - canonical envelope declares its stable PostgreSQL dependency
infrastructure:test: (1 row)
infrastructure:test: 
infrastructure:test:  finish 
infrastructure:test: --------
infrastructure:test: (0 rows)
infrastructure:test: 
infrastructure:test: ROLLBACK
api:test: PASS src/products/infrastructure/supabase-product-compliance.repository.spec.ts
infrastructure:test: Running tests/m13-audit-retention-lifecycle.test.sql
api:test: PASS src/connectors/infrastructure/node-connector-egress.policy.spec.ts
infrastructure:test: BEGIN
api:test: PASS src/organizations/branding/infrastructure/supabase-branding.repository.spec.ts
api:test: PASS src/sboms/sbom.controller.spec.ts
infrastructure:test: CREATE EXTENSION
infrastructure:test:  plan  
infrastructure:test: -------
infrastructure:test:  1..20
infrastructure:test: (1 row)
infrastructure:test: 
infrastructure:test:                                    ok                                   
infrastructure:test: ------------------------------------------------------------------------
infrastructure:test:  ok 1 - audit retention refresh uses existing tenant source projections
infrastructure:test: (1 row)
infrastructure:test: 
infrastructure:test:                             is                            
infrastructure:test: ----------------------------------------------------------
infrastructure:test:  ok 2 - archival blocker survives lifecycle normalization
infrastructure:test: (1 row)
infrastructure:test: 
infrastructure:test:                       ok                       
infrastructure:test: -----------------------------------------------
infrastructure:test:  ok 3 - claim blocks before artifact inventory
infrastructure:test: (1 row)
infrastructure:test: 
infrastructure:test:                                ok                                
infrastructure:test: -----------------------------------------------------------------
infrastructure:test:  ok 4 - completion independently blocks previously claimed purge
infrastructure:test: (1 row)
infrastructure:test: 
infrastructure:test:                            ok                            
infrastructure:test: ---------------------------------------------------------
infrastructure:test:  ok 5 - tenant export includes activation and chain head
infrastructure:test: (1 row)
infrastructure:test: 
infrastructure:test:                                 is                                
infrastructure:test: ------------------------------------------------------------------
infrastructure:test:  ok 6 - export preserves already-redacted canonical bytes exactly
infrastructure:test: (1 row)
infrastructure:test: 
infrastructure:test:                               is                              
infrastructure:test: --------------------------------------------------------------
infrastructure:test:  ok 7 - export keeps bigint counters as exact decimal strings
infrastructure:test: (1 row)
infrastructure:test: 
web:test:  ✓ app/_features/frameworks/custom-frameworks-panel.spec.tsx (12 tests) 659ms
infrastructure:test:                        ok                        
infrastructure:test: -------------------------------------------------
infrastructure:test:  ok 8 - service may request source-owned refresh
infrastructure:test: (1 row)
infrastructure:test: 
infrastructure:test:                    ok                   
infrastructure:test: ----------------------------------------
infrastructure:test:  ok 9 - browser cannot update retention
infrastructure:test: (1 row)
infrastructure:test: 
infrastructure:test:                          ok                         
infrastructure:test: ----------------------------------------------------
infrastructure:test:  ok 10 - service cannot supply fabricated retention
infrastructure:test: (1 row)
infrastructure:test: 
infrastructure:test:                 ok                
infrastructure:test: ----------------------------------
infrastructure:test:  ok 11 - watermarks cannot shrink
infrastructure:test: (1 row)
infrastructure:test: 
infrastructure:test: SELECT 1
infrastructure:test:  m13_02_store_audit_retention 
infrastructure:test: ------------------------------
infrastructure:test:  
infrastructure:test: (1 row)
infrastructure:test: 
infrastructure:test:  m13_02_store_audit_retention 
infrastructure:test: ------------------------------
infrastructure:test:  
infrastructure:test: (1 row)
infrastructure:test: 
infrastructure:test:                                  is                                  
infrastructure:test: ---------------------------------------------------------------------
infrastructure:test:  ok 12 - lower settings cannot lower the observed retention duration
infrastructure:test: (1 row)
infrastructure:test: 
infrastructure:test:                                  is                                 
infrastructure:test: --------------------------------------------------------------------
infrastructure:test:  ok 13 - lower settings cannot shorten the observed protection date
infrastructure:test: (1 row)
infrastructure:test: 
infrastructure:test:                                 is                                 
infrastructure:test: -------------------------------------------------------------------
infrastructure:test:  ok 14 - a prior future high-watermark cannot be reported complete
infrastructure:test: (1 row)
infrastructure:test: 
infrastructure:test: INSERT 0 1
infrastructure:test: UPDATE 4
infrastructure:test:  m13_02_refresh_audit_retention_atomic 
infrastructure:test: ---------------------------------------
infrastructure:test:  unknown
infrastructure:test: (1 row)
infrastructure:test: 
infrastructure:test:                          is                         
infrastructure:test: ----------------------------------------------------
infrastructure:test:  ok 15 - longer source protection extends the chain
infrastructure:test: (1 row)
infrastructure:test: 
infrastructure:test:                                       is                                      
infrastructure:test: ------------------------------------------------------------------------------
infrastructure:test:  ok 16 - unavailable authorities are incomplete rather than deletion eligible
infrastructure:test: (1 row)
infrastructure:test: 
infrastructure:test:  m13_02_store_audit_retention 
infrastructure:test: ------------------------------
infrastructure:test:  
infrastructure:test: (1 row)
infrastructure:test: 
infrastructure:test:  m13_02_store_audit_retention 
infrastructure:test: ------------------------------
infrastructure:test:  
infrastructure:test: (1 row)
infrastructure:test: 
infrastructure:test:                                ok                               
infrastructure:test: ----------------------------------------------------------------
infrastructure:test:  ok 17 - incomplete projections cannot release an observed hold
infrastructure:test: (1 row)
infrastructure:test: 
infrastructure:test:  m13_02_store_audit_retention 
infrastructure:test: ------------------------------
infrastructure:test:  
infrastructure:test: (1 row)
infrastructure:test: 
infrastructure:test:                                          ok                                          
infrastructure:test: -------------------------------------------------------------------------------------
infrastructure:test:  ok 18 - a complete source-owned reconciliation can observe an approved hold release
infrastructure:test: (1 row)
infrastructure:test: 
infrastructure:test: UPDATE 1
infrastructure:test: INSERT 0 1
infrastructure:test:                            is                           
infrastructure:test: --------------------------------------------------------
infrastructure:test:  ok 19 - actual purge claim blocks before artifact work
infrastructure:test: (1 row)
infrastructure:test: 
infrastructure:test: UPDATE 1
infrastructure:test: UPDATE 1
infrastructure:test:                                    is                                    
infrastructure:test: -------------------------------------------------------------------------
infrastructure:test:  ok 20 - actual completion independently blocks an already-running purge
infrastructure:test: (1 row)
infrastructure:test: 
api:test: PASS src/supplier-evidence/worker/supplier-evidence-reminder-worker.spec.ts
infrastructure:test: SET CONSTRAINTS
infrastructure:test:  finish 
infrastructure:test: --------
infrastructure:test: (0 rows)
infrastructure:test: 
api:test: PASS src/frameworks/frameworks.module.spec.ts
infrastructure:test: ROLLBACK
infrastructure:test: Running tests/m2-product-classification-history-authorization.test.sql
api:test: PASS src/products/application/product-use-cases.spec.ts
infrastructure:test: BEGIN
infrastructure:test: CREATE FUNCTION
infrastructure:test: psql:<stdin>:6: NOTICE:  ok scoped history RPC exists
infrastructure:test:  check 
infrastructure:test: -------
infrastructure:test:  
infrastructure:test: (1 row)
infrastructure:test: 
infrastructure:test: psql:<stdin>:9: NOTICE:  ok history RPC only executable by service role
infrastructure:test:  check 
infrastructure:test: -------
infrastructure:test:  
infrastructure:test: (1 row)
infrastructure:test: 
infrastructure:test: psql:<stdin>:68: NOTICE:  ok empty history has bounded valid page
infrastructure:test: psql:<stdin>:68: NOTICE:  ok history returns exact full immutable run
infrastructure:test: psql:<stdin>:68: NOTICE:  ok out of range page empty but latest retained
infrastructure:test: psql:<stdin>:68: NOTICE:  ok foreign or missing product denied
infrastructure:test: psql:<stdin>:68: NOTICE:  ok tenant substitution denied
infrastructure:test: psql:<stdin>:68: NOTICE:  ok invalid page denied
infrastructure:test: psql:<stdin>:68: NOTICE:  ok oversized page denied
infrastructure:test: psql:<stdin>:68: NOTICE:  ok oversized page number denied
infrastructure:test: psql:<stdin>:68: NOTICE:  ok null pagination denied
infrastructure:test: psql:<stdin>:68: NOTICE:  ok revoked read permission denied in database
infrastructure:test: psql:<stdin>:68: NOTICE:  ok inactive actor denied in database
infrastructure:test: psql:<stdin>:68: NOTICE:  ok archived retained history readable
infrastructure:test: psql:<stdin>:68: NOTICE:  ok inactive tenant lifecycle denied
infrastructure:test: DO
infrastructure:test: ROLLBACK
infrastructure:test: Running tests/m2-product-classification-read-load.test.sql
api:test: PASS src/products/imports/supabase-product-import.repository.spec.ts
api:test: PASS src/connectors/application/connector-field-mapping-policy.spec.ts
infrastructure:test: BEGIN
web:test:  ✓ app/(workspace)/products/product-compliance-sections.spec.tsx (18 tests) 663ms
api:test: PASS src/sboms/sbom.service.spec.ts
api:test: PASS src/connectors/infrastructure/supabase-sync-operations.repository.spec.ts
api:test: PASS src/ai/evaluation/supplier-document-evaluation.spec.ts
api:test: PASS src/products/product-classifications.controller.spec.ts
api:test: PASS src/mail/mail.service.tls.spec.ts
api:test: [Nest] 92147  - 10/06/2026, 2:14:00 PM   ERROR [VulnerabilityRemediationTicketOperationWorker] Remediation ticket operation failure could not be recorded
api:test: PASS src/findings/triage/worker/vulnerability-remediation-ticket-operation-worker.spec.ts
api:test: [Nest] 92147  - 10/06/2026, 2:14:00 PM    WARN [VulnerabilityRemediationTicketOperationWorker] Object(4) {
api:test:   message: 'Remediation ticket operation failed',
api:test:   operationId: '12121212-1212-4121-8121-121212121212',
api:test:   operation: 'sync_context',
api:test:   error: 'Error'
api:test: }
api:test: [Nest] 92147  - 10/06/2026, 2:14:00 PM    WARN [VulnerabilityRemediationTicketOperationWorker] Object(4) {
api:test:   message: 'Remediation ticket operation failed',
api:test:   operationId: '12121212-1212-4121-8121-121212121212',
api:test:   operation: 'reserve_transition',
api:test:   error: 'Error'
api:test: }
api:test: [Nest] 92147  - 10/06/2026, 2:14:00 PM    WARN [VulnerabilityRemediationTicketOperationWorker] Object(4) {
api:test:   message: 'Remediation ticket operation failed',
api:test:   operationId: '12121212-1212-4121-8121-121212121212',
api:test:   operation: 'reserve_transition',
api:test:   error: 'JiraAdapterError'
api:test: }
api:test: [Nest] 92147  - 10/06/2026, 2:14:00 PM    WARN [VulnerabilityRemediationTicketOperationWorker] Object(4) {
api:test:   message: 'Remediation ticket operation failed',
api:test:   operationId: '12121212-1212-4121-8121-121212121212',
api:test:   operation: 'sync_context',
api:test:   error: 'Error'
api:test: }
api:test: [Nest] 92147  - 10/06/2026, 2:14:00 PM    WARN [VulnerabilityRemediationTicketOperationWorker] Object(4) {
api:test:   message: 'Remediation ticket operation failed',
api:test:   operationId: '12121212-1212-4121-8121-121212121212',
api:test:   operation: 'sync_context',
api:test:   error: 'Error'
api:test: }
api:test: [Nest] 92147  - 10/06/2026, 2:14:00 PM    WARN [VulnerabilityRemediationTicketOperationWorker] Object(4) {
api:test:   message: 'Remediation ticket operation failed',
api:test:   operationId: '12121212-1212-4121-8121-121212121212',
api:test:   operation: 'sync_context',
api:test:   error: 'Error'
api:test: }
api:test: [Nest] 92147  - 10/06/2026, 2:14:00 PM    WARN [VulnerabilityRemediationTicketOperationWorker] Object(4) {
api:test:   message: 'Remediation ticket operation failed',
api:test:   operationId: '12121212-1212-4121-8121-121212121212',
api:test:   operation: 'sync_context',
api:test:   error: 'Error'
api:test: }
api:test: [Nest] 92147  - 10/06/2026, 2:14:00 PM    WARN [VulnerabilityRemediationTicketOperationWorker] Object(4) {
api:test:   message: 'Remediation ticket operation failed',
api:test:   operationId: '12121212-1212-4121-8121-121212121212',
api:test:   operation: 'reserve_transition',
api:test:   error: 'Error'
api:test: }
api:test: [Nest] 92147  - 10/06/2026, 2:14:00 PM    WARN [VulnerabilityRemediationTicketOperationWorker] Object(4) {
api:test:   message: 'Remediation ticket operation failed',
api:test:   operationId: '12121212-1212-4121-8121-121212121212',
api:test:   operation: 'reserve_transition',
api:test:   error: 'Error'
api:test: }
api:test: [Nest] 92147  - 10/06/2026, 2:14:00 PM    WARN [VulnerabilityRemediationTicketOperationWorker] Object(4) {
api:test:   message: 'Remediation ticket operation failed',
api:test:   operationId: '12121212-1212-4121-8121-121212121212',
api:test:   operation: 'sync_context',
api:test:   error: 'Error'
api:test: }
api:test: [Nest] 92147  - 10/06/2026, 2:14:00 PM    WARN [VulnerabilityRemediationTicketOperationWorker] Object(4) {
api:test:   message: 'Remediation ticket operation failed',
api:test:   operationId: '12121212-1212-4121-8121-121212121212',
api:test:   operation: 'sync_context',
api:test:   error: 'Error'
api:test: }
api:test: [Nest] 92147  - 10/06/2026, 2:14:00 PM    WARN [VulnerabilityRemediationTicketOperationWorker] Object(4) {
api:test:   message: 'Remediation ticket operation failed',
api:test:   operationId: '12121212-1212-4121-8121-121212121212',
api:test:   operation: 'sync_context',
api:test:   error: 'Error'
api:test: }
api:test: [Nest] 92147  - 10/06/2026, 2:14:00 PM    WARN [VulnerabilityRemediationTicketOperationWorker] Object(4) {
api:test:   message: 'Remediation ticket operation failed',
api:test:   operationId: '12121212-1212-4121-8121-121212121212',
api:test:   operation: 'sync_context',
api:test:   error: 'Error'
api:test: }
api:test: [Nest] 92147  - 10/06/2026, 2:14:00 PM    WARN [VulnerabilityRemediationTicketOperationWorker] Object(4) {
api:test:   message: 'Remediation ticket operation failed',
api:test:   operationId: '12121212-1212-4121-8121-121212121212',
api:test:   operation: 'sync_context',
api:test:   error: 'unknown'
api:test: }
api:test: [Nest] 92147  - 10/06/2026, 2:14:00 PM    WARN [VulnerabilityRemediationTicketOperationWorker] Object(4) {
api:test:   message: 'Remediation ticket operation failed',
api:test:   operationId: '12121212-1212-4121-8121-121212121212',
api:test:   operation: 'sync_context',
api:test:   error: 'Error'
api:test: }
api:test: [Nest] 92147  - 10/06/2026, 2:14:00 PM    WARN [VulnerabilityRemediationTicketOperationWorker] Object(4) {
api:test:   message: 'Remediation ticket operation failed',
api:test:   operationId: '12121212-1212-4121-8121-121212121212',
api:test:   operation: 'sync_context',
api:test:   error: 'JiraAdapterError'
api:test: }
api:test: PASS src/sboms/sbom-export.controller.spec.ts
api:test: PASS src/vulnerabilities/application/vulnerability-reachability-ingestion-use-cases.spec.ts
api:test: PASS src/frameworks/upgrades.controller.spec.ts
api:test: PASS src/sboms/worker/sbom-diff-versions.spec.ts
api:test: PASS src/organizations/branding/infrastructure/brand-logo-processor.spec.ts
api:test: PASS src/vulnerabilities/application/offline-bundle-preflight.service.spec.ts
api:test: [Nest] 92148  - 10/06/2026, 2:14:00 PM    WARN [SbomDiffWorker] Object(2) {
api:test:   message: 'sbom diff cycle failed',
api:test:   error: 'The report comparator policy is not installed.'
api:test: }
api:test: PASS src/sboms/quality/bsi-profile-evaluator.spec.ts
api:test: PASS src/evidence/infrastructure/supabase-evidence-validity-alert-queue.spec.ts
web:test:  ✓ app/(workspace)/products/sbom-export-panel.spec.tsx (8 tests) 443ms
api:test: PASS src/notifications/notifications.controller.spec.ts
api:test: PASS src/organizations/tenant-administration/infrastructure/supabase-tenant-administration.repository.spec.ts
api:test: PASS src/technical-files/infrastructure/supabase-technical-file-snapshot.repository.spec.ts
infrastructure:test: DO
infrastructure:test: psql:<stdin>:51: NOTICE:  Classification local DB diagnostic: 100 products/1000 runs/30 samples; latest100 p95=2.968ms p99=5.785ms; history15 p95=1.466ms p99=1.691ms
infrastructure:test: ROLLBACK
infrastructure:test: Running tests/m2-product-classification.test.sql
api:test: PASS src/connectors/infrastructure/connector-sync-operations-egress.spec.ts
web:test:  ✓ app/_features/frameworks/frameworks.queries.spec.tsx (5 tests) 344ms
api:test: PASS src/health/health.controller.spec.ts
infrastructure:test: BEGIN
infrastructure:test: CREATE FUNCTION
api:test: PASS src/tasks/infrastructure/supabase-task.repository.spec.ts
infrastructure:test:  check 
infrastructure:test: -------
infrastructure:test:  
infrastructure:test: (1 row)
infrastructure:test: 
infrastructure:test: psql:<stdin>:6: NOTICE:  ok immutable classification history exists
infrastructure:test:  check 
infrastructure:test: -------
infrastructure:test:  
infrastructure:test: (1 row)
infrastructure:test: 
infrastructure:test: psql:<stdin>:7: NOTICE:  ok actor and exact predecessor FK indexes exist
infrastructure:test:  check 
infrastructure:test: -------
infrastructure:test:  
infrastructure:test: (1 row)
infrastructure:test: 
infrastructure:test: psql:<stdin>:8: NOTICE:  ok RLS enabled and not forced
infrastructure:test: psql:<stdin>:10: NOTICE:  ok runtime roles cannot directly access history
infrastructure:test:  check 
infrastructure:test: -------
infrastructure:test:  
infrastructure:test: (1 row)
infrastructure:test: 
infrastructure:test: psql:<stdin>:13: NOTICE:  ok RPC narrow service grants
infrastructure:test:  check 
infrastructure:test: -------
infrastructure:test:  
infrastructure:test: (1 row)
infrastructure:test: 
infrastructure:test: psql:<stdin>:28: NOTICE:  ok actual authenticated database access denied
infrastructure:test: psql:<stdin>:28: NOTICE:  ok service adapter cannot bypass read RPC authorization
infrastructure:test: DO
infrastructure:test:  check 
infrastructure:test: -------
infrastructure:test:  
infrastructure:test: (1 row)
infrastructure:test: 
infrastructure:test: psql:<stdin>:29: NOTICE:  ok export source registered
infrastructure:test: psql:<stdin>:30: NOTICE:  ok export snapshot locks new history
infrastructure:test:  check 
infrastructure:test: -------
infrastructure:test:  
infrastructure:test: (1 row)
infrastructure:test: 
infrastructure:test: psql:<stdin>:31: NOTICE:  ok retry credentials excluded from export
infrastructure:test:  check 
infrastructure:test: -------
infrastructure:test:  
infrastructure:test: (1 row)
infrastructure:test: 
infrastructure:test: psql:<stdin>:35: NOTICE:  ok database policy matches shared four-question contract
infrastructure:test:  check 
infrastructure:test: -------
infrastructure:test:  
infrastructure:test: (1 row)
infrastructure:test: 
infrastructure:test: psql:<stdin>:36: NOTICE:  ok critical branch derives critical
infrastructure:test:  check 
infrastructure:test: -------
infrastructure:test:  
infrastructure:test: (1 row)
infrastructure:test: 
infrastructure:test: psql:<stdin>:37: NOTICE:  ok class II branch derives important II
infrastructure:test:  check 
infrastructure:test: -------
infrastructure:test:  
infrastructure:test: (1 row)
infrastructure:test: 
infrastructure:test: psql:<stdin>:38: NOTICE:  ok class I branch derives important I
infrastructure:test:  check 
infrastructure:test: -------
infrastructure:test:  
infrastructure:test: (1 row)
infrastructure:test: 
infrastructure:test: psql:<stdin>:39: NOTICE:  ok all no derives default
infrastructure:test: psql:<stdin>:40: NOTICE:  ok scope uncertain preserved
infrastructure:test: psql:<stdin>:41: NOTICE:  ok class uncertain preserved
infrastructure:test:  check 
infrastructure:test: -------
infrastructure:test:  
infrastructure:test: (1 row)
infrastructure:test: 
infrastructure:test:  check 
infrastructure:test: -------
infrastructure:test:  
infrastructure:test: (1 row)
infrastructure:test: 
infrastructure:test:  check 
infrastructure:test: -------
infrastructure:test:  
infrastructure:test: (1 row)
infrastructure:test: 
infrastructure:test: psql:<stdin>:42: NOTICE:  ok out of scope preserved
infrastructure:test:  check 
infrastructure:test: -------
infrastructure:test:  
infrastructure:test: (1 row)
infrastructure:test: 
infrastructure:test: psql:<stdin>:43: NOTICE:  ok hidden stale answer rejected
infrastructure:test:  check 
infrastructure:test: -------
infrastructure:test:  
infrastructure:test: (1 row)
infrastructure:test: 
infrastructure:test:  check 
infrastructure:test: -------
infrastructure:test:  
infrastructure:test: (1 row)
infrastructure:test: 
infrastructure:test: psql:<stdin>:44: NOTICE:  ok missing answer rejected
infrastructure:test:  check 
infrastructure:test: -------
infrastructure:test:  
infrastructure:test: (1 row)
infrastructure:test: 
infrastructure:test:  check 
infrastructure:test: -------
infrastructure:test:  
infrastructure:test: (1 row)
infrastructure:test: 
infrastructure:test: psql:<stdin>:45: NOTICE:  ok unknown field rejected
infrastructure:test: psql:<stdin>:46: NOTICE:  ok malicious answer rejected
infrastructure:test: CREATE FUNCTION
infrastructure:test: CREATE TRIGGER
infrastructure:test: psql:<stdin>:147: NOTICE:  ok viewer cannot publish classification
infrastructure:test: psql:<stdin>:147: NOTICE:  ok tenant substitution denied
infrastructure:test: psql:<stdin>:147: NOTICE:  ok missing or foreign product denied
infrastructure:test: psql:<stdin>:147: NOTICE:  ok caller legal approval denied
infrastructure:test: psql:<stdin>:147: NOTICE:  ok policy hash mismatch denied
infrastructure:test: psql:<stdin>:147: NOTICE:  ok invalid branch leaves no run
infrastructure:test: psql:<stdin>:147: NOTICE:  ok saved explicit result and full provenance
infrastructure:test: psql:<stdin>:147: NOTICE:  ok malicious-looking rationale remains plain immutable text
infrastructure:test: psql:<stdin>:147: NOTICE:  ok audit fact atomic and minimal
infrastructure:test: psql:<stdin>:147: NOTICE:  ok exact retry after restart replays identical run
infrastructure:test: psql:<stdin>:147: NOTICE:  ok changed retry conflicts
infrastructure:test: psql:<stdin>:147: NOTICE:  ok stale simultaneous revision conflicts
infrastructure:test: psql:<stdin>:147: NOTICE:  ok concurrent product edit conflicts
infrastructure:test: psql:<stdin>:147: NOTICE:  ok rerun retains immutable predecessor
infrastructure:test: psql:<stdin>:147: NOTICE:  ok viewer reads latest minimal provisional summary
infrastructure:test: psql:<stdin>:147: NOTICE:  ok bulk mixed tenant product list fails closed
infrastructure:test: psql:<stdin>:147: NOTICE:  ok bulk duplicate list rejected
infrastructure:test: psql:<stdin>:147: NOTICE:  ok bulk size bounded
infrastructure:test: psql:<stdin>:147: NOTICE:  ok revoked permission denies exact replay
infrastructure:test: psql:<stdin>:147: NOTICE:  ok audit failure leaves no partial run
infrastructure:test: psql:<stdin>:147: NOTICE:  ok direct update rejected
infrastructure:test: psql:<stdin>:147: NOTICE:  ok direct delete rejected
infrastructure:test: psql:<stdin>:147: NOTICE:  ok archived product cannot create run
infrastructure:test: psql:<stdin>:147: NOTICE:  ok archived history still readable
api:test: PASS src/sboms/validation/sbom-spool.spec.ts
api:test: PASS src/notifications/worker/chat-provider-delivery.adapter.spec.ts
api:test: PASS src/auth/supabase-auth.guard.spec.ts
api:test: PASS src/frameworks/custom-frameworks.controller.spec.ts
api:test: PASS src/vulnerabilities/infrastructure/supabase-vulnerability-reevaluation.repository.spec.ts
api:test: PASS src/evidence/infrastructure/supabase-evidence.repository.spec.ts
infrastructure:test: psql:<stdin>:147: NOTICE:  ok M1 snapshot includes exact immutable history
infrastructure:test: DO
infrastructure:test: psql:<stdin>:147: NOTICE:  ok M1 snapshot keeps answers/hash and removes retry credentials
infrastructure:test: ROLLBACK
infrastructure:test: Running tests/m2-product-legal-entity-snapshot-compatibility.test.sql
api:test: PASS src/technical-files/technical-files.controller.spec.ts
api:test: PASS src/organizations/legal-entities/legal-entities.controller.spec.ts
infrastructure:test: BEGIN
api:test: PASS src/frameworks/infrastructure/supabase-upgrade.repository.spec.ts
api:test: PASS src/auth/infrastructure/supabase-auth-adapters.spec.ts
infrastructure:test: CREATE EXTENSION
infrastructure:test:  plan 
infrastructure:test: ------
infrastructure:test:  1..9
infrastructure:test: (1 row)
infrastructure:test: 
infrastructure:test:                                             is                                             
infrastructure:test: -------------------------------------------------------------------------------------------
infrastructure:test:  ok 1 - every product legal-entity snapshot satisfies the strict product response contract
infrastructure:test: (1 row)
infrastructure:test: 
infrastructure:test:                                                   is                                                   
infrastructure:test: -------------------------------------------------------------------------------------------------------
infrastructure:test:  ok 2 - list_products projections cannot emit null legal-entity fields required by the shared contract
infrastructure:test: (1 row)
infrastructure:test: 
infrastructure:test:                                             is                                             
infrastructure:test: -------------------------------------------------------------------------------------------
infrastructure:test:  ok 3 - every release legal-entity snapshot satisfies the strict release response contract
infrastructure:test: (1 row)
infrastructure:test: 
infrastructure:test:                                                   is                                                   
infrastructure:test: -------------------------------------------------------------------------------------------------------
infrastructure:test:  ok 4 - list_releases projections cannot emit null legal-entity fields required by the shared contract
infrastructure:test: (1 row)
infrastructure:test: 
infrastructure:test: SELECT 1
infrastructure:test: UPDATE 1
infrastructure:test:                                       is                                       
infrastructure:test: -------------------------------------------------------------------------------
infrastructure:test:  ok 5 - the local fixture contains malformed and preserved snapshot candidates
infrastructure:test: (1 row)
infrastructure:test: 
infrastructure:test: UPDATE 1
infrastructure:test: UPDATE 1
infrastructure:test: UPDATE 1
infrastructure:test: UPDATE 1
infrastructure:test: UPDATE 1
infrastructure:test:                                          ok                                          
infrastructure:test: -------------------------------------------------------------------------------------
infrastructure:test:  ok 6 - an inactive entity with complete fields repairs a malformed product snapshot
infrastructure:test: (1 row)
infrastructure:test: 
infrastructure:test:                                          ok                                          
infrastructure:test: -------------------------------------------------------------------------------------
infrastructure:test:  ok 7 - an inactive entity with complete fields repairs a malformed release snapshot
infrastructure:test: (1 row)
infrastructure:test: 
infrastructure:test:                               ok                              
infrastructure:test: --------------------------------------------------------------
infrastructure:test:  ok 8 - a valid historical product snapshot remains unchanged
infrastructure:test: (1 row)
infrastructure:test: 
infrastructure:test:                               ok                              
infrastructure:test: --------------------------------------------------------------
infrastructure:test:  ok 9 - a valid historical release snapshot remains unchanged
infrastructure:test: (1 row)
infrastructure:test: 
infrastructure:test:  finish 
infrastructure:test: --------
infrastructure:test: (0 rows)
infrastructure:test: 
infrastructure:test: ROLLBACK
infrastructure:test: Running tests/m2-product-release-registry.test.sql
api:test: PASS src/frameworks/frameworks.controller.spec.ts
api:test: PASS src/reporting/infrastructure/supabase-reporting-obligation.repository.spec.ts
infrastructure:test: BEGIN
api:test: PASS src/findings/triage/application/vulnerability-triage-use-cases.spec.ts
api:test: PASS src/organizations/tenant-administration/worker/supabase-tenant-lifecycle-worker.adapter.spec.ts
infrastructure:test: CREATE EXTENSION
infrastructure:test:  plan  
infrastructure:test: -------
infrastructure:test:  1..11
infrastructure:test: (1 row)
infrastructure:test: 
infrastructure:test:           has_table           
infrastructure:test: ------------------------------
infrastructure:test:  ok 1 - products table exists
infrastructure:test: (1 row)
infrastructure:test: 
infrastructure:test:               has_table               
infrastructure:test: --------------------------------------
infrastructure:test:  ok 2 - product releases table exists
infrastructure:test: (1 row)
infrastructure:test: 
infrastructure:test:                has_table                
infrastructure:test: ----------------------------------------
infrastructure:test:  ok 3 - assignment history table exists
infrastructure:test: (1 row)
infrastructure:test: 
infrastructure:test:                    has_table                   
infrastructure:test: -----------------------------------------------
infrastructure:test:  ok 4 - lifecycle dependency projection exists
infrastructure:test: (1 row)
infrastructure:test: 
infrastructure:test:                ok                
infrastructure:test: ---------------------------------
infrastructure:test:  ok 5 - products has RLS enabled
infrastructure:test: (1 row)
infrastructure:test: 
infrastructure:test:              table_privs_are              
infrastructure:test: ------------------------------------------
infrastructure:test:  ok 6 - anon has no products table grants
infrastructure:test: (1 row)
infrastructure:test: 
infrastructure:test:                      ok                     
infrastructure:test: --------------------------------------------
infrastructure:test:  ok 7 - browser role cannot create products
infrastructure:test: (1 row)
infrastructure:test: 
infrastructure:test:                      ok                      
infrastructure:test: ---------------------------------------------
infrastructure:test:  ok 8 - browser role cannot archive releases
infrastructure:test: (1 row)
infrastructure:test: 
infrastructure:test:                   has_index                  
infrastructure:test: ---------------------------------------------
infrastructure:test:  ok 9 - product list pagination index exists
infrastructure:test: (1 row)
infrastructure:test: 
infrastructure:test:                   has_index                   
infrastructure:test: ----------------------------------------------
infrastructure:test:  ok 10 - release list pagination index exists
infrastructure:test: (1 row)
infrastructure:test: 
infrastructure:test:                                  has_index                                  
infrastructure:test: ----------------------------------------------------------------------------
infrastructure:test:  ok 11 - internal code uniqueness remains organization-scoped and permanent
infrastructure:test: (1 row)
infrastructure:test: 
infrastructure:test:  finish 
infrastructure:test: --------
infrastructure:test: (0 rows)
infrastructure:test: 
infrastructure:test: ROLLBACK
infrastructure:test: Running tests/m2-release-snapshot-backfill.test.sql
api:test: PASS src/sboms/infrastructure/supabase-sbom-storage.streaming.spec.ts
api:test: PASS src/reporting/infrastructure/reporting-evidence-workflow.service.spec.ts
infrastructure:test: BEGIN
api:test: PASS src/findings/exports/vex-export-validation.spec.ts
api:test: PASS src/technical-files/infrastructure/supabase-technical-file.repository.spec.ts
infrastructure:test: CREATE EXTENSION
infrastructure:test:  plan 
infrastructure:test: ------
infrastructure:test:  1..3
infrastructure:test: (1 row)
infrastructure:test: 
infrastructure:test:                                   ok                                  
infrastructure:test: ----------------------------------------------------------------------
infrastructure:test:  ok 1 - known release has a complete legal-entity snapshot if present
infrastructure:test: (1 row)
infrastructure:test: 
infrastructure:test:                                    ok                                    
infrastructure:test: -------------------------------------------------------------------------
infrastructure:test:  ok 2 - repaired release retains the exact same-version product snapshot
infrastructure:test: (1 row)
infrastructure:test: 
infrastructure:test:                                 ok                                 
infrastructure:test: -------------------------------------------------------------------
infrastructure:test:  ok 3 - repair audit is unique and binds the exact snapshot digest
infrastructure:test: (1 row)
infrastructure:test: 
infrastructure:test:  finish 
infrastructure:test: --------
infrastructure:test: (0 rows)
infrastructure:test: 
web:test:  ✓ app/(workspace)/products/manual-vulnerability-finding-section.spec.tsx (1 test) 449ms
web:test:    ✓ ManualVulnerabilityFindingSection > records source, evidence, and rationale for the selected release  448ms
infrastructure:test: ROLLBACK
infrastructure:test: Running tests/m2-v1-finding-impact-propagation.test.sql
api:test: PASS src/connectors/application/sync-plan-builder.spec.ts
api:test: PASS src/permissions/permissions.controller.spec.ts
infrastructure:test: Timing is off.
infrastructure:test: CREATE FUNCTION
infrastructure:test:  check 
infrastructure:test: -------
infrastructure:test:  
infrastructure:test: (1 row)
infrastructure:test: 
infrastructure:test: psql:<stdin>:75: NOTICE:  ok   finding propagation owns exactly the durable source, impact, override, and job records
infrastructure:test: BEGIN
web:test:  ✓ app/_components/sidebar/sidebar.spec.tsx (9 tests) 426ms
infrastructure:test: psql:<stdin>:435: NOTICE:  ok   registering an opaque source creates one tenant-scoped durable job
infrastructure:test: psql:<stdin>:435: NOTICE:  ok   release-scoped source pages are bounded and replay without duplicate jobs
infrastructure:test: psql:<stdin>:435: NOTICE:  ok   a due job is exclusively leased with a checkpoint
infrastructure:test: psql:<stdin>:435: NOTICE:  ok   one persisted page produces one source-to-product association without analyst cloning
infrastructure:test: psql:<stdin>:435: NOTICE:  ok   a product-specific exception is a separate audited override rather than a copied assessment
infrastructure:test: psql:<stdin>:435: NOTICE:  ok   ending an override is versioned, idempotent, and never silently replaces the reason
api:test: PASS src/connectors/application/webhook-use-cases.spec.ts
infrastructure:test: psql:<stdin>:435: NOTICE:  ok   resolving a source closes active impacts and records an idempotent terminal job
infrastructure:test: psql:<stdin>:435: NOTICE:  ok   cross-tenant update collapses an intermediate foreign source to not found
infrastructure:test: psql:<stdin>:435: NOTICE:  ok   stale graph work is terminally obsoleted instead of retried or dead-lettered
infrastructure:test: psql:<stdin>:435: NOTICE:  ok   an active baseline-scoped finding blocks baseline archive through its published lifecycle fact
api:test: PASS src/connectors/application/connector-hub-use-cases.spec.ts
infrastructure:test: psql:<stdin>:435: NOTICE:  ok   a baseline membership event on product B fans out active baseline sources detected on product A
infrastructure:test: psql:<stdin>:435: NOTICE:  ok   the fan-out fixture ends only its own release-aware membership before archival checks
infrastructure:test: psql:<stdin>:435: NOTICE:  ok   archived finding history remains retained while its inactive dependency fact permits controlled baseline archive
infrastructure:test: DO
infrastructure:test: ROLLBACK
infrastructure:test: Running tests/m2-v1-product-import.test.sql
api:test: PASS src/technical-files/infrastructure/supabase-technical-file-auditor-access.repository.spec.ts
api:test: PASS src/sboms/worker/sbom-quality-worker.spec.ts
infrastructure:test: Timing is off.
infrastructure:test: CREATE FUNCTION
infrastructure:test: CREATE FUNCTION
infrastructure:test:  check 
infrastructure:test: -------
infrastructure:test:  
infrastructure:test: (1 row)
infrastructure:test: 
infrastructure:test: psql:<stdin>:32: NOTICE:  ok   import storage and the minimal two-table model are installed
infrastructure:test: psql:<stdin>:41: NOTICE:  ok   import state is service-only and indexed
infrastructure:test:  check 
infrastructure:test: -------
infrastructure:test:  
infrastructure:test: (1 row)
infrastructure:test: 
infrastructure:test: psql:<stdin>:49: NOTICE:  ok   browser roles cannot execute import coordination
infrastructure:test:  check 
infrastructure:test: -------
infrastructure:test:  
infrastructure:test: (1 row)
infrastructure:test: 
infrastructure:test: BEGIN
infrastructure:test: DO
infrastructure:test: ROLLBACK
infrastructure:test: BEGIN
api:test: [Nest] 92148  - 10/06/2026, 2:14:02 PM    WARN [SbomQualityWorker] Object(2) {
api:test:   message: 'Pinned BSI technical checks unavailable',
api:test:   code: 'bsi_profile_unavailable'
api:test: }
api:test: [Nest] 92148  - 10/06/2026, 2:14:02 PM    WARN [SbomQualityWorker] Object(2) {
api:test:   message: 'Pinned BSI technical checks unavailable',
api:test:   code: 'bsi_profile_unavailable'
api:test: }
api:test: [Nest] 92148  - 10/06/2026, 2:14:02 PM    WARN [SbomQualityWorker] Object(2) {
api:test:   message: 'sbom quality cycle failed',
api:test:   error: {
api:test:     name: 'Error',
api:test:     code: null
api:test:   }
api:test: }
infrastructure:test: DO
infrastructure:test: ROLLBACK
infrastructure:test: BEGIN
infrastructure:test: DO
infrastructure:test: ROLLBACK
infrastructure:test: BEGIN
infrastructure:test: DO
infrastructure:test: ROLLBACK
infrastructure:test: BEGIN
api:test: PASS src/notifications/worker/supabase-notification-dispatch-queue.adapter.spec.ts
api:test: PASS src/organizations/branding/branding.controller.spec.ts
infrastructure:test: DO
infrastructure:test: ROLLBACK
infrastructure:test: BEGIN
infrastructure:test: DO
infrastructure:test: ROLLBACK
infrastructure:test: BEGIN
infrastructure:test: DO
infrastructure:test: ROLLBACK
infrastructure:test: BEGIN
infrastructure:test: DO
infrastructure:test: ROLLBACK
infrastructure:test: psql:<stdin>:385: NOTICE:  ok   import query plans remain tenant- and import-index bounded
infrastructure:test:  check 
infrastructure:test: -------
infrastructure:test:  
infrastructure:test: (1 row)
infrastructure:test: 
infrastructure:test: Running tests/m2-v1-release-market-lifecycle.test.sql
api:test: PASS src/organizations/branding/application/branding-use-cases.spec.ts
api:test: PASS src/config/env.validation.spec.ts
infrastructure:test: Timing is off.
infrastructure:test: CREATE FUNCTION
infrastructure:test: psql:<stdin>:37: NOTICE:  ok   the minimal regulatory model creates four RLS-protected tables only
infrastructure:test:  check 
infrastructure:test: -------
infrastructure:test:  
infrastructure:test: (1 row)
infrastructure:test: 
infrastructure:test:  check 
infrastructure:test: -------
infrastructure:test:  
infrastructure:test: (1 row)
infrastructure:test: 
infrastructure:test: psql:<stdin>:46: NOTICE:  ok   audit history is append-only at the service-role boundary
infrastructure:test: psql:<stdin>:73: NOTICE:  ok   regulatory RPCs are service-role-only security definers with pinned search paths
infrastructure:test:  check 
infrastructure:test: -------
infrastructure:test:  
infrastructure:test: (1 row)
infrastructure:test: 
infrastructure:test:  check 
infrastructure:test: -------
infrastructure:test:  
infrastructure:test: (1 row)
infrastructure:test: 
infrastructure:test: psql:<stdin>:93: NOTICE:  ok   one active versioned EU-27 reference set contains exactly 27 canonical codes
infrastructure:test:  check 
infrastructure:test: -------
infrastructure:test:  
infrastructure:test: (1 row)
infrastructure:test: 
infrastructure:test: psql:<stdin>:102: NOTICE:  ok   dependency facts bind a release to the stated product and organization
infrastructure:test:  check 
infrastructure:test: -------
infrastructure:test:  
infrastructure:test: (1 row)
infrastructure:test: 
infrastructure:test: BEGIN
infrastructure:test: psql:<stdin>:140: NOTICE:  ok   regulatory evidence tables are registered in organization exports
infrastructure:test: CREATE FUNCTION
infrastructure:test: CREATE TRIGGER
infrastructure:test: psql:<stdin>:779: NOTICE:  ok   release JSON uses the V1 lifecycle contract and warns when availability is empty
infrastructure:test: psql:<stdin>:779: NOTICE:  ok   member-state RPC returns the exact versioned response envelope
infrastructure:test: psql:<stdin>:779: NOTICE:  ok   new release has an empty market-availability response envelope
infrastructure:test: psql:<stdin>:779: NOTICE:  ok   placement without availability is rejected, audited, and leaves no outbox event
api:test: PASS src/organizations/tenant-administration/infrastructure/tenant-administration-adapters.spec.ts
infrastructure:test: psql:<stdin>:779: NOTICE:  ok   development availability add writes projection/audit/outbox atomically
infrastructure:test: psql:<stdin>:779: NOTICE:  ok   unsupported Member States fail closed without an aggregate write
infrastructure:test: psql:<stdin>:779: NOTICE:  ok   null aggregate versions fail closed instead of bypassing optimistic locking
infrastructure:test: psql:<stdin>:779: NOTICE:  ok   database transition boundary rejects non-UTC-Z timestamp text
infrastructure:test: psql:<stdin>:779: NOTICE:  ok   future placement timestamps fail closed
infrastructure:test: psql:<stdin>:779: NOTICE:  ok   placement cannot predate product creation
infrastructure:test: psql:<stdin>:779: NOTICE:  ok   audit persistence failure rolls back release and outbox together
infrastructure:test: psql:<stdin>:779: NOTICE:  ok   placement succeeds with active availability and emits audit-backed timeline/retention evidence
infrastructure:test: psql:<stdin>:779: NOTICE:  ok   availability changes after placement require a meaningful reason
infrastructure:test: psql:<stdin>:779: NOTICE:  ok   reasoned post-market add succeeds
infrastructure:test: psql:<stdin>:779: NOTICE:  ok   market correction records distinct before/after audit snapshots
infrastructure:test: psql:<stdin>:779: NOTICE:  ok   market removal closes the projection and current reads exclude the removed state
infrastructure:test: psql:<stdin>:779: NOTICE:  ok   placed release advances to in-support
infrastructure:test: psql:<stdin>:779: NOTICE:  ok   placed-date correction preserves before/after audit values and emits recalculation evidence
infrastructure:test: psql:<stdin>:779: NOTICE:  ok   stale transition is rejected and audited without changing lifecycle
infrastructure:test: psql:<stdin>:779: NOTICE:  ok   support can end only through the forward edge
infrastructure:test: psql:<stdin>:779: NOTICE:  ok   withdrawal requires a reason at the database boundary
infrastructure:test: psql:<stdin>:779: NOTICE:  ok   reasoned withdrawal succeeds without erasing regulatory history
infrastructure:test: psql:<stdin>:779: NOTICE:  ok   withdrawn is terminal
infrastructure:test: psql:<stdin>:779: NOTICE:  ok   lifecycle timeline is rebuilt from immutable audit actions in a strict response envelope
infrastructure:test: psql:<stdin>:779: NOTICE:  ok   release archival requires withdrawn state
infrastructure:test: psql:<stdin>:779: NOTICE:  ok   a retired country entry is rejected even when its canonical code is known
infrastructure:test: psql:<stdin>:779: NOTICE:  ok   a retired-only availability projection cannot satisfy placement
infrastructure:test: psql:<stdin>:779: NOTICE:  ok   the release invariant trigger also rejects retired-only placement
api:test: PASS src/auth/supabase-auth-tenant-scope.spec.ts
infrastructure:test: psql:<stdin>:779: NOTICE:  ok   one release can record every supported Member State through optimistic commands
infrastructure:test: psql:<stdin>:779: NOTICE:  ok   a retired reference entry does not block removal of its active projection
api:test: PASS src/auth/token-verification/token-strategies.spec.ts
infrastructure:test: psql:<stdin>:779: NOTICE:  ok   a retired from-entry can be corrected to an active reference entry
infrastructure:test: psql:<stdin>:779: NOTICE:  ok   composite dependency foreign key rejects a release belonging to another product
infrastructure:test: psql:<stdin>:779: NOTICE:  ok   legacy preflight aborts on released or retired rows before lifecycle alteration
infrastructure:test: psql:<stdin>:779: NOTICE:  ok   cross-tenant product and release identifiers return generic not-found
infrastructure:test: psql:<stdin>:779: NOTICE:  ok   retired-reference removal remains tenant isolated
infrastructure:test: psql:<stdin>:779: NOTICE:  ok   retired-reference correction remains tenant isolated
infrastructure:test: DO
infrastructure:test: ROLLBACK
infrastructure:test: Running tests/m2-v1-support-period-retention-alerts.test.sql
api:test: PASS src/technical-files/infrastructure/supabase-risk-register.repository.spec.ts
api:test: [Nest] 92147  - 10/06/2026, 2:14:02 PM     LOG [TokenVerifierService] [jwt] verification strategy resolved: HS256
api:test: [Nest] 92147  - 10/06/2026, 2:14:02 PM     LOG [TokenVerifierService] [jwt] verification strategy resolved: JWKS
api:test: PASS src/notifications/worker/supabase-notification-digest-queue.adapter.spec.ts
infrastructure:test: Timing is off.
infrastructure:test: CREATE FUNCTION
infrastructure:test: psql:<stdin>:26: NOTICE:  ok   support-period decisions are service-role-only and retain active-scope and idempotency indexes
infrastructure:test:  check 
infrastructure:test: -------
infrastructure:test:  
infrastructure:test: (1 row)
infrastructure:test: 
infrastructure:test: BEGIN
infrastructure:test: psql:<stdin>:143: NOTICE:  ok   valid support decision persists an immutable first revision with three default schedules
infrastructure:test: psql:<stdin>:143: NOTICE:  ok   same support command idempotency key replays without another decision
infrastructure:test: psql:<stdin>:143: NOTICE:  ok   reusing an idempotency key with a different legal decision fails closed
infrastructure:test: psql:<stdin>:143: NOTICE:  ok   retention reads are pure and explicitly report missing placed-on-market input
infrastructure:test: psql:<stdin>:143: NOTICE:  ok   superseding preserves history, obsoletes old schedules, and creates exactly three new schedules
infrastructure:test: DO
infrastructure:test: ROLLBACK
api:test: PASS src/connectors/agent/agent-certificate-authority.spec.ts
infrastructure:test: Running tests/m2-v1-variants-hierarchy-finding-propagation.test.sql
api:test: PASS src/connectors/agent/agent-errors.spec.ts
web:test:  ✓ app/_features/evidence/evidence-search-panel.spec.tsx (2 tests) 304ms
api:test: PASS src/vulnerabilities/infrastructure/supabase-vulnerability-finding-review-notification-queue.spec.ts
infrastructure:test: Timing is off.
infrastructure:test: CREATE FUNCTION
infrastructure:test: psql:<stdin>:40: NOTICE:  ok   relationship records are service-role-only and retain active adjacency indexes
infrastructure:test:  check 
infrastructure:test: -------
infrastructure:test:  
infrastructure:test: (1 row)
infrastructure:test: 
infrastructure:test: BEGIN
infrastructure:test: psql:<stdin>:397: NOTICE:  ok   baseline creation writes the first immutable revision
infrastructure:test: psql:<stdin>:397: NOTICE:  ok   release-aware baseline membership is recorded
infrastructure:test: psql:<stdin>:397: NOTICE:  ok   baseline revision does not rewrite prior release applicability
infrastructure:test: psql:<stdin>:397: NOTICE:  ok   baseline-source variant is release aware and advances graph version
infrastructure:test: psql:<stdin>:397: NOTICE:  ok   a non-member cannot read an allowed component preview
infrastructure:test: psql:<stdin>:397: NOTICE:  ok   allowed preview is an API-success outcome
infrastructure:test: psql:<stdin>:397: NOTICE:  ok   embedded component link is durable and graph-versioned
infrastructure:test: psql:<stdin>:397: NOTICE:  ok   component preview rejects a direct graph cycle before persistence
api:test: PASS src/vulnerabilities/infrastructure/registered-reachability-analyzers.spec.ts
infrastructure:test: psql:<stdin>:397: NOTICE:  ok   a release-scoped component link excludes other child releases
infrastructure:test: psql:<stdin>:397: NOTICE:  ok   the matching child release reaches its parent
infrastructure:test: psql:<stdin>:397: NOTICE:  ok   one-item propagation pages return every candidate exactly once
infrastructure:test: psql:<stdin>:397: NOTICE:  ok   product-wide scope crosses a downstream release-specific edge
infrastructure:test: psql:<stdin>:397: NOTICE:  ok   mixed-scope candidate paths stay tenant-scoped, acyclic, and bounded
infrastructure:test: psql:<stdin>:397: NOTICE:  ok   candidate cursor must be canonical
infrastructure:test: psql:<stdin>:397: NOTICE:  ok   resolver returns candidate variants without claiming finding applicability
infrastructure:test: psql:<stdin>:397: NOTICE:  ok   relationship mutation enqueues one auditable graph-change event under replay
infrastructure:test: psql:<stdin>:397: NOTICE:  ok   relationship history filters and represents obsolete graph events without private payloads
infrastructure:test: psql:<stdin>:397: NOTICE:  ok   baseline archival is blocked while active membership or variant remains
infrastructure:test: DO
infrastructure:test: ROLLBACK
infrastructure:test: psql:<stdin>:420: NOTICE:  ok   relationship graph event leasing functions are security-definer, pinned, and service-role-only
infrastructure:test:  check 
infrastructure:test: -------
infrastructure:test:  
infrastructure:test: (1 row)
infrastructure:test: 
infrastructure:test: BEGIN
infrastructure:test: psql:<stdin>:695: NOTICE:  ok   a scheduled relationship graph event with no due time claims exclusively and stays tenant-scoped
infrastructure:test: psql:<stdin>:695: NOTICE:  ok   an expired relationship graph lease is reclaimed with a new owner and checkpoint
infrastructure:test: psql:<stdin>:695: NOTICE:  ok   completion requires the matching organization, owner, and checkpoint, then is idempotent for replay
infrastructure:test: psql:<stdin>:695: NOTICE:  ok   a retryable relationship graph event clears its lease and receives bounded backoff
infrastructure:test: psql:<stdin>:695: NOTICE:  ok   nonretryable and exhausted relationship graph events become dead letters without source payload logs
infrastructure:test: DO
infrastructure:test: psql:<stdin>:695: NOTICE:  ok   a final graph-event checkpoint is idempotent after the worker loses its first response
infrastructure:test: psql:<stdin>:695: NOTICE:  ok   relationship graph lease commands reject invalid lease arguments
infrastructure:test: ROLLBACK
infrastructure:test: Running tests/m2-v2-connector-sync.test.sql
api:test: PASS src/permissions/infrastructure/supabase-role.repository.spec.ts
api:test: PASS src/connectors/application/jira-connector-credential-reader.spec.ts
infrastructure:test: Timing is off.
infrastructure:test: CREATE FUNCTION
infrastructure:test: CREATE FUNCTION
infrastructure:test: psql:<stdin>:44: NOTICE:  ok   connector sync introduces exactly the eight expected tables
infrastructure:test:  check 
infrastructure:test: -------
infrastructure:test:  
infrastructure:test: (1 row)
infrastructure:test: 
infrastructure:test: psql:<stdin>:67: NOTICE:  ok   every connector sync table has RLS enabled without forcing it and no browser/public grants
infrastructure:test:  check 
infrastructure:test: -------
infrastructure:test:  
infrastructure:test: (1 row)
infrastructure:test: 
infrastructure:test: psql:<stdin>:101: NOTICE:  ok   active connector RPCs are service-role-only; deprecated PGP RPCs may be retired
infrastructure:test:  check 
infrastructure:test: -------
infrastructure:test:  
infrastructure:test: (1 row)
infrastructure:test: 
infrastructure:test:  check 
infrastructure:test: -------
infrastructure:test:  
infrastructure:test: (1 row)
infrastructure:test: 
infrastructure:test: psql:<stdin>:113: NOTICE:  ok   legacy PGP read and write retirement is paired and never grants PUBLIC/browser execution
infrastructure:test: psql:<stdin>:121: NOTICE:  ok   the sync-run transition trigger helper is service-role-only despite being security definer
infrastructure:test:  check 
infrastructure:test: -------
infrastructure:test:  
infrastructure:test: (1 row)
infrastructure:test: 
infrastructure:test: psql:<stdin>:146: NOTICE:  ok   connector sync helper functions are never callable by browser roles
infrastructure:test:  check 
infrastructure:test: -------
infrastructure:test:  
infrastructure:test: (1 row)
infrastructure:test: 
infrastructure:test: psql:<stdin>:152: NOTICE:  ok   claiming is organization-scoped and the global overload no longer exists
infrastructure:test:  check 
infrastructure:test: -------
infrastructure:test:  
infrastructure:test: (1 row)
infrastructure:test: 
infrastructure:test:  check 
infrastructure:test: -------
infrastructure:test:  
infrastructure:test: (1 row)
infrastructure:test: 
infrastructure:test: psql:<stdin>:158: NOTICE:  ok   authority-policy persistence requires the digest-bearing overload
infrastructure:test:  check 
infrastructure:test: -------
infrastructure:test:  
infrastructure:test: (1 row)
infrastructure:test: 
infrastructure:test: psql:<stdin>:164: NOTICE:  ok   embedded hierarchy is an explicit policy-controlled product field, not an ungoverned payload key
infrastructure:test: psql:<stdin>:187: NOTICE:  ok   connector foreign-key paths have the required supporting indexes
infrastructure:test:  check 
infrastructure:test: -------
infrastructure:test:  
infrastructure:test: (1 row)
infrastructure:test: 
infrastructure:test: psql:<stdin>:206: NOTICE:  ok   a sync conflict is anchored to exactly one tenant-scoped external identity or plan item
infrastructure:test:  check 
infrastructure:test: -------
infrastructure:test:  
infrastructure:test: (1 row)
infrastructure:test: 
infrastructure:test: psql:<stdin>:223: NOTICE:  ok   connector creation has an additive request-digest idempotency invariant
infrastructure:test:  check 
infrastructure:test: -------
infrastructure:test:  
infrastructure:test: (1 row)
infrastructure:test: 
infrastructure:test: psql:<stdin>:234: NOTICE:  ok   connector hardening constraints protect historical rows as well as new writes
infrastructure:test:  check 
infrastructure:test: -------
infrastructure:test:  
infrastructure:test: (1 row)
infrastructure:test: 
infrastructure:test:  check 
infrastructure:test: -------
infrastructure:test:  
infrastructure:test: (1 row)
infrastructure:test: 
infrastructure:test: psql:<stdin>:243: NOTICE:  ok   a protected field can never be persisted as external_authoritative
infrastructure:test: BEGIN
infrastructure:test: psql:<stdin>:887: NOTICE:  ok   malformed scalar conflict values fail before product mutation rather than being JSON-stringified
api:test: PASS src/mail/mail.service.spec.ts
infrastructure:test: psql:<stdin>:887: NOTICE:  ok   connector creation succeeds
infrastructure:test: psql:<stdin>:887: NOTICE:  ok   the database rejects a keyed connector without its request digest
infrastructure:test: psql:<stdin>:887: NOTICE:  ok   the database rejects a request digest without its connector key
infrastructure:test: psql:<stdin>:887: NOTICE:  ok   historical connectors may retain an entirely absent idempotency pair
infrastructure:test: psql:<stdin>:887: NOTICE:  ok   connector creation replays the same durable row and cursor for an identical idempotency key
infrastructure:test: psql:<stdin>:887: NOTICE:  ok   a reused connector idempotency key with a different request is rejected without another connector
infrastructure:test: psql:<stdin>:887: NOTICE:  ok   secret set succeeds and never echoes the value
infrastructure:test: psql:<stdin>:887: NOTICE:  ok   the resolved secret round-trips through pgcrypto
infrastructure:test: psql:<stdin>:887: NOTICE:  ok   decrypting the secret with the wrong key fails loudly rather than returning garbage
infrastructure:test: psql:<stdin>:887: NOTICE:  ok   the read-only authority preview returns the digest the persistence path requires
infrastructure:test: psql:<stdin>:887: NOTICE:  ok   field authority policy upsert succeeds
infrastructure:test: psql:<stdin>:887: NOTICE:  ok   a preview digest becomes stale after the active authority policy version changes
infrastructure:test: psql:<stdin>:887: NOTICE:  ok   the RPC rejects protected+external_authoritative as invalid_request before it ever reaches the DB constraint
infrastructure:test: psql:<stdin>:887: NOTICE:  ok   the DB CHECK constraint independently rejects protected+external_authoritative even bypassing the RPC
infrastructure:test: psql:<stdin>:887: NOTICE:  ok   embedded hierarchy has an explicit versioned parentExternalId authority policy
web:test:  ✓ app/(workspace)/connectors/connector-sync-run-section.spec.tsx (24 tests) 443ms
infrastructure:test: psql:<stdin>:887: NOTICE:  ok   the existing M2 embedded-edge preview accepts connector provenance
infrastructure:test: psql:<stdin>:887: NOTICE:  ok   the existing M2 embedded-edge create accepts connector provenance
infrastructure:test: psql:<stdin>:887: NOTICE:  ok   linking a fresh external identity succeeds
infrastructure:test: psql:<stdin>:887: NOTICE:  ok   a second active mapping for the same external id under the same connector is structurally blocked, never auto-merged
infrastructure:test: psql:<stdin>:887: NOTICE:  ok   the external parent identity is linked in the same connector and tenant
infrastructure:test: psql:<stdin>:887: NOTICE:  ok   an external identifier linked in one tenant is invisible when queried from another tenant
api:test: PASS src/auth/infrastructure/supabase-tenant-scope-access.adapter.spec.ts
infrastructure:test: psql:<stdin>:887: NOTICE:  ok   begin_sync_run_atomic queues a dry run
infrastructure:test: psql:<stdin>:887: NOTICE:  ok   connector exclusivity blocks a second non-terminal run for the same connector
infrastructure:test: psql:<stdin>:887: NOTICE:  ok   a freshly created connector has no cursor yet
infrastructure:test: psql:<stdin>:887: NOTICE:  ok   claim_sync_run claims the queued dry run
infrastructure:test: psql:<stdin>:887: NOTICE:  ok   saving a plan with an open conflict routes the run to waiting_for_review, never straight to completed
infrastructure:test: psql:<stdin>:887: NOTICE:  ok   the run envelope exposes the server-authoritative plan row count for a stale-preview commit guard
infrastructure:test: psql:<stdin>:887: NOTICE:  ok   the durable plan persists only the canonical structured SyncFieldDiff shape
infrastructure:test: psql:<stdin>:887: NOTICE:  ok   the policy preview derives bounded create/update counts and samples from the latest unexpired dry run
infrastructure:test: psql:<stdin>:887: NOTICE:  ok   commit is blocked while a conflict is still open
infrastructure:test: psql:<stdin>:887: NOTICE:  ok   the conflict record carries both values, sources, and the permitted actions
infrastructure:test: psql:<stdin>:887: NOTICE:  ok   resolving with a stale expected version is rejected as a conflict, not silently applied
infrastructure:test: psql:<stdin>:887: NOTICE:  ok   resolving with the correct expected version succeeds
infrastructure:test: psql:<stdin>:887: NOTICE:  ok   resolving an open conflict decrements the run conflict count once without discarding conflict history
infrastructure:test: psql:<stdin>:887: NOTICE:  ok   a plan-bound hierarchy conflict still blocks commit after an unrelated field was resolved
infrastructure:test: psql:<stdin>:887: NOTICE:  ok   a first-seen child hierarchy conflict is plan-bound and serializes a nullable externalIdentityId
api:test: PASS src/products/application/product-classification.spec.ts
infrastructure:test: psql:<stdin>:887: NOTICE:  ok   the plan-bound first-seen hierarchy conflict accepts only after its target plan is durable
infrastructure:test: psql:<stdin>:887: NOTICE:  ok   resolving the final open conflict makes the persisted run count zero for the commit control
infrastructure:test: psql:<stdin>:887: NOTICE:  ok   commit can be requested once every conflict is resolved
infrastructure:test: psql:<stdin>:887: NOTICE:  ok   claim_sync_run claims the queued commit phase
infrastructure:test: psql:<stdin>:887: NOTICE:  ok   the claimed commit remains running until the durable commit transaction finishes
infrastructure:test: psql:<stdin>:887: NOTICE:  ok   commit applies the plan and completes the run
infrastructure:test: psql:<stdin>:887: NOTICE:  ok   a keep_cra resolution suppresses that field while the same conflict item still applies independent allowed field diffs
infrastructure:test: psql:<stdin>:887: NOTICE:  ok   the plan-item create action actually created the product via the existing ProductUseCases-backed RPC, not a bespoke write path
infrastructure:test: psql:<stdin>:887: NOTICE:  ok   a committed create atomically persists the tenant-and-connector-scoped external identity for repeatable future syncs
infrastructure:test: psql:<stdin>:887: NOTICE:  ok   a plan-bound first-seen hierarchy conflict creates the connector-owned edge only after materializing the unique parent and child identities
infrastructure:test: psql:<stdin>:887: NOTICE:  ok   cursor only advances after a durable commit
infrastructure:test: psql:<stdin>:887: NOTICE:  ok   a hierarchy dry run starts after the first product identity has materialized
infrastructure:test: psql:<stdin>:887: NOTICE:  ok   the organization-scoped worker claims the hierarchy dry run
infrastructure:test: psql:<stdin>:887: NOTICE:  ok   an existing mapped child with an external parent is held for an explicit hierarchy conflict review
infrastructure:test: psql:<stdin>:887: NOTICE:  ok   the hierarchy conflict is bound to the mapped child external identity and retains policy provenance
infrastructure:test: psql:<stdin>:887: NOTICE:  ok   a reviewed hierarchy manual value is accepted for the explicitly mapped CRA parent
infrastructure:test: psql:<stdin>:887: NOTICE:  ok   the reviewed hierarchy plan can be committed
infrastructure:test: psql:<stdin>:887: NOTICE:  ok   the hierarchy commit phase is claimed
infrastructure:test: psql:<stdin>:887: NOTICE:  ok   the reviewed hierarchy commit completes atomically with its cursor advance
infrastructure:test: psql:<stdin>:887: NOTICE:  ok   hierarchy application creates only the connector-owned parent-to-child embedded edge with bounded provenance
infrastructure:test: psql:<stdin>:887: NOTICE:  ok   the exclusivity slot is released once the prior run reaches a terminal state
api:test: PASS src/invitations/invitations.controller.spec.ts
infrastructure:test: psql:<stdin>:887: NOTICE:  ok   a plan item targeting a nonexistent product does not silently skip -- the whole commit rolls back and the run is retrying/failed
infrastructure:test: psql:<stdin>:887: NOTICE:  ok   a failed commit never advances the durable cursor past the last successful one
infrastructure:test: psql:<stdin>:887: NOTICE:  ok   legacy retry requires a reviewed child rather than reactivating the failed parent
infrastructure:test: psql:<stdin>:887: NOTICE:  ok   legacy retry never makes the terminal parent claimable
infrastructure:test: psql:<stdin>:887: NOTICE:  ok   a rejected blind retry preserves plan, conflicts and cursor without domain effects
infrastructure:test: DO
infrastructure:test: ROLLBACK
infrastructure:test: psql:<stdin>:896: NOTICE:  ok   the existing product-relationship cycle guard function still exists and is reusable by a future sync dispatch
infrastructure:test:  check 
infrastructure:test: -------
infrastructure:test:  
infrastructure:test: (1 row)
infrastructure:test: 
api:test: PASS src/sboms/application/sbom-composite-policy.spec.ts
infrastructure:test: Running tests/m2-v2-substantial-modifications-security-update-artifacts.test.sql
api:test: PASS src/users/users.module.spec.ts
infrastructure:test: Timing is off.
infrastructure:test: CREATE FUNCTION
infrastructure:test:  check 
infrastructure:test: -------
infrastructure:test:  
infrastructure:test: (1 row)
infrastructure:test: 
infrastructure:test: psql:<stdin>:32: NOTICE:  ok   M2 V2 introduces exactly the three retained product evidence tables
infrastructure:test: psql:<stdin>:63: NOTICE:  ok   M2 V2 tables use RLS without forcing it and have no browser or public grants
infrastructure:test:  check 
infrastructure:test: -------
infrastructure:test:  
infrastructure:test: (1 row)
infrastructure:test: 
infrastructure:test: psql:<stdin>:84: NOTICE:  ok   M2 V2 tenant FKs bind assessment joins and artifacts to the declared product release
infrastructure:test:  check 
infrastructure:test: -------
infrastructure:test:  
infrastructure:test: (1 row)
infrastructure:test: 
infrastructure:test:  check 
infrastructure:test: -------
infrastructure:test:  
infrastructure:test: (1 row)
infrastructure:test: 
infrastructure:test: psql:<stdin>:112: NOTICE:  ok   tenant deletion defers M2 and upstream product legal-entity dependency checks without cascading direct deletes
api:test: PASS src/vulnerabilities/infrastructure/mail-vulnerability-triage-alert-notifier.adapter.spec.ts
infrastructure:test: psql:<stdin>:131: NOTICE:  ok   assessment drafts retain the locked narrative columns and JSON builders keep nullable keys
infrastructure:test:  check 
infrastructure:test: -------
infrastructure:test:  
infrastructure:test: (1 row)
infrastructure:test: 
infrastructure:test: psql:<stdin>:186: NOTICE:  ok   M2 V2 commands are service-role-only security definers with pinned search paths
infrastructure:test:  check 
infrastructure:test: -------
infrastructure:test:  
infrastructure:test: (1 row)
infrastructure:test: 
infrastructure:test: psql:<stdin>:217: NOTICE:  ok   new M2 V2 security-definer helpers and guards are never executable by browser roles
infrastructure:test:  check 
infrastructure:test: -------
infrastructure:test:  
infrastructure:test: (1 row)
infrastructure:test: 
infrastructure:test: psql:<stdin>:248: NOTICE:  ok   artifact bucket is private and lifecycle/export/retention links are registered
infrastructure:test:  check 
infrastructure:test: -------
infrastructure:test:  
infrastructure:test: (1 row)
infrastructure:test: 
infrastructure:test: psql:<stdin>:272: NOTICE:  ok   M2 V2 final RPC surface drops wrapper-era base functions and scopes the metrics snapshot
infrastructure:test:  check 
infrastructure:test: -------
infrastructure:test:  
infrastructure:test: (1 row)
infrastructure:test: 
infrastructure:test: BEGIN
api:test: PASS src/products/application/product-owner-options.spec.ts
infrastructure:test: psql:<stdin>:1015: NOTICE:  ok   draft assessments retain nullable partial fields and cannot be reviewed before completion
infrastructure:test: psql:<stdin>:1015: NOTICE:  ok   assessment creation uses a release join without recording narrative in audit facts
infrastructure:test: psql:<stdin>:1015: NOTICE:  ok   reviewed potentially substantial assessment projects an active lifecycle dependency fact
infrastructure:test: psql:<stdin>:1015: NOTICE:  ok   reassessment supersedes instead of overwriting and deactivates the prior fact
infrastructure:test: psql:<stdin>:1015: NOTICE:  ok   foreign tenant assessment probes collapse to stable not found
infrastructure:test: psql:<stdin>:1015: NOTICE:  ok   same verified content can back multiple immutable release artifact records
api:test: PASS src/findings/worker/finding-propagation-worker.spec.ts
infrastructure:test: psql:<stdin>:1015: NOTICE:  ok   finalized approved artifact publishes with an active availability dependency fact
infrastructure:test: psql:<stdin>:1015: NOTICE:  ok   artifact content identity remains immutable after reservation and finalization
infrastructure:test: psql:<stdin>:1015: NOTICE:  ok   support-period recalculation cannot lower an established availability window
infrastructure:test: psql:<stdin>:1015: NOTICE:  ok   external references persist only validated inspection sources, require verification, and cannot swap at publication
infrastructure:test: psql:<stdin>:1015: NOTICE:  ok   external monitor blocks changed content and never reactivates an expired artifact
infrastructure:test: psql:<stdin>:1015: NOTICE:  ok   early withdrawal requires and records an approved published replacement with equal availability
infrastructure:test: psql:<stdin>:1015: NOTICE:  ok   cleanup is recorded through the reused idempotent regulatory outbox
infrastructure:test: psql:<stdin>:1015: NOTICE:  ok   an issue date outside the support period reserves as availability-blocked
api:test: [Nest] 92147  - 10/06/2026, 2:14:03 PM   ERROR [InvitationsService] Invitation resend delivery confirmation failed
infrastructure:test: psql:<stdin>:1015: NOTICE:  ok   publishing an artifact issued outside the support period is blocked
infrastructure:test: psql:<stdin>:1015: NOTICE:  ok   finalizing a missing storage object records unavailable integrity
infrastructure:test: psql:<stdin>:1015: NOTICE:  ok   a same-version artifact with different content reserves as its own record
api:test: [Nest] 92147  - 10/06/2026, 2:14:03 PM   ERROR [InvitationsService] Invitation resend delivery confirmation failed
infrastructure:test: psql:<stdin>:1015: NOTICE:  ok   a concurrent duplicate active modification collapses to a conflict outcome
api:test: PASS src/invitations/invitations.service.spec.ts
infrastructure:test: psql:<stdin>:1015: NOTICE:  ok   metrics snapshot counts backlog, flagged determinations, and quarantine without false positives
infrastructure:test: psql:<stdin>:1015: NOTICE:  ok   worker effects resolve a current active org authority and retain source provenance
infrastructure:test: psql:<stdin>:1015: NOTICE:  ok   worker effects remain retryable when no active owner or admin can authorize them
infrastructure:test: psql:<stdin>:1015: NOTICE:  ok   direct legal entity deletion remains blocked by deferred product and release references at commit
infrastructure:test: psql:<stdin>:1015: NOTICE:  ok   direct product deletion remains blocked by deferred M2 evidence references at commit
infrastructure:test: psql:<stdin>:1015: NOTICE:  ok   tenant cascade test has no active legal-hold authority
api:test: PASS src/organizations/legal-entities/infrastructure/supabase-legal-entity.repository.spec.ts
api:test: PASS src/suppliers/infrastructure/supabase-supplier-registry.repository.spec.ts
infrastructure:test: psql:<stdin>:1015: NOTICE:  ok   audit archival protection retains M2 evidence after hold clearance
infrastructure:test: DO
infrastructure:test: ROLLBACK
infrastructure:test: psql:<stdin>:1053: NOTICE:  ok   new cleanup and metadata-edit RPCs are service-role only with pinned search_path
infrastructure:test:  check 
infrastructure:test: -------
infrastructure:test:  
infrastructure:test: (1 row)
infrastructure:test: 
infrastructure:test: psql:<stdin>:1069: NOTICE:  ok   cleanup completion columns exist and are service-role updatable only
infrastructure:test:  check 
infrastructure:test: -------
infrastructure:test:  
infrastructure:test: (1 row)
infrastructure:test: 
infrastructure:test: psql:<stdin>:1078: NOTICE:  ok   product_compliance_metrics_snapshot reports an upload-failure gauge
infrastructure:test:  check 
infrastructure:test: -------
infrastructure:test:  
infrastructure:test: (1 row)
infrastructure:test: 
infrastructure:test: BEGIN
infrastructure:test: psql:<stdin>:1351: NOTICE:  ok   reviewing above the policy suggestion succeeds once a mandatory override reason is given
infrastructure:test: psql:<stdin>:1351: NOTICE:  ok   a substantial determination activates an assessment retention-authority fact
infrastructure:test: psql:<stdin>:1351: NOTICE:  ok   reassessing a substantial assessment deactivates the superseded fact
infrastructure:test: psql:<stdin>:1351: NOTICE:  ok   artifacts sharing byte-identical content share the same content-addressed object key
infrastructure:test: psql:<stdin>:1351: NOTICE:  ok   cleanup is not due before the artifact is expired or withdrawn
infrastructure:test: psql:<stdin>:1351: NOTICE:  ok   cleanup defers deleting bytes while a live sibling still references the shared object key
infrastructure:test: psql:<stdin>:1351: NOTICE:  ok   cleanup clears once no live sibling references the shared object key
infrastructure:test: psql:<stdin>:1351: NOTICE:  ok   cleanup completion is durably recorded with an audit fact
infrastructure:test: psql:<stdin>:1351: NOTICE:  ok   cleanup is idempotent once already completed
infrastructure:test: psql:<stdin>:1351: NOTICE:  ok   cleanup is blocked while the organization has an active legal hold
infrastructure:test: psql:<stdin>:1351: NOTICE:  ok   metadata edit updates mutable fields, bumps version, and writes an audit fact
infrastructure:test: psql:<stdin>:1351: NOTICE:  ok   metadata edit rejects a stale expected version as a conflict, not a silent overwrite
infrastructure:test: psql:<stdin>:1351: NOTICE:  ok   metrics snapshot exposes the upload-failure gauge alongside the existing gauges
infrastructure:test: DO
infrastructure:test: ROLLBACK
api:test: PASS src/products/imports/product-release-import-use-cases.spec.ts
infrastructure:test: Running tests/m3-completed-graph-immutability.test.sql
api:test: PASS src/findings/infrastructure/supabase-finding-propagation.repository.spec.ts
api:test: PASS src/users/users.controller.spec.ts
web:test:  ✓ app/_features/frameworks/custom-frameworks.queries.spec.tsx (7 tests) 295ms
infrastructure:test: BEGIN
infrastructure:test: DO
infrastructure:test: CREATE FUNCTION
infrastructure:test: SET
api:test: PASS src/tasks/tasks.controller.spec.ts
infrastructure:test: DO
infrastructure:test: RESET
infrastructure:test: ROLLBACK
api:test: PASS src/findings/exports/infrastructure/node-vex-publication-delivery.adapter.spec.ts
infrastructure:test: Running tests/m3-component-parent-index.test.sql
api:test: [Nest] 92148  - 10/06/2026, 2:14:03 PM   ERROR [BurstNotificationDispatchWorker] Notification burst acceptance completion unavailable
api:test: [Nest] 92148  - 10/06/2026, 2:14:03 PM   ERROR [BurstNotificationDispatchWorker] Notification burst scheduling unavailable
api:test: PASS src/sboms/infrastructure/sbom-quality-wire.spec.ts
api:test: PASS src/notifications/worker/burst-notification-dispatch-worker.spec.ts
infrastructure:test: BEGIN
infrastructure:test: DO
infrastructure:test: ROLLBACK
infrastructure:test: Running tests/m3-deduplicated-validation-projection.test.sql
api:test: PASS src/supplier-evidence/infrastructure/supabase-supplier-evidence-reminder-queue.spec.ts
api:test: PASS src/audit/audit.service.spec.ts
api:test: [Nest] 92148  - 10/06/2026, 2:14:03 PM    WARN [BurstNotificationDispatchWorker] Notification burst acceptance completion conflicted
api:test: [Nest] 92148  - 10/06/2026, 2:14:03 PM    WARN [BurstNotificationDispatchWorker] Notification burst provider outcome uncertain
infrastructure:test: BEGIN
infrastructure:test:               set_config              
infrastructure:test: --------------------------------------
infrastructure:test:  547a93b0-7ee5-4235-ad0f-9b98f1830326
infrastructure:test: (1 row)
infrastructure:test: 
infrastructure:test: INSERT 0 1
api:test: PASS src/vulnerabilities/matching/worker/vulnerability-matching-worker.spec.ts
infrastructure:test: DO
infrastructure:test: ROLLBACK
api:test: PASS src/permissions/custom-roles.controller.spec.ts
infrastructure:test: Running tests/m3-ingest-exhausted-lease.test.sql
api:test: [Nest] 92147  - 10/06/2026, 2:14:04 PM    WARN [VulnerabilityMatchingWorker] Object(2) {
api:test:   message: 'vulnerability matching cycle failed',
api:test:   error: 'Error'
api:test: }
api:test: PASS src/findings/application/finding-propagation-use-cases.spec.ts
infrastructure:test: BEGIN
infrastructure:test: CREATE FUNCTION
api:test: PASS src/connectors/infrastructure/connector-vault.spec.ts
infrastructure:test: DO
infrastructure:test: ROLLBACK
infrastructure:test: Running tests/m3-quality-terminal-predecessor.test.sql
api:test: PASS src/users/users.service.spec.ts
infrastructure:test: BEGIN
infrastructure:test:               set_config              
infrastructure:test: --------------------------------------
infrastructure:test:  8a3ebf4e-4667-4fa2-901b-9be2ec0518e3
infrastructure:test: (1 row)
infrastructure:test: 
api:test: PASS src/organizations/infrastructure/supabase-organization.repository.spec.ts
api:test: PASS src/findings/exports/application/vulnerability-vex-export-use-cases.spec.ts
infrastructure:test: INSERT 0 1
infrastructure:test: DO
api:test: PASS src/vulnerabilities/application/offline-bundle-verifier.spec.ts
infrastructure:test: DO
infrastructure:test: psql:<stdin>:163: NOTICE:  PASS terminal failure/expired lease progress, retryable/queued/live predecessor ordering, completed-only baseline, tenant isolation
infrastructure:test: SET
infrastructure:test: DO
infrastructure:test: RESET
infrastructure:test: ROLLBACK
api:test: PASS src/connectors/agent-adapter/agent-backed-adapter.spec.ts
infrastructure:test: Running tests/m3-sbom-composite-supplier.test.sql
web:test:  ✓ app/(workspace)/connectors/connector-connection-section.spec.tsx (24 tests) 519ms
api:test: PASS src/frameworks/infrastructure/supabase-coverage-work.queue.spec.ts
api:test: PASS src/sboms/infrastructure/supabase-bsi-evidence.adapter.spec.ts
infrastructure:test: CREATE FUNCTION
infrastructure:test: psql:<stdin>:23: NOTICE:  ok   M3-07 persists supplier and composite provenance facts
infrastructure:test:  check 
infrastructure:test: -------
infrastructure:test:  
infrastructure:test: (1 row)
infrastructure:test: 
infrastructure:test: psql:<stdin>:38: NOTICE:  ok   M3-07 tables are RLS protected and browser-private
infrastructure:test:  check 
infrastructure:test: -------
infrastructure:test:  
infrastructure:test: (1 row)
infrastructure:test: 
infrastructure:test:  check 
infrastructure:test: -------
infrastructure:test:  
infrastructure:test: (1 row)
infrastructure:test: 
infrastructure:test: psql:<stdin>:45: NOTICE:  ok   M3-07 security-definer coordination is service-role only
infrastructure:test:  check 
infrastructure:test: -------
infrastructure:test:  
infrastructure:test: (1 row)
infrastructure:test: 
infrastructure:test: psql:<stdin>:53: NOTICE:  ok   M3-07 composite worker and scope RPCs retain their exact private signatures
infrastructure:test: psql:<stdin>:60: NOTICE:  ok   M3-07 composite repairs are service-role-only and retain dependency provenance
infrastructure:test:  check 
infrastructure:test: -------
infrastructure:test:  
infrastructure:test: (1 row)
infrastructure:test: 
infrastructure:test: psql:<stdin>:66: NOTICE:  ok   M3-07 provenance uses the dependency contract field names
infrastructure:test:  check 
infrastructure:test: -------
infrastructure:test:  
infrastructure:test: (1 row)
infrastructure:test: 
api:test: PASS src/vulnerabilities/worker/vulnerability-reevaluation-worker.spec.ts
infrastructure:test: Running tests/m3-sbom-intake.test.sql
api:test: PASS src/notifications/infrastructure/supabase-chat-notification.repository.spec.ts
api:test: PASS src/vulnerabilities/infrastructure/supabase-vulnerability-triage-alert-queue.spec.ts
infrastructure:test: Timing is off.
infrastructure:test: CREATE FUNCTION
api:test: [Nest] 92148  - 10/06/2026, 2:14:04 PM    WARN [VulnerabilityReevaluationWorker] Object(2) {
api:test:   message: 'vulnerability reevaluation tenant page failed',
api:test:   error: 'Error'
api:test: }
infrastructure:test: psql:<stdin>:32: NOTICE:  ok   M3 retains immutable intake evidence and the private normalized graph tables
infrastructure:test:  check 
infrastructure:test: -------
infrastructure:test:  
infrastructure:test: (1 row)
infrastructure:test: 
infrastructure:test: psql:<stdin>:54: NOTICE:  ok   SBOM tables are RLS protected and private to service role
infrastructure:test:  check 
infrastructure:test: -------
infrastructure:test:  
infrastructure:test: (1 row)
infrastructure:test: 
infrastructure:test: psql:<stdin>:67: NOTICE:  ok   browser roles cannot call security-definer SBOM coordination RPCs
infrastructure:test:  check 
infrastructure:test: -------
infrastructure:test:  
infrastructure:test: (1 row)
infrastructure:test: 
infrastructure:test: psql:<stdin>:77: NOTICE:  ok   SBOM evidence media types and CI token identifiers align with the shared contracts
infrastructure:test:  check 
infrastructure:test: -------
infrastructure:test:  
infrastructure:test: (1 row)
infrastructure:test: 
infrastructure:test: BEGIN
api:test: PASS src/vulnerabilities/infrastructure/supabase-vulnerability-kev-alert-queue.spec.ts
infrastructure:test: DO
infrastructure:test: ROLLBACK
infrastructure:test: BEGIN
api:test: PASS src/permissions/application/role-use-cases.spec.ts
infrastructure:test: DO
infrastructure:test: ROLLBACK
infrastructure:test:  check 
infrastructure:test: -------
infrastructure:test:  
infrastructure:test: (1 row)
infrastructure:test: 
infrastructure:test: psql:<stdin>:268: NOTICE:  ok   M3 normalization persists the tenant-scoped document graph without a standalone report table
infrastructure:test: psql:<stdin>:284: NOTICE:  ok   browser roles cannot call SBOM validation persistence and report RPCs
infrastructure:test:  check 
infrastructure:test: -------
infrastructure:test:  
infrastructure:test: (1 row)
infrastructure:test: 
infrastructure:test: BEGIN
infrastructure:test: DO
infrastructure:test: ROLLBACK
infrastructure:test: BEGIN
infrastructure:test: DO
infrastructure:test: ROLLBACK
infrastructure:test: BEGIN
infrastructure:test: DO
infrastructure:test: ROLLBACK
infrastructure:test: BEGIN
infrastructure:test: DO
infrastructure:test: ROLLBACK
api:test: [Nest] 92148  - 10/06/2026, 2:14:04 PM   ERROR [AuthService] Password reset consumption failed before provider update
api:test: [Nest] 92148  - 10/06/2026, 2:14:04 PM   ERROR [AuthService] Password reset consumption failed before provider update
infrastructure:test: Running tests/m3-sbom-lineage-diff.test.sql
api:test: [Nest] 92148  - 10/06/2026, 2:14:04 PM   ERROR [AuthService] Password reset consumption failed before provider update
api:test: [Nest] 92148  - 10/06/2026, 2:14:04 PM   ERROR [AuthService] Password reset consumption failed before provider update
api:test: [Nest] 92148  - 10/06/2026, 2:14:04 PM   ERROR [AuthService] Password reset consumption failed before provider update
api:test: [Nest] 92148  - 10/06/2026, 2:14:04 PM   ERROR [AuthService] Password reset consumption failed before provider update
api:test: [Nest] 92148  - 10/06/2026, 2:14:04 PM   ERROR [AuthService] Password reset consumption failed before provider update
api:test: PASS src/organizations/organizations.controller.spec.ts
api:test: [Nest] 92148  - 10/06/2026, 2:14:04 PM   ERROR [AuthService] Password update failed after reset token consumption
api:test: [Nest] 92148  - 10/06/2026, 2:14:04 PM   ERROR [AuthService] Password update failed after reset token consumption
api:test: PASS src/auth/auth.service.password-reset.spec.ts
infrastructure:test: BEGIN
infrastructure:test: DO
infrastructure:test: CREATE FUNCTION
infrastructure:test:  check 
infrastructure:test: -------
infrastructure:test:  
infrastructure:test: (1 row)
infrastructure:test: 
infrastructure:test:  check 
infrastructure:test: -------
infrastructure:test:  
infrastructure:test: (1 row)
infrastructure:test: 
infrastructure:test:  check 
infrastructure:test: -------
infrastructure:test:  
infrastructure:test: (1 row)
infrastructure:test: 
api:test: PASS src/organizations/tenant-administration/worker/tenant-lifecycle-worker.spec.ts
api:test: PASS src/common/filters/all-exceptions.filter.spec.ts
web:test:  ✓ app/(workspace)/products/product-relationship-section.spec.tsx (8 tests) 419ms
infrastructure:test: DO
infrastructure:test: ROLLBACK
api:test: PASS src/products/application/product-relationship-graph-policy.spec.ts
infrastructure:test: Running tests/m3-sbom-normalization.test.sql
api:test: PASS src/suppliers/supplier-registry.controller.spec.ts
api:test: PASS src/products/application/release-lifecycle-policy.spec.ts
infrastructure:test: BEGIN
infrastructure:test: CREATE FUNCTION
infrastructure:test:  check 
infrastructure:test: -------
infrastructure:test:  
infrastructure:test: (1 row)
infrastructure:test: 
infrastructure:test:  check 
infrastructure:test: -------
infrastructure:test:  
infrastructure:test: (1 row)
infrastructure:test: 
api:test: [Nest] 92147  - 10/06/2026, 2:14:05 PM   ERROR [DigestNotificationDispatchWorker] Notification digest scheduling unavailable
api:test: [Nest] 92147  - 10/06/2026, 2:14:05 PM   ERROR [DigestNotificationDispatchWorker] Notification digest acceptance completion unavailable
infrastructure:test: DO
api:test: PASS src/notifications/worker/digest-notification-dispatch-worker.spec.ts
infrastructure:test: DO
infrastructure:test: ROLLBACK
infrastructure:test: Running tests/m3-sbom-quality.test.sql
api:test: PASS src/findings/triage/infrastructure/jira-remediation.adapter.spec.ts
api:test: PASS src/vulnerabilities/infrastructure/mail-vulnerability-kev-alert-notifier.adapter.spec.ts
api:test: [Nest] 92147  - 10/06/2026, 2:14:05 PM    WARN [DigestNotificationDispatchWorker] Notification digest acceptance completion conflicted
infrastructure:test: BEGIN
infrastructure:test: CREATE FUNCTION
api:test: PASS src/products/worker/supabase-product-retention-critical-route.spec.ts
infrastructure:test:  check 
infrastructure:test: -------
infrastructure:test:  
infrastructure:test: (1 row)
infrastructure:test: 
infrastructure:test:  check 
infrastructure:test: -------
infrastructure:test:  
infrastructure:test: (1 row)
infrastructure:test: 
infrastructure:test:  check 
infrastructure:test: -------
infrastructure:test:  
infrastructure:test: (1 row)
infrastructure:test: 
infrastructure:test: ROLLBACK
infrastructure:test: Running tests/m3-sbom-source-supplier-pagination.test.sql
api:test: PASS src/products/application/support-period-history.spec.ts
api:test: PASS src/notifications/worker/chat-https-transport.spec.ts
infrastructure:test: BEGIN
infrastructure:test: CREATE FUNCTION
infrastructure:test:               set_config              
infrastructure:test: --------------------------------------
infrastructure:test:  1ecbb86e-7a9b-495e-8e35-bd1022cad277
infrastructure:test: (1 row)
infrastructure:test: 
infrastructure:test: INSERT 0 1
api:test: PASS src/auth/auth.service.lockout.spec.ts
api:test: [Nest] 92148  - 10/06/2026, 2:14:05 PM   ERROR [SupabaseReportingDeadlineMonitorRepository] Reporting deadline monitor clock skew: 1500ms
api:test: PASS src/reporting/infrastructure/supabase-reporting-deadline-monitor.repository.spec.ts
api:test: PASS src/organizations/branding/branding.service.spec.ts
api:test: PASS src/notifications/worker/mail-notification-dispatch-delivery.adapter.spec.ts
api:test: PASS src/connectors/infrastructure/webhook-vault-maintenance.repository.spec.ts
api:test: PASS src/common/http/zod-response.interceptor.spec.ts
api:test: [Nest] 92147  - 10/06/2026, 2:14:05 PM   ERROR [InvitationsService] Invitation notification failed after creating invitation-1; recovery=cancelled
api:test: [Nest] 92147  - 10/06/2026, 2:14:05 PM   ERROR [InvitationsService] Invitation delivery confirmation failed
api:test: [Nest] 92147  - 10/06/2026, 2:14:05 PM   ERROR [InvitationsService] Invitation list failed
infrastructure:test: DO
api:test: PASS src/invitations/invitations.service.create-list.spec.ts
infrastructure:test: ROLLBACK
infrastructure:test: Running tests/m4-offline-bundle-csaf.test.sql
api:test: [Nest] 92147  - 10/06/2026, 2:14:05 PM   ERROR [ChatNotificationWorker] Chat source bridge unavailable
api:test: [Nest] 92148  - 10/06/2026, 2:14:05 PM   ERROR [AuditService] Durable audit append failed
api:test: [Nest] 92148  - 10/06/2026, 2:14:05 PM   ERROR [AuditService] Durable audit append failed
api:test: PASS src/notifications/worker/chat-notification-worker.spec.ts
api:test: PASS src/audit/audit-v2.service.spec.ts
web:test:  ✓ app/_features/supplier-evidence/supplier-document-extraction-panel.spec.tsx (5 tests) 437ms
infrastructure:test: Timing is off.
infrastructure:test: CREATE FUNCTION
infrastructure:test: psql:<stdin>:26: NOTICE:  ok   offline imports and CSAF mirror surfaces are RLS protected and browser-inaccessible
infrastructure:test:  check 
infrastructure:test: -------
infrastructure:test:  
infrastructure:test: (1 row)
infrastructure:test: 
infrastructure:test:  check 
infrastructure:test: -------
infrastructure:test:  
infrastructure:test: (1 row)
infrastructure:test: 
infrastructure:test: psql:<stdin>:44: NOTICE:  ok   bundle and CSAF functions are service-role-only security definers with pinned paths
infrastructure:test: BEGIN
infrastructure:test: DO
infrastructure:test: ROLLBACK
infrastructure:test: BEGIN
api:test: [Nest] 92147  - 10/06/2026, 2:14:05 PM   ERROR [AuthService] Atomic email verification failed
api:test: PASS src/auth/auth.service.email-verification.spec.ts
infrastructure:test: DO
infrastructure:test: ROLLBACK
infrastructure:test: BEGIN
infrastructure:test: DO
infrastructure:test: ROLLBACK
infrastructure:test: Running tests/m4-reachability-advisory-review.test.sql
api:test: PASS src/webhook-vault-maintenance.spec.ts
api:test: PASS src/findings/exports/infrastructure/supabase-vulnerability-vex-publication-queue.spec.ts
api:test: PASS src/sboms/infrastructure/supabase-sbom-storage.adapter.spec.ts
infrastructure:test: Timing is off.
infrastructure:test: CREATE FUNCTION
infrastructure:test: psql:<stdin>:33: NOTICE:  ok   M4-07 keeps immutable reachability and review ledgers tenant-scoped and browser-inaccessible
infrastructure:test:  check 
infrastructure:test: -------
infrastructure:test:  
infrastructure:test: (1 row)
infrastructure:test: 
infrastructure:test: psql:<stdin>:41: NOTICE:  ok   M4-07 result and event idempotency prevent duplicate evidence or notifications
infrastructure:test:  check 
infrastructure:test: -------
infrastructure:test:  
infrastructure:test: (1 row)
infrastructure:test: 
infrastructure:test: psql:<stdin>:72: NOTICE:  ok   M4-07 database functions are service-role-only security definers with a pinned path
infrastructure:test:  check 
infrastructure:test: -------
infrastructure:test:  
infrastructure:test: (1 row)
infrastructure:test: 
infrastructure:test: psql:<stdin>:86: NOTICE:  ok   M4-07 trigger-only stale helper has no direct execution grant
infrastructure:test:  check 
infrastructure:test: -------
infrastructure:test:  
infrastructure:test: (1 row)
infrastructure:test: 
infrastructure:test:  check 
infrastructure:test: -------
infrastructure:test:  
infrastructure:test: (1 row)
infrastructure:test: 
infrastructure:test: psql:<stdin>:100: NOTICE:  ok   M4-07 validates evidence required for not_reachable and preserves advisory history as review_required
infrastructure:test: Running tests/m4-vulnerability-cpe-reevaluation.test.sql
api:test: PASS src/invitations/infrastructure/mail-invitation-notifier.adapter.spec.ts
api:test: PASS src/sboms/worker/sbom-composite-worker.spec.ts
infrastructure:test: Timing is off.
infrastructure:test: CREATE FUNCTION
api:test: PASS src/frameworks/application/custom-framework-use-cases.spec.ts
infrastructure:test: psql:<stdin>:28: NOTICE:  ok   M4 CPE fields and material source fingerprints are present without a duplicate findings ledger
infrastructure:test:  check 
infrastructure:test: -------
infrastructure:test:  
infrastructure:test: (1 row)
infrastructure:test: 
infrastructure:test: psql:<stdin>:38: NOTICE:  ok   M4 CPE method and review codes are accepted only at matching boundaries
infrastructure:test:  check 
infrastructure:test: -------
infrastructure:test:  
infrastructure:test: (1 row)
infrastructure:test: 
infrastructure:test: psql:<stdin>:63: NOTICE:  ok   M4 targeted re-evaluation and verdict/history RPCs are service-role-only security definers with pinned paths
infrastructure:test:  check 
infrastructure:test: -------
infrastructure:test:  
infrastructure:test: (1 row)
infrastructure:test: 
infrastructure:test: psql:<stdin>:75: NOTICE:  ok   M4 worker queue pins NVD input and candidate/discovery APIs remain bounded and restart-safe
infrastructure:test:  check 
infrastructure:test: -------
infrastructure:test:  
infrastructure:test: (1 row)
infrastructure:test: 
infrastructure:test:  check 
infrastructure:test: -------
infrastructure:test:  
infrastructure:test: (1 row)
infrastructure:test: 
infrastructure:test: psql:<stdin>:85: NOTICE:  ok   M4 projection carries CPE and human/re-evaluation evidence while KEV uses the effective verdict
infrastructure:test: psql:<stdin>:95: NOTICE:  ok   M4 preserves evaluated CPE proof and returns an exact human-verdict finding without page truncation
infrastructure:test:  check 
infrastructure:test: -------
infrastructure:test:  
infrastructure:test: (1 row)
infrastructure:test: 
infrastructure:test: Running tests/m4-vulnerability-enrichment-kev-alerts.test.sql
api:test: PASS src/vulnerabilities/infrastructure/mail-vulnerability-finding-review-notifier.adapter.spec.ts
api:test: PASS src/products/infrastructure/supabase-product-compliance-storage.adapter.spec.ts
api:test: [Nest] 92147  - 10/06/2026, 2:14:06 PM   ERROR [MfaService] MFA factor lookup failed
api:test: PASS src/auth/mfa/mfa.service.facade.spec.ts
infrastructure:test: Timing is off.
infrastructure:test: CREATE FUNCTION
infrastructure:test: psql:<stdin>:25: NOTICE:  ok   M4 KEV ledger is tenant-scoped, RLS enabled, and not browser accessible
infrastructure:test:  check 
infrastructure:test: -------
infrastructure:test:  
infrastructure:test: (1 row)
infrastructure:test: 
infrastructure:test: psql:<stdin>:45: NOTICE:  ok   M4 alert and action RPCs are service-role-only security definers with a pinned path
infrastructure:test:  check 
infrastructure:test: -------
infrastructure:test:  
infrastructure:test: (1 row)
infrastructure:test: 
infrastructure:test: psql:<stdin>:52: NOTICE:  ok   M4 matching persistence validates through a public wrapper and retains a private unchecked implementation
infrastructure:test:  check 
infrastructure:test: -------
infrastructure:test:  
infrastructure:test: (1 row)
infrastructure:test: 
infrastructure:test: psql:<stdin>:59: NOTICE:  ok   M4 successful KEV delivery returns exactly one terminal branch before retry logic
infrastructure:test:  check 
infrastructure:test: -------
infrastructure:test:  
infrastructure:test: (1 row)
infrastructure:test: 
infrastructure:test:  check 
infrastructure:test: -------
infrastructure:test:  
infrastructure:test: (1 row)
infrastructure:test: 
infrastructure:test: psql:<stdin>:69: NOTICE:  ok   M4 finding projection keeps the authoritative KEV observation from its baseline
infrastructure:test: psql:<stdin>:79: NOTICE:  ok   M4 alert projection cannot surface non-applicable lifecycle rows as active KEV alerts
infrastructure:test:  check 
infrastructure:test: -------
infrastructure:test:  
infrastructure:test: (1 row)
infrastructure:test: 
api:test: [Nest] 92148  - 10/06/2026, 2:14:06 PM   ERROR [AuthService] Session epoch revocation failed
api:test: [Nest] 92148  - 10/06/2026, 2:14:06 PM   ERROR [AuthService] Could not store verification artifact
infrastructure:test:  check 
infrastructure:test: -------
infrastructure:test:  
infrastructure:test: (1 row)
infrastructure:test: 
infrastructure:test: psql:<stdin>:87: NOTICE:  ok   M4 derived intelligence accepts the durable scalar EPSS and GitHub score envelopes
api:test: PASS src/auth/auth.service.facade.spec.ts
infrastructure:test: Running tests/m4-vulnerability-feed-mirror.test.sql
api:test: PASS src/connectors/agent/agent-management.use-cases.spec.ts
api:test: PASS src/invitations/application/create-invitation.use-case.spec.ts
infrastructure:test: Timing is off.
api:test: PASS src/sboms/worker/sbom-diff-worker.spec.ts
infrastructure:test: CREATE FUNCTION
infrastructure:test:  check 
infrastructure:test: -------
infrastructure:test:  
infrastructure:test: (1 row)
infrastructure:test: 
infrastructure:test: psql:<stdin>:38: NOTICE:  ok   M4 mirror is global, RLS protected, and inaccessible to browser roles
infrastructure:test: psql:<stdin>:58: NOTICE:  ok   M4 coordination RPCs are service-role-only security definers with pinned search paths
infrastructure:test:  check 
infrastructure:test: -------
infrastructure:test:  
infrastructure:test: (1 row)
infrastructure:test: 
infrastructure:test: psql:<stdin>:75: NOTICE:  ok   M4 mutable records use the repository updated_at trigger invariant
infrastructure:test:  check 
infrastructure:test: -------
infrastructure:test:  
infrastructure:test: (1 row)
infrastructure:test: 
infrastructure:test: BEGIN
api:test: PASS src/organizations/organizations.service.spec.ts
web:test:  ✓ app/_features/findings/finding-remediation.spec.tsx (19 tests) 485ms
infrastructure:test: DO
infrastructure:test: ROLLBACK
infrastructure:test: Running tests/m4-vulnerability-matching-completion.test.sql
api:test: PASS src/connectors/infrastructure/webhook-vault.spec.ts
api:test: PASS src/organizations/tenant-administration/application/tenant-administration-use-cases.spec.ts
api:test: PASS src/auth/cookies.util.spec.ts
api:test: [Nest] 92148  - 10/06/2026, 2:14:06 PM    WARN [SbomDiffWorker] Object(2) {
api:test:   message: 'sbom diff cycle failed',
api:test:   error: 'statement timeout'
api:test: }
api:test: [Nest] 92147  - 10/06/2026, 2:14:06 PM   ERROR [SupabasePermissionDataAdapter] Override lookup failed: database unavailable
api:test: [Nest] 92147  - 10/06/2026, 2:14:06 PM   ERROR [SupabasePermissionDataAdapter] Permission version lookup failed: version row missing
api:test: [Nest] 92147  - 10/06/2026, 2:14:06 PM   ERROR [SupabasePermissionDataAdapter] Permission version lookup failed: boom
api:test: [Nest] 92147  - 10/06/2026, 2:14:06 PM   ERROR [SupabasePermissionDataAdapter] Permission version lookup failed: boom
infrastructure:test: Timing is off.
api:test: [Nest] 92147  - 10/06/2026, 2:14:06 PM   ERROR [SupabasePermissionDataAdapter] Role assignment lookup failed: boom
api:test: [Nest] 92147  - 10/06/2026, 2:14:06 PM   ERROR [SupabasePermissionDataAdapter] Role assignment lookup failed: boom
infrastructure:test: CREATE FUNCTION
infrastructure:test: psql:<stdin>:46: NOTICE:  ok   M4 result paging and accuracy recording RPCs are service-role-only security definers with pinned search paths
infrastructure:test:  check 
infrastructure:test: -------
infrastructure:test:  
infrastructure:test: (1 row)
infrastructure:test: 
infrastructure:test: BEGIN
api:test: [Nest] 92147  - 10/06/2026, 2:14:06 PM   ERROR [SupabasePermissionDataAdapter] Override lookup failed: boom
api:test: [Nest] 92147  - 10/06/2026, 2:14:06 PM   ERROR [SupabasePermissionDataAdapter] Override lookup failed: boom
api:test: [Nest] 92147  - 10/06/2026, 2:14:06 PM   ERROR [SupabasePermissionDataAdapter] Menu rule lookup failed: boom
api:test: [Nest] 92147  - 10/06/2026, 2:14:06 PM   ERROR [SupabasePermissionDataAdapter] Menu rule lookup failed: boom
api:test: [Nest] 92147  - 10/06/2026, 2:14:06 PM   ERROR [SupabasePermissionDataAdapter] Menu rule lookup failed: boom
infrastructure:test: DO
infrastructure:test: ROLLBACK
api:test: PASS src/permissions/permissions.service.spec.ts
infrastructure:test: Running tests/m5-bulk-assessment.test.sql
api:test: PASS src/organizations/legal-entities/legal-entities.service.spec.ts
api:test: PASS src/organizations/tenant-administration/tenant-administration.service.spec.ts
api:test: PASS src/findings/findings.service.spec.ts
infrastructure:test: CREATE FUNCTION
infrastructure:test: psql:<stdin>:29: NOTICE:  ok   M5 bulk ledger is tenant-scoped, RLS protected, and browser-private
infrastructure:test:  check 
infrastructure:test: -------
infrastructure:test:  
infrastructure:test: (1 row)
infrastructure:test: 
infrastructure:test: psql:<stdin>:52: NOTICE:  ok   M5 bulk RPCs are service-role-only security definers with pinned paths
infrastructure:test:  check 
infrastructure:test: -------
infrastructure:test:  
infrastructure:test: (1 row)
infrastructure:test: 
infrastructure:test:  check 
infrastructure:test: -------
infrastructure:test:  
infrastructure:test: (1 row)
infrastructure:test: 
infrastructure:test: psql:<stdin>:64: NOTICE:  ok   M5 bulk preview has bounded snapshots and propagation matches identity plus version
infrastructure:test: Running tests/m5-remediation-anchors.test.sql
api:test: PASS src/chat-vault-maintenance.spec.ts
api:test: PASS src/supplier-evidence/infrastructure/mail-supplier-evidence-reminder-notifier.adapter.spec.ts
api:test: PASS src/users/application/member-use-cases.spec.ts
infrastructure:test: CREATE FUNCTION
infrastructure:test:  check 
infrastructure:test: -------
infrastructure:test:  
infrastructure:test: (1 row)
infrastructure:test: 
api:test: PASS src/products/imports/product-import-worker.spec.ts
infrastructure:test:  check 
infrastructure:test: -------
infrastructure:test:  
infrastructure:test: (1 row)
infrastructure:test: 
infrastructure:test:  check 
infrastructure:test: -------
infrastructure:test:  
infrastructure:test: (1 row)
infrastructure:test: 
infrastructure:test:  check 
infrastructure:test: -------
infrastructure:test:  
infrastructure:test: (1 row)
infrastructure:test: 
infrastructure:test:  check 
infrastructure:test: -------
infrastructure:test:  
infrastructure:test: (1 row)
infrastructure:test: 
infrastructure:test: Running tests/m5-suppression-sla.test.sql
api:test: PASS src/common/pipes/zod-validation.pipe.spec.ts
api:test: PASS src/auth/application/auth-use-cases.spec.ts
api:test: [Nest] 92148  - 10/06/2026, 2:14:06 PM    WARN [ProductImportWorker] {"event":"product_import_measurement","metric":"retry_scheduled","value":1}
api:test: [Nest] 92148  - 10/06/2026, 2:14:06 PM    WARN [VulnerabilityTriageAlertWorker] Object(2) {
api:test:   message: 'Vulnerability triage alert notification delivery failed',
api:test:   error: 'Error'
api:test: }
infrastructure:test: CREATE FUNCTION
api:test: PASS src/reporting/worker/reporting-deadline-monitor-worker.spec.ts
api:test: PASS src/vulnerabilities/worker/vulnerability-triage-alert-worker.spec.ts
infrastructure:test: psql:<stdin>:32: NOTICE:  ok   M5-04 state is tenant-scoped, RLS protected, and browser-private
infrastructure:test:  check 
infrastructure:test: -------
infrastructure:test:  
infrastructure:test: (1 row)
infrastructure:test: 
infrastructure:test: psql:<stdin>:44: NOTICE:  ok   M5-04 suppression is finite, append-only, and tenant-bound to a finding
infrastructure:test:  check 
infrastructure:test: -------
infrastructure:test:  
infrastructure:test: (1 row)
infrastructure:test: 
infrastructure:test: psql:<stdin>:57: NOTICE:  ok   M5-04 policies, state versions, and durable event deduplication exist
infrastructure:test:  check 
infrastructure:test: -------
infrastructure:test:  
infrastructure:test: (1 row)
infrastructure:test: 
infrastructure:test:  check 
infrastructure:test: -------
infrastructure:test:  
infrastructure:test: (1 row)
infrastructure:test: 
infrastructure:test: psql:<stdin>:68: NOTICE:  ok   M5-04 mutable triage state retains the repository updated_at trigger invariant
infrastructure:test:  check 
infrastructure:test: -------
infrastructure:test:  
infrastructure:test: (1 row)
infrastructure:test: 
infrastructure:test: psql:<stdin>:84: NOTICE:  ok   M5-04 unconfigured states retain observed severity without read-version churn
infrastructure:test: psql:<stdin>:90: NOTICE:  ok   M5-04 policy setup remains prospective when a detail read first materializes state
infrastructure:test:  check 
infrastructure:test: -------
infrastructure:test:  
infrastructure:test: (1 row)
infrastructure:test: 
infrastructure:test: psql:<stdin>:117: NOTICE:  ok   M5-04 RPCs are pinned security definers and service-role only
infrastructure:test:  check 
infrastructure:test: -------
infrastructure:test:  
infrastructure:test: (1 row)
infrastructure:test: 
infrastructure:test: Running tests/m5-triage-notes.test.sql
api:test: PASS src/reporting/infrastructure/mail-reporting-deadline-delivery.adapter.spec.ts
api:test: PASS src/connectors/infrastructure/supabase-connector-worker.repository.spec.ts
api:test: PASS src/products/application/product-compliance-use-cases.spec.ts
infrastructure:test: BEGIN
infrastructure:test: CREATE FUNCTION
infrastructure:test:  check 
infrastructure:test: -------
infrastructure:test:  
infrastructure:test: (1 row)
infrastructure:test: 
infrastructure:test:  check 
infrastructure:test: -------
infrastructure:test:  
infrastructure:test: (1 row)
infrastructure:test: 
api:test: PASS src/supabase/supabase.service.spec.ts
infrastructure:test: DO
api:test: PASS src/invitations/application/accept-invitation.use-case.spec.ts
infrastructure:test: DO
infrastructure:test: ROLLBACK
infrastructure:test: Running tests/m5-triage-queue.test.sql
api:test: PASS src/organizations/branding/infrastructure/branding-adapters.spec.ts
api:test: PASS src/permissions/permissions.service.facade.spec.ts
api:test: PASS src/connectors/worker/connector-worker-failure.spec.ts
api:test: PASS src/vulnerabilities/worker/vulnerability-kev-alert-worker.spec.ts
web:test:  ✓ app/(workspace)/products/sbom-normalized-document-detail.spec.tsx (13 tests) 400ms
infrastructure:test: CREATE FUNCTION
infrastructure:test:  check 
infrastructure:test: -------
infrastructure:test:  
infrastructure:test: (1 row)
infrastructure:test: 
infrastructure:test: psql:<stdin>:29: NOTICE:  ok   M5 saved views are RLS protected and service-role only
infrastructure:test:  check 
infrastructure:test: -------
infrastructure:test:  
infrastructure:test: (1 row)
infrastructure:test: 
infrastructure:test: psql:<stdin>:54: NOTICE:  ok   M5 RPCs are security definers with pinned paths and no browser grants
infrastructure:test:  check 
infrastructure:test: -------
infrastructure:test:  
infrastructure:test: (1 row)
infrastructure:test: 
infrastructure:test: psql:<stdin>:64: NOTICE:  ok   M5 saved views use optimistic versions, tenant names, and durable idempotency
infrastructure:test: psql:<stdin>:78: NOTICE:  ok   M5 queue uses active tenant keyset indexes and opaque cursor encoding
infrastructure:test:  check 
infrastructure:test: -------
infrastructure:test:  
infrastructure:test: (1 row)
infrastructure:test: 
infrastructure:test: psql:<stdin>:84: NOTICE:  ok   M5 detail uses the shared reEvaluationState wire key
infrastructure:test:  check 
infrastructure:test: -------
infrastructure:test:  
infrastructure:test: (1 row)
infrastructure:test: 
infrastructure:test: Running tests/m5-vex-assessments-approval.test.sql
api:test: PASS src/products/worker/product-retention-worker.spec.ts
api:test: PASS src/invitations/application/resend-invitation.use-case.spec.ts
api:test: [Nest] 92147  - 10/06/2026, 2:14:06 PM    WARN [VulnerabilityKevAlertWorker] Object(2) {
api:test:   message: 'KEV alert notification delivery failed',
api:test:   error: 'Error'
api:test: }
infrastructure:test: CREATE FUNCTION
infrastructure:test: psql:<stdin>:31: NOTICE:  ok   M5 VEX state, evidence, policy, history, and command records are private
infrastructure:test:  check 
infrastructure:test: -------
infrastructure:test:  
infrastructure:test: (1 row)
infrastructure:test: 
infrastructure:test: psql:<stdin>:45: NOTICE:  ok   M5 VEX revisions retain tenant current/history and idempotency invariants
infrastructure:test:  check 
infrastructure:test: -------
infrastructure:test:  
infrastructure:test: (1 row)
infrastructure:test: 
infrastructure:test: psql:<stdin>:72: NOTICE:  ok   M5 VEX RPCs are service-only security definers with pinned search paths
infrastructure:test:  check 
infrastructure:test: -------
infrastructure:test:  
infrastructure:test: (1 row)
infrastructure:test: 
infrastructure:test:  check 
infrastructure:test: -------
infrastructure:test:  
infrastructure:test: (1 row)
infrastructure:test: 
infrastructure:test: psql:<stdin>:82: NOTICE:  ok   M5 queue uses the parsed reEvaluation key and VEX approval filters
infrastructure:test: BEGIN
api:test: PASS src/technical-files/worker/technical-file-snapshot-export-renderer.spec.ts
api:test: PASS src/organizations/application/organization-use-cases.spec.ts
infrastructure:test: psql:<stdin>:273: NOTICE:  ok   VEX submit creates an immutable pending revision with a policy snapshot
infrastructure:test: psql:<stdin>:273: NOTICE:  ok   VEX submit idempotency replays the stored result without a duplicate revision
infrastructure:test: psql:<stdin>:273: NOTICE:  ok   VEX submit rejects stale expected versions without writing audit facts
infrastructure:test: psql:<stdin>:273: NOTICE:  ok   VEX submit enforces the not_affected justification matrix server-side
infrastructure:test: psql:<stdin>:273: NOTICE:  ok   VEX approval enforces separation of duties at the database boundary
infrastructure:test: psql:<stdin>:273: NOTICE:  ok   VEX approval is versioned and audited atomically
infrastructure:test: psql:<stdin>:273: NOTICE:  ok   VEX revision supersedes instead of mutating the prior approved revision
infrastructure:test: psql:<stdin>:273: NOTICE:  ok   VEX policy changes do not silently approve pending assessment snapshots
infrastructure:test: psql:<stdin>:273: NOTICE:  ok   M5 queue filters current VEX approvals and the corrected reEvaluation key
infrastructure:test: DO
infrastructure:test: ROLLBACK
infrastructure:test: Running tests/m5-vex-export-publication.test.sql
api:test: PASS src/organizations/infrastructure/supabase-onboarding-evidence-recorder.adapter.spec.ts
api:test: PASS src/permissions/infrastructure/supabase-permission-data.adapter.spec.ts
api:test: PASS src/connectors/infrastructure/connector-vault-legacy.spec.ts
api:test: PASS src/connectors/reference-adapter/reference-conformance-adapter.spec.ts
infrastructure:test: CREATE FUNCTION
infrastructure:test:  check 
infrastructure:test: -------
infrastructure:test:  
infrastructure:test: (1 row)
infrastructure:test: 
infrastructure:test:  check 
infrastructure:test: -------
infrastructure:test:  
infrastructure:test: (1 row)
infrastructure:test: 
infrastructure:test:  check 
infrastructure:test: -------
infrastructure:test:  
infrastructure:test: (1 row)
infrastructure:test: 
infrastructure:test:  check 
infrastructure:test: -------
infrastructure:test:  
infrastructure:test: (1 row)
infrastructure:test: 
infrastructure:test: Running tests/m6-manual-submission-evidence.test.sql
api:test: PASS src/evidence/worker/evidence-validity-alert-worker.spec.ts
api:test: PASS src/auth/auth.service.audit.spec.ts
api:test: PASS src/vulnerabilities/worker/vulnerability-finding-review-notification-worker.spec.ts
infrastructure:test: BEGIN
infrastructure:test: CREATE FUNCTION
infrastructure:test:  check 
infrastructure:test: -------
infrastructure:test:  
infrastructure:test: (1 row)
infrastructure:test: 
infrastructure:test:  check 
infrastructure:test: -------
infrastructure:test:  
infrastructure:test: (1 row)
infrastructure:test: 
api:test: PASS src/permissions/custom-roles.service.spec.ts
api:test: PASS src/notifications/worker/notification-dispatch-worker.spec.ts
infrastructure:test: DO
infrastructure:test: ROLLBACK
api:test: [Nest] 92148  - 10/06/2026, 2:14:07 PM    WARN [VulnerabilityFindingReviewNotificationWorker] Object(2) {
api:test:   message: 'Vulnerability finding review notification delivery failed',
api:test:   error: 'Error'
api:test: }
api:test: PASS src/connectors/agent-trust/verify-agent-frame.spec.ts
infrastructure:test: Running tests/m6-reporting-deadline-monitoring.test.sql
api:test: PASS src/invitations/application/revoke-list-invitations.spec.ts
api:test: PASS src/auth/application/auth-security-audit.spec.ts
api:test: PASS src/auth/application/auth-primary-use-cases.spec.ts
infrastructure:test: BEGIN
infrastructure:test: CREATE FUNCTION
infrastructure:test:  check 
infrastructure:test: -------
infrastructure:test:  
infrastructure:test: (1 row)
infrastructure:test: 
infrastructure:test:  check 
infrastructure:test: -------
infrastructure:test:  
infrastructure:test: (1 row)
infrastructure:test: 
web:test:  ✓ app/(auth)/auth-pages.spec.tsx (18 tests) 726ms
api:test: PASS src/products/product-compliance.service.spec.ts
api:test: PASS src/connector-vault-maintenance.spec.ts
infrastructure:test: DO
infrastructure:test: DO
infrastructure:test:  check 
infrastructure:test: -------
infrastructure:test:  
infrastructure:test: (1 row)
infrastructure:test: 
infrastructure:test: ROLLBACK
api:test: PASS src/products/infrastructure/node-product-compliance-external-reference-validator.spec.ts
infrastructure:test: Running tests/m6-reporting-obligations.test.sql
api:test: PASS src/evidence/worker/evidence-deletion-cleanup-worker.spec.ts
api:test: PASS src/findings/exports/worker/vulnerability-vex-publication-worker.spec.ts
api:test: PASS src/audit/audit.module.spec.ts
infrastructure:test: BEGIN
infrastructure:test: CREATE FUNCTION
infrastructure:test:  check 
infrastructure:test: -------
infrastructure:test:  
infrastructure:test: (1 row)
infrastructure:test: 
infrastructure:test:  check 
infrastructure:test: -------
infrastructure:test:  
infrastructure:test: (1 row)
infrastructure:test: 
api:test: PASS src/vulnerabilities/infrastructure/unavailable-reporting-obligation.adapter.spec.ts
api:test: PASS src/connectors/infrastructure/connector-vault-maintenance.repository.spec.ts
api:test: [Nest] 92147  - 10/06/2026, 2:14:07 PM    WARN [VulnerabilityVexPublicationWorker] Object(2) {
api:test:   message: 'VEX publication delivery failed',
api:test:   error: 'Error'
api:test: }
api:test: PASS src/supplier-evidence/application/supplier-evidence-sbom.use-cases.spec.ts
infrastructure:test: DO
api:test: PASS src/vulnerabilities/matching/comparators/version-comparator.spec.ts
infrastructure:test: DO
infrastructure:test:  check 
infrastructure:test: -------
infrastructure:test:  
infrastructure:test: (1 row)
infrastructure:test: 
infrastructure:test: ROLLBACK
api:test: PASS src/permissions/application/versioned-permission-resolver.proxy.spec.ts
infrastructure:test: Running tests/m6-reporting-rehearsals.test.sql
api:test: PASS src/supplier-evidence/application/supplier-evidence-use-cases.spec.ts
api:test: PASS src/sboms/ci-providers/ci-provider-webhook.spec.ts
api:test: PASS src/products/worker/product-compliance-worker.spec.ts
api:test: PASS src/evidence/worker/evidence-text-extraction-worker.spec.ts
infrastructure:test: BEGIN
infrastructure:test: CREATE FUNCTION
api:test: PASS src/auth/mfa/mfa.service.audit.spec.ts
api:test: PASS src/notifications/infrastructure/chat-vault-maintenance.repository.spec.ts
infrastructure:test: DO
infrastructure:test:  check 
infrastructure:test: -------
infrastructure:test:  
infrastructure:test: (1 row)
infrastructure:test: 
infrastructure:test:  check 
infrastructure:test: -------
infrastructure:test:  
infrastructure:test: (1 row)
infrastructure:test: 
infrastructure:test: ROLLBACK
infrastructure:test: Running tests/m6-reporting-stage-drafts.test.sql
api:test: PASS src/connectors/worker/connector-sync-plan-context.spec.ts
api:test: PASS src/invitations/infrastructure/node-invitation-token.adapter.spec.ts
api:test: PASS src/vulnerabilities/matching/golden-dataset.spec.ts
api:test: PASS src/vulnerabilities/matching/cpe-nvd-policy.spec.ts
web:test:  ✓ app/_features/frameworks/coverage-workspace-panel.spec.tsx (9 tests) 567ms
api:test: PASS src/common/exceptions/too-many-requests.exception.spec.ts
infrastructure:test: BEGIN
infrastructure:test: CREATE FUNCTION
infrastructure:test:  check 
infrastructure:test: -------
infrastructure:test:  
infrastructure:test: (1 row)
infrastructure:test: 
infrastructure:test:  check 
infrastructure:test: -------
infrastructure:test:  
infrastructure:test: (1 row)
infrastructure:test: 
api:test: PASS src/connectors/infrastructure/connector-vault-maintenance.spec.ts
api:test: PASS src/sboms/validation/spdx-tag-value-parser.spec.ts
api:test: PASS src/frameworks/application/coverage-recalculation-worker.spec.ts
api:test: PASS src/frameworks/application/control-use-cases.spec.ts
api:test: PASS src/audit/audit-redaction.spec.ts
api:test: PASS src/notifications/application/notifications-use-cases.spec.ts
api:test: PASS src/invitations/domain/invitation-state.spec.ts
infrastructure:test: DO
infrastructure:test: ROLLBACK
infrastructure:test: Running tests/m7-annex-vii-technical-files.test.sql
api:test: PASS src/findings/exports/infrastructure/configured-vex-publication-target-registry.spec.ts
api:test: PASS src/connectors/infrastructure/connector-authorization.adapter.spec.ts
api:test: PASS src/organizations/tenant-administration/worker/export-archive.spec.ts
api:test: PASS src/evidence/application/evidence-reuse-validity-use-cases.spec.ts
infrastructure:test: BEGIN
infrastructure:test: CREATE FUNCTION
infrastructure:test:  check 
infrastructure:test: -------
infrastructure:test:  
infrastructure:test: (1 row)
infrastructure:test: 
infrastructure:test:  check 
infrastructure:test: -------
infrastructure:test:  
infrastructure:test: (1 row)
infrastructure:test: 
infrastructure:test:  check 
infrastructure:test: -------
infrastructure:test:  
infrastructure:test: (1 row)
infrastructure:test: 
infrastructure:test: ROLLBACK
api:test: PASS src/connectors/application/field-authority-policy.spec.ts
infrastructure:test: Running tests/m7-scoped-auditor-snapshot-access.test.sql
api:test: PASS src/products/application/product-retention-policy.spec.ts
api:test: PASS src/auth/domain/auth-flow-state.spec.ts
infrastructure:test: BEGIN
api:test: PASS src/organizations/legal-entities/application/legal-entity-use-cases.spec.ts
api:test: PASS src/connectors/infrastructure/connector-vault-reader.spec.ts
api:test: PASS src/evidence/application/evidence-bulk-intake-use-cases.spec.ts
api:test: PASS src/sboms/application/supplier-sbom-use-cases.spec.ts
api:test: PASS src/permissions/application/base-permission-resolver.spec.ts
infrastructure:test: CREATE EXTENSION
infrastructure:test:  plan  
infrastructure:test: -------
infrastructure:test:  1..34
infrastructure:test: (1 row)
infrastructure:test: 
api:test: PASS src/connectors/application/webhook-policy.spec.ts
infrastructure:test:                 ok                 
infrastructure:test: -----------------------------------
infrastructure:test:  ok 1 - auditor grant table exists
infrastructure:test: (1 row)
infrastructure:test: 
infrastructure:test:                  ok                  
infrastructure:test: -------------------------------------
infrastructure:test:  ok 2 - auditor session table exists
infrastructure:test: (1 row)
infrastructure:test: 
infrastructure:test:                     ok                    
infrastructure:test: ------------------------------------------
infrastructure:test:  ok 3 - auditor access-event table exists
infrastructure:test: (1 row)
infrastructure:test: 
infrastructure:test:                     ok                    
infrastructure:test: ------------------------------------------
infrastructure:test:  ok 4 - grants use enabled non-forced RLS
infrastructure:test: (1 row)
infrastructure:test: 
infrastructure:test:                      ok                     
infrastructure:test: --------------------------------------------
infrastructure:test:  ok 5 - sessions use enabled non-forced RLS
infrastructure:test: (1 row)
infrastructure:test: 
infrastructure:test:                        ok                        
infrastructure:test: -------------------------------------------------
infrastructure:test:  ok 6 - access events use enabled non-forced RLS
infrastructure:test: (1 row)
infrastructure:test: 
infrastructure:test:                   ok                   
infrastructure:test: ---------------------------------------
infrastructure:test:  ok 7 - service role can manage grants
infrastructure:test: (1 row)
infrastructure:test: 
infrastructure:test:                         ok                        
infrastructure:test: --------------------------------------------------
infrastructure:test:  ok 8 - authenticated cannot read grants directly
infrastructure:test: (1 row)
infrastructure:test: 
infrastructure:test:                     ok                     
infrastructure:test: -------------------------------------------
infrastructure:test:  ok 9 - anon cannot read sessions directly
infrastructure:test: (1 row)
infrastructure:test: 
infrastructure:test:                                 ok                                 
infrastructure:test: -------------------------------------------------------------------
infrastructure:test:  ok 10 - authenticated cannot read dedicated access audit directly
infrastructure:test: (1 row)
infrastructure:test: 
infrastructure:test:                         ok                         
infrastructure:test: ---------------------------------------------------
infrastructure:test:  ok 11 - failed redemption rate-limit index exists
infrastructure:test: (1 row)
infrastructure:test: 
infrastructure:test:                      ok                     
infrastructure:test: --------------------------------------------
infrastructure:test:  ok 12 - grant token hashes are constrained
infrastructure:test: (1 row)
infrastructure:test: 
infrastructure:test:                         ok                         
infrastructure:test: ---------------------------------------------------
infrastructure:test:  ok 13 - grant snapshot reference is tenant-scoped
infrastructure:test: (1 row)
infrastructure:test: 
infrastructure:test:                        ok                        
infrastructure:test: -------------------------------------------------
infrastructure:test:  ok 14 - grant export reference is tenant-scoped
infrastructure:test: (1 row)
infrastructure:test: 
infrastructure:test:                            ok                            
infrastructure:test: ---------------------------------------------------------
infrastructure:test:  ok 15 - grant creation is a pinned security-definer RPC
infrastructure:test: (1 row)
infrastructure:test: 
infrastructure:test:                          ok                          
infrastructure:test: -----------------------------------------------------
infrastructure:test:  ok 16 - redemption is a pinned security-definer RPC
infrastructure:test: (1 row)
infrastructure:test: 
infrastructure:test:                            ok                            
infrastructure:test: ---------------------------------------------------------
infrastructure:test:  ok 17 - auditor access is a pinned security-definer RPC
infrastructure:test: (1 row)
infrastructure:test: 
infrastructure:test:                                ok                                
infrastructure:test: -----------------------------------------------------------------
infrastructure:test:  ok 18 - artifact authorization is a pinned security-definer RPC
infrastructure:test: (1 row)
infrastructure:test: 
infrastructure:test:                    ok                    
infrastructure:test: -----------------------------------------
infrastructure:test:  ok 19 - service role can create a grant
infrastructure:test: (1 row)
infrastructure:test: 
infrastructure:test:                          ok                          
infrastructure:test: -----------------------------------------------------
infrastructure:test:  ok 20 - authenticated cannot create grants directly
infrastructure:test: (1 row)
infrastructure:test: 
api:test: PASS src/sboms/quality/sbom-quality-policy.spec.ts
infrastructure:test:                  ok                  
infrastructure:test: -------------------------------------
infrastructure:test:  ok 21 - anon cannot redeem directly
infrastructure:test: (1 row)
infrastructure:test: 
infrastructure:test:                               ok                              
infrastructure:test: --------------------------------------------------------------
infrastructure:test:  ok 22 - grant creation checks its dedicated share permission
infrastructure:test: (1 row)
infrastructure:test: 
infrastructure:test:                              ok                             
infrastructure:test: ------------------------------------------------------------
infrastructure:test:  ok 23 - grant creation permits only ready snapshot exports
infrastructure:test: (1 row)
infrastructure:test: 
infrastructure:test:                      ok                      
infrastructure:test: ---------------------------------------------
infrastructure:test:  ok 24 - redemption locks the one-time grant
infrastructure:test: (1 row)
infrastructure:test: 
infrastructure:test:                           ok                          
infrastructure:test: ------------------------------------------------------
infrastructure:test:  ok 25 - redeemed links cannot create another session
infrastructure:test: (1 row)
infrastructure:test: 
infrastructure:test:                                         ok                                         
infrastructure:test: -----------------------------------------------------------------------------------
infrastructure:test:  ok 26 - redemption failures are rate-limited without storing a raw client address
infrastructure:test: (1 row)
infrastructure:test: 
infrastructure:test:                        ok                        
infrastructure:test: -------------------------------------------------
infrastructure:test:  ok 27 - every auditor view rechecks grant state
infrastructure:test: (1 row)
infrastructure:test: 
infrastructure:test:                              ok                             
infrastructure:test: ------------------------------------------------------------
infrastructure:test:  ok 28 - artifact authorization rechecks session revocation
infrastructure:test: (1 row)
infrastructure:test: 
infrastructure:test:                                    ok                                    
infrastructure:test: -------------------------------------------------------------------------
infrastructure:test:  ok 29 - artifact authorization writes dedicated delivery audit evidence
infrastructure:test: (1 row)
infrastructure:test: 
infrastructure:test:                             ok                            
infrastructure:test: ----------------------------------------------------------
infrastructure:test:  ok 30 - auditor view payload never exposes storage paths
infrastructure:test: (1 row)
infrastructure:test: 
infrastructure:test:                                     ok                                    
infrastructure:test: --------------------------------------------------------------------------
infrastructure:test:  ok 31 - auditor scope is frozen snapshot content with supersession state
infrastructure:test: (1 row)
infrastructure:test: 
infrastructure:test:                            is                           
infrastructure:test: --------------------------------------------------------
infrastructure:test:  ok 32 - unknown redemption token is safely unavailable
infrastructure:test: (1 row)
infrastructure:test: 
infrastructure:test:                           is                           
infrastructure:test: -------------------------------------------------------
infrastructure:test:  ok 33 - unknown auditor session is safely unavailable
infrastructure:test: (1 row)
infrastructure:test: 
infrastructure:test:                            is                           
infrastructure:test: --------------------------------------------------------
infrastructure:test:  ok 34 - unknown artifact session is safely unavailable
infrastructure:test: (1 row)
infrastructure:test: 
infrastructure:test:  finish 
infrastructure:test: --------
infrastructure:test: (0 rows)
infrastructure:test: 
api:test: PASS src/vulnerabilities/prioritization/vulnerability-priority-policy.spec.ts
infrastructure:test: ROLLBACK
api:test: PASS src/vulnerabilities/application/vulnerability-enrichment-use-cases.spec.ts
infrastructure:test: Running tests/m7-structured-cybersecurity-risk-register.test.sql
api:test: PASS src/sboms/validation/schema-manifest.spec.ts
api:test: PASS src/sboms/application/sbom-quality-use-cases.spec.ts
api:test: PASS src/evidence/application/evidence-retention-use-cases.spec.ts
api:test: PASS src/vulnerabilities/application/offline-bundle-import-use-cases.spec.ts
api:test: PASS src/evidence/application/evidence-access-use-cases.spec.ts
api:test: PASS src/sboms/application/sbom-composite-use-cases.spec.ts
api:test: PASS src/organizations/infrastructure/legal-profile-audit-digest.spec.ts
infrastructure:test: BEGIN
infrastructure:test: CREATE FUNCTION
infrastructure:test:  check 
infrastructure:test: -------
infrastructure:test:  
infrastructure:test: (1 row)
infrastructure:test: 
infrastructure:test:  check 
infrastructure:test: -------
infrastructure:test:  
infrastructure:test: (1 row)
infrastructure:test: 
infrastructure:test:  check 
infrastructure:test: -------
infrastructure:test:  
infrastructure:test: (1 row)
infrastructure:test: 
infrastructure:test:  check 
infrastructure:test: -------
infrastructure:test:  
infrastructure:test: (1 row)
infrastructure:test: 
infrastructure:test:  check 
infrastructure:test: -------
infrastructure:test:  
infrastructure:test: (1 row)
infrastructure:test: 
infrastructure:test:  check 
infrastructure:test: -------
infrastructure:test:  
infrastructure:test: (1 row)
infrastructure:test: 
infrastructure:test: ROLLBACK
api:test: PASS src/connectors/application/identity-matching-policy.spec.ts
infrastructure:test: Running tests/m7-technical-file-snapshots-exports.test.sql
api:test: PASS src/vulnerabilities/matching/matching-policy.spec.ts
api:test: PASS src/vulnerabilities/application/vulnerability-feed-use-cases.spec.ts
web:test:  ✓ app/_features/products/product-classification-panel.spec.tsx (15 tests) 482ms
api:test: PASS src/technical-files/application/technical-file-use-cases.spec.ts
api:test: PASS src/suppliers/application/supplier-registry-use-cases.spec.ts
api:test: PASS src/products/application/security-update-availability-policy.spec.ts
infrastructure:test: BEGIN
api:test: PASS src/technical-files/application/technical-file-auditor-access-use-cases.spec.ts
api:test: PASS src/reporting/infrastructure/reporting-evidence-signer.spec.ts
api:test: PASS src/frameworks/application/upgrade-use-cases.spec.ts
api:test: PASS src/sboms/application/sbom-diff-use-cases.spec.ts
api:test: PASS src/frameworks/application/framework-use-cases.spec.ts
api:test: PASS src/auth/auth-request-audit-context.spec.ts
api:test: PASS src/evidence/infrastructure/clamav-scanner.adapter.spec.ts
api:test: PASS src/technical-files/application/technical-file-snapshot-use-cases.spec.ts
infrastructure:test: CREATE EXTENSION
api:test: PASS src/technical-files/application/technical-file-readiness-use-cases.spec.ts
infrastructure:test:  plan  
infrastructure:test: -------
infrastructure:test:  1..47
infrastructure:test: (1 row)
infrastructure:test: 
infrastructure:test:               ok              
infrastructure:test: ------------------------------
infrastructure:test:  ok 1 - snapshot table exists
infrastructure:test: (1 row)
infrastructure:test: 
infrastructure:test:                ok               
infrastructure:test: --------------------------------
infrastructure:test:  ok 2 - export job table exists
infrastructure:test: (1 row)
infrastructure:test: 
infrastructure:test:                       ok                      
infrastructure:test: ----------------------------------------------
infrastructure:test:  ok 3 - snapshots have enabled non-forced RLS
infrastructure:test: (1 row)
infrastructure:test: 
infrastructure:test:                        ok                       
infrastructure:test: ------------------------------------------------
infrastructure:test:  ok 4 - export jobs have enabled non-forced RLS
infrastructure:test: (1 row)
infrastructure:test: 
api:test: PASS src/products/application/substantial-modification-policy.spec.ts
infrastructure:test:                     ok                    
infrastructure:test: ------------------------------------------
infrastructure:test:  ok 5 - service role can manage snapshots
infrastructure:test: (1 row)
infrastructure:test: 
infrastructure:test:                      ok                     
infrastructure:test: --------------------------------------------
infrastructure:test:  ok 6 - service role can manage export jobs
infrastructure:test: (1 row)
infrastructure:test: 
infrastructure:test:                          ok                          
infrastructure:test: -----------------------------------------------------
infrastructure:test:  ok 7 - authenticated cannot read snapshots directly
infrastructure:test: (1 row)
infrastructure:test: 
infrastructure:test:                           ok                           
infrastructure:test: -------------------------------------------------------
infrastructure:test:  ok 8 - authenticated cannot read export jobs directly
infrastructure:test: (1 row)
infrastructure:test: 
infrastructure:test:                    ok                   
infrastructure:test: ----------------------------------------
infrastructure:test:  ok 9 - snapshot purpose is constrained
infrastructure:test: (1 row)
infrastructure:test: 
infrastructure:test:                   ok                  
infrastructure:test: --------------------------------------
infrastructure:test:  ok 10 - export status is constrained
infrastructure:test: (1 row)
infrastructure:test: 
infrastructure:test:                          ok                          
infrastructure:test: -----------------------------------------------------
infrastructure:test:  ok 11 - ready export requires all artifact metadata
infrastructure:test: (1 row)
infrastructure:test: 
infrastructure:test:                      ok                     
infrastructure:test: --------------------------------------------
infrastructure:test:  ok 12 - generating export requires a lease
infrastructure:test: (1 row)
infrastructure:test: 
infrastructure:test:                   ok                   
infrastructure:test: ---------------------------------------
infrastructure:test:  ok 13 - snapshot product index exists
infrastructure:test: (1 row)
infrastructure:test: 
infrastructure:test:                 ok                
infrastructure:test: ----------------------------------
infrastructure:test:  ok 14 - queued work index exists
infrastructure:test: (1 row)
infrastructure:test: 
infrastructure:test:                     ok                     
infrastructure:test: -------------------------------------------
infrastructure:test:  ok 15 - snapshot export bucket is private
infrastructure:test: (1 row)
infrastructure:test: 
infrastructure:test:                             is                            
infrastructure:test: ----------------------------------------------------------
infrastructure:test:  ok 16 - snapshot export bucket enforces the 25MB ceiling
infrastructure:test: (1 row)
infrastructure:test: 
infrastructure:test:                             ok                             
infrastructure:test: -----------------------------------------------------------
infrastructure:test:  ok 17 - snapshot creator is a pinned security-definer RPC
infrastructure:test: (1 row)
infrastructure:test: 
infrastructure:test:                            ok                            
infrastructure:test: ---------------------------------------------------------
infrastructure:test:  ok 18 - export creator is a pinned security-definer RPC
infrastructure:test: (1 row)
infrastructure:test: 
infrastructure:test:                             ok                             
infrastructure:test: -----------------------------------------------------------
infrastructure:test:  ok 19 - worker claim RPC is a pinned security-definer RPC
infrastructure:test: (1 row)
infrastructure:test: 
infrastructure:test:                     ok                     
infrastructure:test: -------------------------------------------
infrastructure:test:  ok 20 - service role can create snapshots
infrastructure:test: (1 row)
infrastructure:test: 
infrastructure:test:                            ok                           
infrastructure:test: --------------------------------------------------------
infrastructure:test:  ok 21 - authenticated cannot create snapshots directly
infrastructure:test: (1 row)
infrastructure:test: 
infrastructure:test:                              ok                             
infrastructure:test: ------------------------------------------------------------
infrastructure:test:  ok 22 - snapshot creator locks the technical-file revision
infrastructure:test: (1 row)
infrastructure:test: 
infrastructure:test:                        ok                        
infrastructure:test: -------------------------------------------------
infrastructure:test:  ok 23 - snapshot creation audits inside the RPC
infrastructure:test: (1 row)
infrastructure:test: 
infrastructure:test:                         ok                         
infrastructure:test: ---------------------------------------------------
infrastructure:test:  ok 24 - export creation stores an idempotency key
infrastructure:test: (1 row)
infrastructure:test: 
infrastructure:test:                                   ok                                   
infrastructure:test: -----------------------------------------------------------------------
infrastructure:test:  ok 25 - download authorization records after the signed URL is issued
infrastructure:test: (1 row)
infrastructure:test: 
api:test: PASS src/sboms/ci-providers/ci-provider-http.spec.ts
infrastructure:test:                            ok                           
infrastructure:test: --------------------------------------------------------
infrastructure:test:  ok 26 - export detail is a pinned security-definer RPC
infrastructure:test: (1 row)
infrastructure:test: 
infrastructure:test:                               ok                               
infrastructure:test: ---------------------------------------------------------------
infrastructure:test:  ok 27 - public export JSON never exposes private object paths
infrastructure:test: (1 row)
infrastructure:test: 
infrastructure:test:                             ok                             
infrastructure:test: -----------------------------------------------------------
infrastructure:test:  ok 28 - snapshot payload uses the contract schema version
infrastructure:test: (1 row)
infrastructure:test: 
infrastructure:test:                             ok                             
infrastructure:test: -----------------------------------------------------------
infrastructure:test:  ok 29 - snapshot JSON includes the bounded payload length
infrastructure:test: (1 row)
infrastructure:test: 
infrastructure:test:                     ok                     
infrastructure:test: -------------------------------------------
infrastructure:test:  ok 30 - worker failure is audited durably
infrastructure:test: (1 row)
infrastructure:test: 
infrastructure:test:                                      ok                                     
infrastructure:test: ----------------------------------------------------------------------------
infrastructure:test:  ok 31 - export failure codes match the worker and contract terminal states
infrastructure:test: (1 row)
infrastructure:test: 
infrastructure:test:                       ok                      
infrastructure:test: ----------------------------------------------
infrastructure:test:  ok 32 - snapshot immutability trigger exists
infrastructure:test: (1 row)
infrastructure:test: 
infrastructure:test:                         ok                         
infrastructure:test: ---------------------------------------------------
infrastructure:test:  ok 33 - snapshot trigger rejects payload mutation
infrastructure:test: (1 row)
infrastructure:test: 
infrastructure:test:                                ok                               
infrastructure:test: ----------------------------------------------------------------
infrastructure:test:  ok 34 - snapshot supersession requires the same technical file
infrastructure:test: (1 row)
infrastructure:test: 
infrastructure:test:                                        ok                                       
infrastructure:test: --------------------------------------------------------------------------------
infrastructure:test:  ok 35 - snapshot supersession is product-bound and one-way to a later snapshot
infrastructure:test: (1 row)
infrastructure:test: 
infrastructure:test:                                 ok                                 
infrastructure:test: -------------------------------------------------------------------
infrastructure:test:  ok 36 - snapshot readiness uses the readiness contract status key
infrastructure:test: (1 row)
infrastructure:test: 
infrastructure:test:                                       ok                                       
infrastructure:test: -------------------------------------------------------------------------------
infrastructure:test:  ok 37 - snapshot creation persists and compares an idempotency command digest
infrastructure:test: (1 row)
infrastructure:test: 
infrastructure:test:                                    ok                                    
infrastructure:test: -------------------------------------------------------------------------
infrastructure:test:  ok 38 - snapshot creation does not take global cross-tenant table locks
infrastructure:test: (1 row)
infrastructure:test: 
infrastructure:test:                        ok                       
infrastructure:test: ------------------------------------------------
infrastructure:test:  ok 39 - expired export leases can be reclaimed
infrastructure:test: (1 row)
infrastructure:test: 
infrastructure:test:                                     is                                    
infrastructure:test: --------------------------------------------------------------------------
infrastructure:test:  ok 40 - snapshot timestamps are RFC3339 without literal quote characters
infrastructure:test: (1 row)
infrastructure:test: 
infrastructure:test:                               ok                               
infrastructure:test: ---------------------------------------------------------------
infrastructure:test:  ok 41 - snapshot payload uses the RFC3339 timestamp formatter
infrastructure:test: (1 row)
infrastructure:test: 
api:test: PASS src/sboms/application/sbom-normalization-use-cases.spec.ts
infrastructure:test:                             is                            
infrastructure:test: ----------------------------------------------------------
infrastructure:test:  ok 42 - unverified tenant actor cannot create a snapshot
infrastructure:test: (1 row)
infrastructure:test: 
infrastructure:test: SELECT 1
infrastructure:test: INSERT 0 1
infrastructure:test:                                            is                                            
infrastructure:test: -----------------------------------------------------------------------------------------
infrastructure:test:  ok 43 - worker failure code accepted by the RPC reaches a durable failed terminal state
infrastructure:test: (1 row)
infrastructure:test: 
infrastructure:test:                                is                                
infrastructure:test: -----------------------------------------------------------------
infrastructure:test:  ok 44 - terminal failed export stores the contract failure code
infrastructure:test: (1 row)
infrastructure:test: 
infrastructure:test:                                    throws_ok                                    
infrastructure:test: --------------------------------------------------------------------------------
infrastructure:test:  ok 45 - new failure-code constraint rejects legacy values outside the contract
infrastructure:test: (1 row)
infrastructure:test: 
infrastructure:test: SELECT 1
api:test: PASS src/reporting/application/reporting-obligation-use-cases.spec.ts
api:test: PASS src/evidence/application/evidence-watermark-export-use-cases.spec.ts
infrastructure:test:                     is                     
infrastructure:test: -------------------------------------------
infrastructure:test:  ok 46 - first snapshot command is created
infrastructure:test: (1 row)
infrastructure:test: 
infrastructure:test:                                     is                                    
infrastructure:test: --------------------------------------------------------------------------
infrastructure:test:  ok 47 - same snapshot idempotency key with a changed command is rejected
infrastructure:test: (1 row)
infrastructure:test: 
infrastructure:test:  finish 
infrastructure:test: --------
infrastructure:test: (0 rows)
infrastructure:test: 
infrastructure:test: ROLLBACK
api:test: PASS src/supplier-evidence/application/supplier-document-extraction.use-cases.spec.ts
api:test: PASS src/evidence/application/evidence-intake-use-cases.spec.ts
infrastructure:test: Running tests/m7-version-pinned-evidence-readiness.test.sql
api:test: PASS src/technical-files/application/risk-register-use-cases.spec.ts
api:test: PASS src/findings/assessments/bulk/application/vulnerability-assessment-bulk-use-cases.spec.ts
infrastructure:test: BEGIN
infrastructure:test: CREATE EXTENSION
infrastructure:test:  plan  
infrastructure:test: -------
infrastructure:test:  1..25
infrastructure:test: (1 row)
infrastructure:test: 
infrastructure:test:                         ok                        
infrastructure:test: --------------------------------------------------
infrastructure:test:  ok 1 - append-only evidence review ledger exists
infrastructure:test: (1 row)
infrastructure:test: 
infrastructure:test:                        ok                        
infrastructure:test: -------------------------------------------------
infrastructure:test:  ok 2 - review ledger has enabled non-forced RLS
infrastructure:test: (1 row)
infrastructure:test: 
infrastructure:test:                       ok                      
infrastructure:test: ----------------------------------------------
infrastructure:test:  ok 3 - service role has review ledger access
infrastructure:test: (1 row)
infrastructure:test: 
infrastructure:test:                            ok                            
infrastructure:test: ---------------------------------------------------------
infrastructure:test:  ok 4 - authenticated has no direct review ledger access
infrastructure:test: (1 row)
infrastructure:test: 
infrastructure:test:                           ok                          
infrastructure:test: ------------------------------------------------------
infrastructure:test:  ok 5 - general description requires product evidence
infrastructure:test: (1 row)
infrastructure:test: 
infrastructure:test:                            ok                           
infrastructure:test: --------------------------------------------------------
infrastructure:test:  ok 6 - support section accepts only its support record
infrastructure:test: (1 row)
infrastructure:test: 
infrastructure:test:                                ok                               
infrastructure:test: ----------------------------------------------------------------
infrastructure:test:  ok 7 - vulnerability handling accepts triage and risk evidence
infrastructure:test: (1 row)
infrastructure:test: 
infrastructure:test:                             ok                            
infrastructure:test: ----------------------------------------------------------
infrastructure:test:  ok 8 - SBOM section accepts only immutable SBOM evidence
infrastructure:test: (1 row)
infrastructure:test: 
infrastructure:test:                             ok                            
infrastructure:test: ----------------------------------------------------------
infrastructure:test:  ok 9 - risk-register source kind constraint is validated
infrastructure:test: (1 row)
infrastructure:test: 
infrastructure:test:                              ok                             
infrastructure:test: ------------------------------------------------------------
infrastructure:test:  ok 10 - source links persist fingerprints and review state
infrastructure:test: (1 row)
infrastructure:test: 
infrastructure:test:                  ok                  
infrastructure:test: -------------------------------------
infrastructure:test:  ok 11 - reverse lookup index exists
infrastructure:test: (1 row)
infrastructure:test: 
infrastructure:test:                 ok                 
infrastructure:test: -----------------------------------
infrastructure:test:  ok 12 - stale lookup index exists
infrastructure:test: (1 row)
infrastructure:test: 
infrastructure:test:                         ok                        
infrastructure:test: --------------------------------------------------
infrastructure:test:  ok 13 - readiness RPC is pinned security definer
infrastructure:test: (1 row)
infrastructure:test: 
infrastructure:test:                    ok                    
infrastructure:test: -----------------------------------------
infrastructure:test:  ok 14 - service role can read readiness
infrastructure:test: (1 row)
infrastructure:test: 
infrastructure:test:                        ok                        
infrastructure:test: -------------------------------------------------
infrastructure:test:  ok 15 - authenticated cannot call readiness RPC
infrastructure:test: (1 row)
infrastructure:test: 
infrastructure:test:                          ok                          
infrastructure:test: -----------------------------------------------------
infrastructure:test:  ok 16 - stale review RPC is pinned security definer
infrastructure:test: (1 row)
infrastructure:test: 
infrastructure:test:                            ok                           
infrastructure:test: --------------------------------------------------------
infrastructure:test:  ok 17 - M8 reverse projection is service-role callable
infrastructure:test: (1 row)
infrastructure:test: 
infrastructure:test:                                         ok                                        
infrastructure:test: ----------------------------------------------------------------------------------
infrastructure:test:  ok 18 - reverse projection exposes pinned link metadata without product metadata
infrastructure:test: (1 row)
infrastructure:test: 
infrastructure:test:                                ok                                
infrastructure:test: -----------------------------------------------------------------
infrastructure:test:  ok 19 - material-change implementation persists a replay digest
infrastructure:test: (1 row)
infrastructure:test: 
infrastructure:test:                                  ok                                  
infrastructure:test: ---------------------------------------------------------------------
infrastructure:test:  ok 20 - review implementation persists a replayable review identity
infrastructure:test: (1 row)
infrastructure:test: 
infrastructure:test:                                         ok                                         
infrastructure:test: -----------------------------------------------------------------------------------
infrastructure:test:  ok 21 - manual-reference reviews do not dereference an unassigned source snapshot
infrastructure:test: (1 row)
infrastructure:test: 
infrastructure:test:                              ok                              
infrastructure:test: -------------------------------------------------------------
infrastructure:test:  ok 22 - material-change replay is serialized by command key
infrastructure:test: (1 row)
infrastructure:test: 
infrastructure:test:                          ok                         
infrastructure:test: ----------------------------------------------------
infrastructure:test:  ok 23 - review replay is serialized by command key
infrastructure:test: (1 row)
infrastructure:test: 
infrastructure:test:                             is                            
infrastructure:test: ----------------------------------------------------------
infrastructure:test:  ok 24 - unverified tenant actor cannot inspect readiness
infrastructure:test: (1 row)
infrastructure:test: 
infrastructure:test:                               is                              
infrastructure:test: --------------------------------------------------------------
infrastructure:test:  ok 25 - unverified tenant actor cannot inspect reverse links
infrastructure:test: (1 row)
infrastructure:test: 
infrastructure:test:  finish 
infrastructure:test: --------
infrastructure:test: (0 rows)
infrastructure:test: 
infrastructure:test: ROLLBACK
api:test: 
api:test: Test Suites: 387 passed, 387 total
api:test: Tests:       4135 passed, 4135 total
api:test: Snapshots:   0 total
api:test: Time:        31.969 s, estimated 38 s
api:test: Ran all test suites.
infrastructure:test: Running tests/m7-versioned-declarations-of-conformity.test.sql
web:test:  ✓ app/_features/frameworks/frameworks-workspace.spec.tsx (18 tests) 384ms
infrastructure:test: BEGIN
infrastructure:test: CREATE EXTENSION
infrastructure:test:  plan  
infrastructure:test: -------
infrastructure:test:  1..28
infrastructure:test: (1 row)
infrastructure:test: 
infrastructure:test:                     ok                    
infrastructure:test: ------------------------------------------
infrastructure:test:  ok 1 - declaration template table exists
infrastructure:test: (1 row)
infrastructure:test: 
infrastructure:test:                ok                
infrastructure:test: ---------------------------------
infrastructure:test:  ok 2 - declaration table exists
infrastructure:test: (1 row)
infrastructure:test: 
infrastructure:test:                        ok                        
infrastructure:test: -------------------------------------------------
infrastructure:test:  ok 3 - declarations have enabled non-forced RLS
infrastructure:test: (1 row)
infrastructure:test: 
infrastructure:test:                      ok                      
infrastructure:test: ---------------------------------------------
infrastructure:test:  ok 4 - service role can manage declarations
infrastructure:test: (1 row)
infrastructure:test: 
infrastructure:test:                             ok                            
infrastructure:test: ----------------------------------------------------------
infrastructure:test:  ok 5 - authenticated cannot access declarations directly
infrastructure:test: (1 row)
infrastructure:test: 
infrastructure:test:                   ok                  
infrastructure:test: --------------------------------------
infrastructure:test:  ok 6 - declaration bucket is private
infrastructure:test: (1 row)
infrastructure:test: 
infrastructure:test:                 ok                 
infrastructure:test: -----------------------------------
infrastructure:test:  ok 7 - Annex V template is pinned
infrastructure:test: (1 row)
infrastructure:test: 
infrastructure:test:                                 ok                                
infrastructure:test: ------------------------------------------------------------------
infrastructure:test:  ok 8 - only one current issued declaration can exist per product
infrastructure:test: (1 row)
infrastructure:test: 
infrastructure:test:                              ok                             
infrastructure:test: ------------------------------------------------------------
infrastructure:test:  ok 9 - notified-body route requires certificate references
infrastructure:test: (1 row)
infrastructure:test: 
infrastructure:test:                        ok                       
infrastructure:test: ------------------------------------------------
infrastructure:test:  ok 10 - issue RPC is a pinned security-definer
infrastructure:test: (1 row)
infrastructure:test: 
infrastructure:test:                         ok                        
infrastructure:test: --------------------------------------------------
infrastructure:test:  ok 11 - reissue RPC is a pinned security-definer
infrastructure:test: (1 row)
infrastructure:test: 
infrastructure:test:                      ok                      
infrastructure:test: ---------------------------------------------
infrastructure:test:  ok 12 - authenticated cannot issue directly
infrastructure:test: (1 row)
infrastructure:test: 
infrastructure:test:                        ok                       
infrastructure:test: ------------------------------------------------
infrastructure:test:  ok 13 - service role can issue through the RPC
infrastructure:test: (1 row)
infrastructure:test: 
infrastructure:test:                       ok                       
infrastructure:test: -----------------------------------------------
infrastructure:test:  ok 14 - issue checks the dedicated permission
infrastructure:test: (1 row)
infrastructure:test: 
infrastructure:test:                          ok                          
infrastructure:test: -----------------------------------------------------
infrastructure:test:  ok 15 - preview rechecks current evidence readiness
infrastructure:test: (1 row)
infrastructure:test: 
infrastructure:test:                            ok                            
infrastructure:test: ---------------------------------------------------------
infrastructure:test:  ok 16 - issue preparation writes durable audit evidence
infrastructure:test: (1 row)
infrastructure:test: 
infrastructure:test:                              ok                              
infrastructure:test: -------------------------------------------------------------
infrastructure:test:  ok 17 - issuance finalization writes durable audit evidence
infrastructure:test: (1 row)
infrastructure:test: 
infrastructure:test:                                   ok                                   
infrastructure:test: -----------------------------------------------------------------------
infrastructure:test:  ok 18 - public declaration JSON never exposes the private object path
infrastructure:test: (1 row)
infrastructure:test: 
infrastructure:test:                            ok                           
infrastructure:test: --------------------------------------------------------
infrastructure:test:  ok 19 - issued declaration immutability trigger exists
infrastructure:test: (1 row)
infrastructure:test: 
infrastructure:test:                                   ok                                  
infrastructure:test: ----------------------------------------------------------------------
infrastructure:test:  ok 20 - timestamp trigger runs before declaration immutability guard
infrastructure:test: (1 row)
infrastructure:test: 
infrastructure:test:                         ok                         
infrastructure:test: ---------------------------------------------------
infrastructure:test:  ok 21 - trigger protects issued payload and bytes
infrastructure:test: (1 row)
infrastructure:test: 
infrastructure:test:                                 ok                                
infrastructure:test: ------------------------------------------------------------------
infrastructure:test:  ok 22 - issued declaration fixture exists for immutability probe
infrastructure:test: (1 row)
infrastructure:test: 
infrastructure:test:                             throws_ok                            
infrastructure:test: -----------------------------------------------------------------
infrastructure:test:  ok 23 - issued no-op update cannot change timestamp after guard
infrastructure:test: (1 row)
infrastructure:test: 
infrastructure:test:                           is                          
infrastructure:test: ------------------------------------------------------
infrastructure:test:  ok 24 - cross-tenant unverified preview is forbidden
infrastructure:test: (1 row)
infrastructure:test: 
infrastructure:test:                       is                      
infrastructure:test: ----------------------------------------------
infrastructure:test:  ok 25 - unverified tenant actor cannot issue
infrastructure:test: (1 row)
infrastructure:test: 
infrastructure:test:                          throws_ok                          
infrastructure:test: ------------------------------------------------------------
infrastructure:test:  ok 26 - cross-tenant invalid references cannot be inserted
infrastructure:test: (1 row)
infrastructure:test: 
infrastructure:test:                                   ok                                   
infrastructure:test: -----------------------------------------------------------------------
infrastructure:test:  ok 27 - issue locks its declaration before checking preview freshness
infrastructure:test: (1 row)
infrastructure:test: 
infrastructure:test:                        ok                        
infrastructure:test: -------------------------------------------------
infrastructure:test:  ok 28 - reissue serializes competing successors
infrastructure:test: (1 row)
infrastructure:test: 
infrastructure:test:  finish 
infrastructure:test: --------
infrastructure:test: (0 rows)
infrastructure:test: 
infrastructure:test: ROLLBACK
infrastructure:test: Running tests/m8-evidence-bulk-intake-classification-contract.test.sql
infrastructure:test: BEGIN
infrastructure:test: CREATE EXTENSION
infrastructure:test:  plan 
infrastructure:test: ------
infrastructure:test:  1..5
infrastructure:test: (1 row)
infrastructure:test: 
infrastructure:test:                   ok                   
infrastructure:test: ---------------------------------------
infrastructure:test:  ok 1 - bulk batch creation RPC exists
infrastructure:test: (1 row)
infrastructure:test: 
infrastructure:test:                          ok                          
infrastructure:test: -----------------------------------------------------
infrastructure:test:  ok 2 - bulk classification is derived by the server
infrastructure:test: (1 row)
infrastructure:test: 
infrastructure:test:                                      ok                                      
infrastructure:test: -----------------------------------------------------------------------------
infrastructure:test:  ok 3 - contract-shaped items need not carry a client classification payload
infrastructure:test: (1 row)
infrastructure:test: 
infrastructure:test:                                        ok                                       
infrastructure:test: --------------------------------------------------------------------------------
infrastructure:test:  ok 4 - bulk completion accepts only a bounded inspected failure-code allowlist
infrastructure:test: (1 row)
infrastructure:test: 
infrastructure:test:                                    ok                                   
infrastructure:test: ------------------------------------------------------------------------
infrastructure:test:  ok 5 - a failed bulk completion durably records a safe item error code
infrastructure:test: (1 row)
infrastructure:test: 
infrastructure:test:  finish 
infrastructure:test: --------
infrastructure:test: (0 rows)
infrastructure:test: 
infrastructure:test: ROLLBACK
infrastructure:test: Running tests/m8-evidence-intake.test.sql
infrastructure:test: BEGIN
web:test:  ✓ app/(workspace)/products/sbom-composite-supplier-review-section.spec.tsx (4 tests) 242ms
infrastructure:test: CREATE EXTENSION
infrastructure:test:  plan  
infrastructure:test: -------
infrastructure:test:  1..27
infrastructure:test: (1 row)
infrastructure:test: 
infrastructure:test:                       ok                       
infrastructure:test: -----------------------------------------------
infrastructure:test:  ok 1 - logical evidence document table exists
infrastructure:test: (1 row)
infrastructure:test: 
infrastructure:test:                        ok                       
infrastructure:test: ------------------------------------------------
infrastructure:test:  ok 2 - immutable evidence version table exists
infrastructure:test: (1 row)
infrastructure:test: 
infrastructure:test:                   ok                  
infrastructure:test: --------------------------------------
infrastructure:test:  ok 3 - durable scan job table exists
infrastructure:test: (1 row)
infrastructure:test: 
infrastructure:test:                     ok                     
infrastructure:test: -------------------------------------------
infrastructure:test:  ok 4 - durable notification outbox exists
infrastructure:test: (1 row)
infrastructure:test: 
infrastructure:test:                 ok                 
infrastructure:test: -----------------------------------
infrastructure:test:  ok 5 - evidence bucket is private
infrastructure:test: (1 row)
infrastructure:test: 
infrastructure:test:                    is                   
infrastructure:test: ----------------------------------------
infrastructure:test:  ok 6 - evidence bucket limit is 50 MiB
infrastructure:test: (1 row)
infrastructure:test: 
infrastructure:test:                              is                              
infrastructure:test: -------------------------------------------------------------
infrastructure:test:  ok 7 - taxonomy maps explicitly to evidence retention class
infrastructure:test: (1 row)
infrastructure:test: 
infrastructure:test:                         is                        
infrastructure:test: --------------------------------------------------
infrastructure:test:  ok 8 - unknown taxonomy has no retention mapping
infrastructure:test: (1 row)
infrastructure:test: 
infrastructure:test:                      ok                      
infrastructure:test: ---------------------------------------------
infrastructure:test:  ok 9 - versions have enabled non-forced RLS
infrastructure:test: (1 row)
infrastructure:test: 
infrastructure:test:                         ok                        
infrastructure:test: --------------------------------------------------
infrastructure:test:  ok 10 - service role has evidence version access
infrastructure:test: (1 row)
infrastructure:test: 
infrastructure:test:                              ok                              
infrastructure:test: -------------------------------------------------------------
infrastructure:test:  ok 11 - authenticated has no direct evidence version access
infrastructure:test: (1 row)
infrastructure:test: 
infrastructure:test:                             ok                            
infrastructure:test: ----------------------------------------------------------
infrastructure:test:  ok 12 - reservation RPC has pinned security-definer path
infrastructure:test: (1 row)
infrastructure:test: 
infrastructure:test:                      ok                     
infrastructure:test: --------------------------------------------
infrastructure:test:  ok 13 - service role can finalize evidence
infrastructure:test: (1 row)
infrastructure:test: 
infrastructure:test:                        ok                       
infrastructure:test: ------------------------------------------------
infrastructure:test:  ok 14 - authenticated cannot finalize evidence
infrastructure:test: (1 row)
infrastructure:test: 
infrastructure:test:                              ok                             
infrastructure:test: ------------------------------------------------------------
infrastructure:test:  ok 15 - finalization queues scan pending rather than clean
infrastructure:test: (1 row)
infrastructure:test: 
infrastructure:test:                      ok                     
infrastructure:test: --------------------------------------------
infrastructure:test:  ok 16 - scan recording supports quarantine
infrastructure:test: (1 row)
infrastructure:test: 
infrastructure:test:                         is                        
infrastructure:test: --------------------------------------------------
infrastructure:test:  ok 17 - unverified actor cannot request download
infrastructure:test: (1 row)
infrastructure:test: 
infrastructure:test:                          ok                          
infrastructure:test: -----------------------------------------------------
infrastructure:test:  ok 18 - M7 source kind constraint remains validated
infrastructure:test: (1 row)
infrastructure:test: 
infrastructure:test:                        ok                        
infrastructure:test: -------------------------------------------------
infrastructure:test:  ok 19 - M7 snapshot resolves evidence documents
infrastructure:test: (1 row)
infrastructure:test: 
infrastructure:test:                         ok                        
infrastructure:test: --------------------------------------------------
infrastructure:test:  ok 20 - M7 snapshot reports quarantined evidence
infrastructure:test: (1 row)
infrastructure:test: 
infrastructure:test:                       ok                       
infrastructure:test: -----------------------------------------------
infrastructure:test:  ok 21 - expired evidence cannot be downloaded
infrastructure:test: (1 row)
infrastructure:test: 
infrastructure:test:                               ok                              
infrastructure:test: --------------------------------------------------------------
infrastructure:test:  ok 22 - test report section permits clean evidence documents
infrastructure:test: (1 row)
infrastructure:test: 
infrastructure:test:                   ok                   
infrastructure:test: ---------------------------------------
infrastructure:test:  ok 23 - notification claim RPC exists
infrastructure:test: (1 row)
infrastructure:test: 
infrastructure:test:                                ok                                
infrastructure:test: -----------------------------------------------------------------
infrastructure:test:  ok 24 - notification claim RPC has pinned security-definer path
infrastructure:test: (1 row)
infrastructure:test: 
infrastructure:test:                           ok                          
infrastructure:test: ------------------------------------------------------
infrastructure:test:  ok 25 - notification completion is service-role only
infrastructure:test: (1 row)
infrastructure:test: 
infrastructure:test:                             ok                             
infrastructure:test: -----------------------------------------------------------
infrastructure:test:  ok 26 - finalization rejects null measured content claims
infrastructure:test: (1 row)
infrastructure:test: 
infrastructure:test:                                ok                                
infrastructure:test: -----------------------------------------------------------------
infrastructure:test:  ok 27 - list RPC returns shared list envelope and linkage count
infrastructure:test: (1 row)
infrastructure:test: 
infrastructure:test:  finish 
infrastructure:test: --------
infrastructure:test: (0 rows)
infrastructure:test: 
infrastructure:test: ROLLBACK
infrastructure:test: Running tests/m8-evidence-ocr-search.test.sql
infrastructure:test: BEGIN
infrastructure:test: CREATE EXTENSION
infrastructure:test:  plan  
infrastructure:test: -------
infrastructure:test:  1..31
infrastructure:test: (1 row)
infrastructure:test: 
infrastructure:test:                                 ok                                
infrastructure:test: ------------------------------------------------------------------
infrastructure:test:  ok 1 - derived text is isolated from immutable evidence versions
infrastructure:test: (1 row)
infrastructure:test: 
infrastructure:test:                   ok                  
infrastructure:test: --------------------------------------
infrastructure:test:  ok 2 - durable extraction jobs exist
infrastructure:test: (1 row)
infrastructure:test: 
infrastructure:test:                        ok                       
infrastructure:test: ------------------------------------------------
infrastructure:test:  ok 3 - derived text has enabled non-forced RLS
infrastructure:test: (1 row)
infrastructure:test: 
infrastructure:test:                          ok                         
infrastructure:test: ----------------------------------------------------
infrastructure:test:  ok 4 - extraction jobs have enabled non-forced RLS
infrastructure:test: (1 row)
infrastructure:test: 
infrastructure:test:                            ok                            
infrastructure:test: ---------------------------------------------------------
infrastructure:test:  ok 5 - only service role can access extracted text rows
infrastructure:test: (1 row)
infrastructure:test: 
infrastructure:test:                          ok                          
infrastructure:test: -----------------------------------------------------
infrastructure:test:  ok 6 - only service role can access extraction jobs
infrastructure:test: (1 row)
infrastructure:test: 
infrastructure:test:                           ok                           
infrastructure:test: -------------------------------------------------------
infrastructure:test:  ok 7 - derived text remains version and tenant linked
infrastructure:test: (1 row)
infrastructure:test: 
infrastructure:test:                                ok                                
infrastructure:test: -----------------------------------------------------------------
infrastructure:test:  ok 8 - completed derived text has a partial GIN full-text index
infrastructure:test: (1 row)
infrastructure:test: 
infrastructure:test:                                 ok                                 
infrastructure:test: -------------------------------------------------------------------
infrastructure:test:  ok 9 - M8-03 introduces no vector, trigram, or unaccent extension
infrastructure:test: (1 row)
infrastructure:test: 
infrastructure:test:                           ok                           
infrastructure:test: -------------------------------------------------------
infrastructure:test:  ok 10 - full-text vector is a database-derived column
infrastructure:test: (1 row)
infrastructure:test: 
infrastructure:test:                                 ok                                 
infrastructure:test: -------------------------------------------------------------------
infrastructure:test:  ok 11 - search vector derives from text rather than browser input
infrastructure:test: (1 row)
infrastructure:test: 
infrastructure:test:                  ok                  
infrastructure:test: -------------------------------------
infrastructure:test:  ok 12 - extraction claim RPC exists
infrastructure:test: (1 row)
infrastructure:test: 
infrastructure:test:                     ok                    
infrastructure:test: ------------------------------------------
infrastructure:test:  ok 13 - extraction completion RPC exists
infrastructure:test: (1 row)
infrastructure:test: 
infrastructure:test:                      ok                     
infrastructure:test: --------------------------------------------
infrastructure:test:  ok 14 - manual extraction retry RPC exists
infrastructure:test: (1 row)
infrastructure:test: 
infrastructure:test:                         ok                        
infrastructure:test: --------------------------------------------------
infrastructure:test:  ok 15 - version-scoped extracted-text RPC exists
infrastructure:test: (1 row)
infrastructure:test: 
infrastructure:test:                                ok                                
infrastructure:test: -----------------------------------------------------------------
infrastructure:test:  ok 16 - product-scoped search RPC supports bounded keyset input
infrastructure:test: (1 row)
infrastructure:test: 
infrastructure:test:                            ok                            
infrastructure:test: ---------------------------------------------------------
infrastructure:test:  ok 17 - claim RPC pins its security-definer search path
infrastructure:test: (1 row)
infrastructure:test: 
infrastructure:test:                               ok                              
infrastructure:test: --------------------------------------------------------------
infrastructure:test:  ok 18 - completion RPC pins its security-definer search path
infrastructure:test: (1 row)
infrastructure:test: 
infrastructure:test:                             ok                            
infrastructure:test: ----------------------------------------------------------
infrastructure:test:  ok 19 - search RPC pins its security-definer search path
infrastructure:test: (1 row)
infrastructure:test: 
infrastructure:test:                                 ok                                 
infrastructure:test: -------------------------------------------------------------------
infrastructure:test:  ok 20 - search is service-role mediated, never browser-executable
infrastructure:test: (1 row)
infrastructure:test: 
infrastructure:test:                       ok                       
infrastructure:test: -----------------------------------------------
infrastructure:test:  ok 21 - manual retry is service-role mediated
infrastructure:test: (1 row)
infrastructure:test: 
infrastructure:test:                                           ok                                          
infrastructure:test: --------------------------------------------------------------------------------------
infrastructure:test:  ok 22 - existing additive custom-role and override helper knows evidence permissions
infrastructure:test: (1 row)
infrastructure:test: 
infrastructure:test:                                    ok                                   
infrastructure:test: ------------------------------------------------------------------------
infrastructure:test:  ok 23 - search defaults to current versions unless history is explicit
infrastructure:test: (1 row)
infrastructure:test: 
infrastructure:test:                                  ok                                  
infrastructure:test: ---------------------------------------------------------------------
infrastructure:test:  ok 24 - search excludes unclean and expired evidence before ranking
infrastructure:test: (1 row)
infrastructure:test: 
infrastructure:test:                                             ok                                            
infrastructure:test: ------------------------------------------------------------------------------------------
infrastructure:test:  ok 25 - search constrains version applicability to the requested product before matching
infrastructure:test: (1 row)
infrastructure:test: 
infrastructure:test:                                 ok                                 
infrastructure:test: -------------------------------------------------------------------
infrastructure:test:  ok 26 - search rechecks caller permission inside the database RPC
infrastructure:test: (1 row)
infrastructure:test: 
infrastructure:test:                                     ok                                    
infrastructure:test: --------------------------------------------------------------------------
infrastructure:test:  ok 27 - search returns plain snippet text rather than FTS-generated HTML
infrastructure:test: (1 row)
infrastructure:test: 
infrastructure:test:                                   ok                                   
infrastructure:test: -----------------------------------------------------------------------
infrastructure:test:  ok 28 - claim recovers exhausted leases and prevents duplicate claims
infrastructure:test: (1 row)
infrastructure:test: 
infrastructure:test:                                         ok                                        
infrastructure:test: ----------------------------------------------------------------------------------
infrastructure:test:  ok 29 - stale jobs cannot overwrite a different source hash or extractor version
infrastructure:test: (1 row)
infrastructure:test: 
infrastructure:test:                                 ok                                 
infrastructure:test: -------------------------------------------------------------------
infrastructure:test:  ok 30 - clean scan completion transactionally enqueues extraction
infrastructure:test: (1 row)
infrastructure:test: 
infrastructure:test:                               is                               
infrastructure:test: ---------------------------------------------------------------
infrastructure:test:  ok 31 - invalid short query is rejected before data selection
infrastructure:test: (1 row)
infrastructure:test: 
infrastructure:test:  finish 
infrastructure:test: --------
infrastructure:test: (0 rows)
infrastructure:test: 
infrastructure:test: ROLLBACK
infrastructure:test: Running tests/m8-evidence-retention-deletion-holds.test.sql
infrastructure:test: BEGIN
infrastructure:test: CREATE EXTENSION
infrastructure:test:  plan  
infrastructure:test: -------
infrastructure:test:  1..30
infrastructure:test: (1 row)
infrastructure:test: 
infrastructure:test:                                           ok                                          
infrastructure:test: --------------------------------------------------------------------------------------
infrastructure:test:  ok 1 - each immutable evidence version has a durable retention protection projection
infrastructure:test: (1 row)
infrastructure:test: 
infrastructure:test:                            ok                           
infrastructure:test: --------------------------------------------------------
infrastructure:test:  ok 2 - legal holds are durable document-scoped records
infrastructure:test: (1 row)
infrastructure:test: 
infrastructure:test:                                  ok                                 
infrastructure:test: --------------------------------------------------------------------
infrastructure:test:  ok 3 - reviewed deletion is durable rather than an automatic purge
infrastructure:test: (1 row)
infrastructure:test: 
infrastructure:test:                                ok                                
infrastructure:test: -----------------------------------------------------------------
infrastructure:test:  ok 4 - physical cleanup is tracked independently for safe retry
infrastructure:test: (1 row)
infrastructure:test: 
infrastructure:test:                                         ok                                        
infrastructure:test: ----------------------------------------------------------------------------------
infrastructure:test:  ok 5 - evidence documents keep a lifecycle state without deleting audit metadata
infrastructure:test: (1 row)
infrastructure:test: 
infrastructure:test:                       ok                       
infrastructure:test: -----------------------------------------------
infrastructure:test:  ok 6 - legal holds use enabled non-forced RLS
infrastructure:test: (1 row)
infrastructure:test: 
infrastructure:test:                     ok                     
infrastructure:test: -------------------------------------------
infrastructure:test:  ok 7 - holds remain service-role mediated
infrastructure:test: (1 row)
infrastructure:test: 
infrastructure:test:                            ok                            
infrastructure:test: ---------------------------------------------------------
infrastructure:test:  ok 8 - deletion requests have an idempotency constraint
infrastructure:test: (1 row)
infrastructure:test: 
infrastructure:test:                               ok                               
infrastructure:test: ---------------------------------------------------------------
infrastructure:test:  ok 9 - a released hold retains actor, time and release reason
infrastructure:test: (1 row)
infrastructure:test: 
infrastructure:test:                            ok                           
infrastructure:test: --------------------------------------------------------
infrastructure:test:  ok 10 - active legal holds have a focused lookup index
infrastructure:test: (1 row)
infrastructure:test: 
infrastructure:test:                        ok                        
infrastructure:test: -------------------------------------------------
infrastructure:test:  ok 11 - retention projection refresh RPC exists
infrastructure:test: (1 row)
infrastructure:test: 
infrastructure:test:                  ok                  
infrastructure:test: -------------------------------------
infrastructure:test:  ok 12 - retention review RPC exists
infrastructure:test: (1 row)
infrastructure:test: 
infrastructure:test:                   ok                   
infrastructure:test: ---------------------------------------
infrastructure:test:  ok 13 - legal-hold history RPC exists
infrastructure:test: (1 row)
infrastructure:test: 
infrastructure:test:                    ok                    
infrastructure:test: -----------------------------------------
infrastructure:test:  ok 14 - legal hold placement RPC exists
infrastructure:test: (1 row)
infrastructure:test: 
infrastructure:test:                   ok                   
infrastructure:test: ---------------------------------------
infrastructure:test:  ok 15 - legal hold release RPC exists
infrastructure:test: (1 row)
infrastructure:test: 
infrastructure:test:                         ok                         
infrastructure:test: ---------------------------------------------------
infrastructure:test:  ok 16 - explicit deletion confirmation RPC exists
infrastructure:test: (1 row)
infrastructure:test: 
infrastructure:test:                 ok                
infrastructure:test: ----------------------------------
infrastructure:test:  ok 17 - cleanup claim RPC exists
infrastructure:test: (1 row)
infrastructure:test: 
infrastructure:test:                   ok                   
infrastructure:test: ---------------------------------------
infrastructure:test:  ok 18 - cleanup completion RPC exists
infrastructure:test: (1 row)
infrastructure:test: 
infrastructure:test:                                  ok                                  
infrastructure:test: ---------------------------------------------------------------------
infrastructure:test:  ok 19 - destructive confirmation has a pinned security-definer path
infrastructure:test: (1 row)
infrastructure:test: 
infrastructure:test:                             ok                             
infrastructure:test: -----------------------------------------------------------
infrastructure:test:  ok 20 - destructive confirmation is service-role mediated
infrastructure:test: (1 row)
infrastructure:test: 
infrastructure:test:                                                ok                                               
infrastructure:test: ------------------------------------------------------------------------------------------------
infrastructure:test:  ok 21 - the projection consumes persisted M2 protection and status rather than date arithmetic
infrastructure:test: (1 row)
infrastructure:test: 
infrastructure:test:                                  ok                                  
infrastructure:test: ---------------------------------------------------------------------
infrastructure:test:  ok 22 - archived linked products remain part of evidence protection
infrastructure:test: (1 row)
infrastructure:test: 
infrastructure:test:                                  ok                                  
infrastructure:test: ---------------------------------------------------------------------
infrastructure:test:  ok 23 - protection refresh preserves the strongest known protection
infrastructure:test: (1 row)
infrastructure:test: 
infrastructure:test:                                             ok                                            
infrastructure:test: ------------------------------------------------------------------------------------------
infrastructure:test:  ok 24 - confirmation locks the evidence document against concurrent replacement or holds
infrastructure:test: (1 row)
infrastructure:test: 
infrastructure:test:                                 ok                                
infrastructure:test: ------------------------------------------------------------------
infrastructure:test:  ok 25 - confirmation checks active holds in the same transaction
infrastructure:test: (1 row)
infrastructure:test: 
infrastructure:test:                                          ok                                         
infrastructure:test: ------------------------------------------------------------------------------------
infrastructure:test:  ok 26 - confirmation blocks document references retained by technical-file sources
infrastructure:test: (1 row)
infrastructure:test: 
infrastructure:test:                                      ok                                     
infrastructure:test: ----------------------------------------------------------------------------
infrastructure:test:  ok 27 - access revocation and deletion intent are durably audited together
infrastructure:test: (1 row)
infrastructure:test: 
infrastructure:test:                                       ok                                      
infrastructure:test: ------------------------------------------------------------------------------
infrastructure:test:  ok 28 - cleanup rechecks protection before exposing an object deletion claim
infrastructure:test: (1 row)
infrastructure:test: 
infrastructure:test:                                      ok                                     
infrastructure:test: ----------------------------------------------------------------------------
infrastructure:test:  ok 29 - cleanup completion accepts the worker’s idempotent deleted outcome
infrastructure:test: (1 row)
infrastructure:test: 
web:test:  ✓ app/_features/vulnerabilities/vulnerability-matching-results.spec.tsx (11 tests) 230ms
infrastructure:test:                                         ok                                        
infrastructure:test: ----------------------------------------------------------------------------------
infrastructure:test:  ok 30 - the live review RPC exposes every required conservative-protection field
infrastructure:test: (1 row)
infrastructure:test: 
infrastructure:test:  finish 
infrastructure:test: --------
infrastructure:test: (0 rows)
infrastructure:test: 
infrastructure:test: ROLLBACK
infrastructure:test: Running tests/m8-evidence-validity-reuse-alerts.test.sql
infrastructure:test: BEGIN
infrastructure:test: CREATE EXTENSION
infrastructure:test:  plan  
infrastructure:test: -------
infrastructure:test:  1..37
infrastructure:test: (1 row)
infrastructure:test: 
infrastructure:test:                                            ok                                            
infrastructure:test: -----------------------------------------------------------------------------------------
infrastructure:test:  ok 1 - organization settings stores expiry intervals without a duplicate settings table
infrastructure:test: (1 row)
infrastructure:test: 
infrastructure:test:                               ok                               
infrastructure:test: ---------------------------------------------------------------
infrastructure:test:  ok 2 - expiry settings have an optimistic concurrency version
infrastructure:test: (1 row)
infrastructure:test: 
infrastructure:test:                                 is                                
infrastructure:test: ------------------------------------------------------------------
infrastructure:test:  ok 3 - new organization defaults use 30/14/7/1 expiry thresholds
infrastructure:test: (1 row)
infrastructure:test: 
infrastructure:test:                                     ok                                    
infrastructure:test: --------------------------------------------------------------------------
infrastructure:test:  ok 4 - threshold validation rejects duplicate and out-of-range intervals
infrastructure:test: (1 row)
infrastructure:test: 
infrastructure:test:                              is                             
infrastructure:test: ------------------------------------------------------------
infrastructure:test:  ok 5 - missing validity is never inferred as valid forever
infrastructure:test: (1 row)
infrastructure:test: 
infrastructure:test:                                  is                                 
infrastructure:test: --------------------------------------------------------------------
infrastructure:test:  ok 6 - open-ended validity is explicit and has no expiry threshold
infrastructure:test: (1 row)
infrastructure:test: 
infrastructure:test:                            is                           
infrastructure:test: --------------------------------------------------------
infrastructure:test:  ok 7 - validity expiry remains distinct from retention
infrastructure:test: (1 row)
infrastructure:test: 
infrastructure:test:                  is                 
infrastructure:test: ------------------------------------
infrastructure:test:  ok 8 - future validity is explicit
infrastructure:test: (1 row)
infrastructure:test: 
infrastructure:test:                               is                              
infrastructure:test: --------------------------------------------------------------
infrastructure:test:  ok 9 - largest configured threshold determines expiring soon
infrastructure:test: (1 row)
infrastructure:test: 
infrastructure:test:                                is                               
infrastructure:test: ----------------------------------------------------------------
infrastructure:test:  ok 10 - evidence outside configured thresholds remains current
infrastructure:test: (1 row)
infrastructure:test: 
infrastructure:test:                                ok                                
infrastructure:test: -----------------------------------------------------------------
infrastructure:test:  ok 11 - validity notifications dedupe per version and threshold
infrastructure:test: (1 row)
infrastructure:test: 
infrastructure:test:                                      ok                                     
infrastructure:test: ----------------------------------------------------------------------------
infrastructure:test:  ok 12 - outbox records validity events and terminal unavailable recipients
infrastructure:test: (1 row)
infrastructure:test: 
infrastructure:test:                             ok                            
infrastructure:test: ----------------------------------------------------------
infrastructure:test:  ok 13 - notification outbox keeps enabled non-forced RLS
infrastructure:test: (1 row)
infrastructure:test: 
infrastructure:test:                     ok                    
infrastructure:test: ------------------------------------------
infrastructure:test:  ok 14 - outbox remains service-role-only
infrastructure:test: (1 row)
infrastructure:test: 
infrastructure:test:                    ok                    
infrastructure:test: -----------------------------------------
infrastructure:test:  ok 15 - expiry interval read RPC exists
infrastructure:test: (1 row)
infrastructure:test: 
infrastructure:test:                                ok                                
infrastructure:test: -----------------------------------------------------------------
infrastructure:test:  ok 16 - idempotent optimistic expiry interval update RPC exists
infrastructure:test: (1 row)
infrastructure:test: 
infrastructure:test:                          ok                         
infrastructure:test: ----------------------------------------------------
infrastructure:test:  ok 17 - durable validity reconciliation RPC exists
infrastructure:test: (1 row)
infrastructure:test: 
infrastructure:test:                       ok                       
infrastructure:test: -----------------------------------------------
infrastructure:test:  ok 18 - lease claim and completion RPCs exist
infrastructure:test: (1 row)
infrastructure:test: 
infrastructure:test:                      ok                      
infrastructure:test: ---------------------------------------------
infrastructure:test:  ok 19 - bounded tenant traversal RPC exists
infrastructure:test: (1 row)
infrastructure:test: 
infrastructure:test:                          ok                         
infrastructure:test: ----------------------------------------------------
infrastructure:test:  ok 20 - version-pinned reuse projection RPC exists
infrastructure:test: (1 row)
infrastructure:test: 
infrastructure:test:                            ok                            
infrastructure:test: ---------------------------------------------------------
infrastructure:test:  ok 21 - validity-filtered evidence list overload exists
infrastructure:test: (1 row)
infrastructure:test: 
infrastructure:test:                                  ok                                  
infrastructure:test: ---------------------------------------------------------------------
infrastructure:test:  ok 22 - settings mutation has a pinned security-definer search path
infrastructure:test: (1 row)
infrastructure:test: 
infrastructure:test:                                   ok                                  
infrastructure:test: ----------------------------------------------------------------------
infrastructure:test:  ok 23 - notification claim has a pinned security-definer search path
infrastructure:test: (1 row)
infrastructure:test: 
infrastructure:test:                         ok                         
infrastructure:test: ---------------------------------------------------
infrastructure:test:  ok 24 - reuse projection is service-role mediated
infrastructure:test: (1 row)
infrastructure:test: 
infrastructure:test:                       ok                       
infrastructure:test: -----------------------------------------------
infrastructure:test:  ok 25 - tenant traversal is service-role only
infrastructure:test: (1 row)
infrastructure:test: 
infrastructure:test:                                             ok                                            
infrastructure:test: ------------------------------------------------------------------------------------------
infrastructure:test:  ok 26 - reuse projection requires evidence access and gates technical targets separately
infrastructure:test: (1 row)
infrastructure:test: 
infrastructure:test:                                            ok                                            
infrastructure:test: -----------------------------------------------------------------------------------------
infrastructure:test:  ok 27 - reuse resolves an immutable linked version rather than retargeting the document
infrastructure:test: (1 row)
infrastructure:test: 
infrastructure:test:                                             ok                                            
infrastructure:test: ------------------------------------------------------------------------------------------
infrastructure:test:  ok 28 - reuse excludes inactive technical-file targets just as its count projection does
infrastructure:test: (1 row)
infrastructure:test: 
infrastructure:test:                                       ok                                       
infrastructure:test: -------------------------------------------------------------------------------
infrastructure:test:  ok 29 - framework mapping contract is honestly empty while M10 is unavailable
infrastructure:test: (1 row)
infrastructure:test: 
infrastructure:test:                                      ok                                      
infrastructure:test: -----------------------------------------------------------------------------
infrastructure:test:  ok 30 - list applies validity filtering and returns matching linkage counts
infrastructure:test: (1 row)
infrastructure:test: 
infrastructure:test:                                                        ok                                                       
infrastructure:test: ----------------------------------------------------------------------------------------------------------------
infrastructure:test:  ok 31 - next cursor is the final selected row only when another page exists, so keyset pages do not skip a row
infrastructure:test: (1 row)
infrastructure:test: 
infrastructure:test:                                       ok                                       
infrastructure:test: -------------------------------------------------------------------------------
infrastructure:test:  ok 32 - reconciliation excludes evidence applicable only to archived products
infrastructure:test: (1 row)
infrastructure:test: 
infrastructure:test:                                  ok                                  
infrastructure:test: ---------------------------------------------------------------------
infrastructure:test:  ok 33 - settings update persists and serializes idempotent commands
infrastructure:test: (1 row)
infrastructure:test: 
infrastructure:test:                                        ok                                        
infrastructure:test: ---------------------------------------------------------------------------------
infrastructure:test:  ok 34 - claimed expiry dates are UTC timestamps accepted by the worker boundary
infrastructure:test: (1 row)
infrastructure:test: 
infrastructure:test:                              is                             
infrastructure:test: ------------------------------------------------------------
infrastructure:test:  ok 35 - cross-tenant/unverified interval reads fail closed
infrastructure:test: (1 row)
infrastructure:test: 
infrastructure:test:                            is                            
infrastructure:test: ---------------------------------------------------------
infrastructure:test:  ok 36 - cross-tenant/unverified reuse reads fail closed
infrastructure:test: (1 row)
infrastructure:test: 
infrastructure:test:                                    is                                   
infrastructure:test: ------------------------------------------------------------------------
infrastructure:test:  ok 37 - empty foreign tenant queue does not disclose notification data
infrastructure:test: (1 row)
infrastructure:test: 
infrastructure:test:  finish 
infrastructure:test: --------
infrastructure:test: (0 rows)
infrastructure:test: 
infrastructure:test: ROLLBACK
infrastructure:test: Running tests/m8-evidence-versions-delivery.test.sql
infrastructure:test: BEGIN
infrastructure:test: CREATE EXTENSION
infrastructure:test:  plan  
infrastructure:test: -------
infrastructure:test:  1..27
infrastructure:test: (1 row)
infrastructure:test: 
infrastructure:test:                                     ok                                    
infrastructure:test: --------------------------------------------------------------------------
infrastructure:test:  ok 1 - access grants are durable records rather than storage signed URLs
infrastructure:test: (1 row)
infrastructure:test: 
infrastructure:test:                         ok                        
infrastructure:test: --------------------------------------------------
infrastructure:test:  ok 2 - access grants have enabled non-forced RLS
infrastructure:test: (1 row)
infrastructure:test: 
infrastructure:test:                              ok                              
infrastructure:test: -------------------------------------------------------------
infrastructure:test:  ok 3 - only service role receives access-grant table access
infrastructure:test: (1 row)
infrastructure:test: 
infrastructure:test:                              ok                              
infrastructure:test: -------------------------------------------------------------
infrastructure:test:  ok 4 - authenticated users cannot read bearer grant records
infrastructure:test: (1 row)
infrastructure:test: 
infrastructure:test:                            ok                           
infrastructure:test: --------------------------------------------------------
infrastructure:test:  ok 5 - grant document and version must belong together
infrastructure:test: (1 row)
infrastructure:test: 
infrastructure:test:                    ok                   
infrastructure:test: ----------------------------------------
infrastructure:test:  ok 6 - evidence bucket remains private
infrastructure:test: (1 row)
infrastructure:test: 
infrastructure:test:                                 ok                                 
infrastructure:test: -------------------------------------------------------------------
infrastructure:test:  ok 7 - safe preview images are allowed while SVG remains rejected
infrastructure:test: (1 row)
infrastructure:test: 
infrastructure:test:                         ok                         
infrastructure:test: ---------------------------------------------------
infrastructure:test:  ok 8 - finalization accepts verified WebP content
infrastructure:test: (1 row)
infrastructure:test: 
infrastructure:test:                     ok                     
infrastructure:test: -------------------------------------------
infrastructure:test:  ok 9 - replacement reservation RPC exists
infrastructure:test: (1 row)
infrastructure:test: 
infrastructure:test:                  ok                 
infrastructure:test: ------------------------------------
infrastructure:test:  ok 10 - version history RPC exists
infrastructure:test: (1 row)
infrastructure:test: 
infrastructure:test:                    ok                    
infrastructure:test: -----------------------------------------
infrastructure:test:  ok 11 - access authorization RPC exists
infrastructure:test: (1 row)
infrastructure:test: 
infrastructure:test:                   ok                  
infrastructure:test: --------------------------------------
infrastructure:test:  ok 12 - access redemption RPC exists
infrastructure:test: (1 row)
infrastructure:test: 
infrastructure:test:                   ok                  
infrastructure:test: --------------------------------------
infrastructure:test:  ok 13 - integrity failure RPC exists
infrastructure:test: (1 row)
infrastructure:test: 
infrastructure:test:                              ok                              
infrastructure:test: -------------------------------------------------------------
infrastructure:test:  ok 14 - replacement RPC uses a pinned security-definer path
infrastructure:test: (1 row)
infrastructure:test: 
infrastructure:test:                              ok                             
infrastructure:test: ------------------------------------------------------------
infrastructure:test:  ok 15 - redemption RPC uses a pinned security-definer path
infrastructure:test: (1 row)
infrastructure:test: 
infrastructure:test:                        ok                       
infrastructure:test: ------------------------------------------------
infrastructure:test:  ok 16 - authorization RPC is service-role only
infrastructure:test: (1 row)
infrastructure:test: 
infrastructure:test:                      ok                     
infrastructure:test: --------------------------------------------
infrastructure:test:  ok 17 - integrity RPC is service-role only
infrastructure:test: (1 row)
infrastructure:test: 
infrastructure:test:                                        ok                                        
infrastructure:test: ---------------------------------------------------------------------------------
infrastructure:test:  ok 18 - replacement locks the document and detects stale current-version writes
infrastructure:test: (1 row)
infrastructure:test: 
infrastructure:test:                                   ok                                   
infrastructure:test: -----------------------------------------------------------------------
infrastructure:test:  ok 19 - replacement assigns deterministic append-only version numbers
infrastructure:test: (1 row)
infrastructure:test: 
infrastructure:test:                              ok                              
infrastructure:test: -------------------------------------------------------------
infrastructure:test:  ok 20 - authorization verifies version-pinned product scope
infrastructure:test: (1 row)
infrastructure:test: 
infrastructure:test:                                    ok                                   
infrastructure:test: ------------------------------------------------------------------------
infrastructure:test:  ok 21 - redemption records byte delivery separately from authorization
infrastructure:test: (1 row)
infrastructure:test: 
infrastructure:test:                           ok                          
infrastructure:test: ------------------------------------------------------
infrastructure:test:  ok 22 - redemption rejects out-of-bounds byte ranges
infrastructure:test: (1 row)
infrastructure:test: 
infrastructure:test:                                 ok                                 
infrastructure:test: -------------------------------------------------------------------
infrastructure:test:  ok 23 - integrity failures enqueue responsible-owner notification
infrastructure:test: (1 row)
infrastructure:test: 
infrastructure:test:                                      ok                                     
infrastructure:test: ----------------------------------------------------------------------------
infrastructure:test:  ok 24 - integrity failure terminally records the correlated delivery grant
infrastructure:test: (1 row)
infrastructure:test: 
infrastructure:test:                                    ok                                    
infrastructure:test: -------------------------------------------------------------------------
infrastructure:test:  ok 25 - notification claim identifies integrity versus quarantine alert
infrastructure:test: (1 row)
infrastructure:test: 
infrastructure:test:                                    ok                                   
infrastructure:test: ------------------------------------------------------------------------
infrastructure:test:  ok 26 - authorization and issuance are durably audited in the same RPC
infrastructure:test: (1 row)
infrastructure:test: 
infrastructure:test:                              ok                             
infrastructure:test: ------------------------------------------------------------
infrastructure:test:  ok 27 - version history is newest-first and product-scoped
infrastructure:test: (1 row)
infrastructure:test: 
infrastructure:test:  finish 
infrastructure:test: --------
infrastructure:test: (0 rows)
infrastructure:test: 
infrastructure:test: ROLLBACK
infrastructure:test: Running tests/m9-02-supplier-evidence-portal.test.sql
infrastructure:test: BEGIN
web:test:  ✓ app/_features/notifications/notification-admin-panel.spec.tsx (11 tests) 206ms
infrastructure:test: CREATE EXTENSION
infrastructure:test:  plan  
infrastructure:test: -------
infrastructure:test:  1..27
infrastructure:test: (1 row)
infrastructure:test: 
infrastructure:test:              ok              
infrastructure:test: -----------------------------
infrastructure:test:  ok 1 - request table exists
infrastructure:test: (1 row)
infrastructure:test: 
infrastructure:test:                    ok                   
infrastructure:test: ----------------------------------------
infrastructure:test:  ok 2 - immutable revision table exists
infrastructure:test: (1 row)
infrastructure:test: 
infrastructure:test:                 ok                 
infrastructure:test: -----------------------------------
infrastructure:test:  ok 3 - revision item table exists
infrastructure:test: (1 row)
infrastructure:test: 
infrastructure:test:                     ok                    
infrastructure:test: ------------------------------------------
infrastructure:test:  ok 4 - hash-only invitation table exists
infrastructure:test: (1 row)
infrastructure:test: 
infrastructure:test:                     ok                    
infrastructure:test: ------------------------------------------
infrastructure:test:  ok 5 - external attribution table exists
infrastructure:test: (1 row)
infrastructure:test: 
infrastructure:test:                      ok                      
infrastructure:test: ---------------------------------------------
infrastructure:test:  ok 6 - requests have enabled non-forced RLS
infrastructure:test: (1 row)
infrastructure:test: 
infrastructure:test:                        ok                       
infrastructure:test: ------------------------------------------------
infrastructure:test:  ok 7 - invitations have enabled non-forced RLS
infrastructure:test: (1 row)
infrastructure:test: 
infrastructure:test:                       ok                       
infrastructure:test: -----------------------------------------------
infrastructure:test:  ok 8 - anonymous has no direct request access
infrastructure:test: (1 row)
infrastructure:test: 
infrastructure:test:                           ok                          
infrastructure:test: ------------------------------------------------------
infrastructure:test:  ok 9 - authenticated has no direct submission access
infrastructure:test: (1 row)
infrastructure:test: 
infrastructure:test:                       ok                       
infrastructure:test: -----------------------------------------------
infrastructure:test:  ok 10 - service role owns request persistence
infrastructure:test: (1 row)
infrastructure:test: 
infrastructure:test:                       ok                       
infrastructure:test: -----------------------------------------------
infrastructure:test:  ok 11 - invitation persists a token hash only
infrastructure:test: (1 row)
infrastructure:test: 
infrastructure:test:                             ok                            
infrastructure:test: ----------------------------------------------------------
infrastructure:test:  ok 12 - no raw invitation or session token column exists
infrastructure:test: (1 row)
infrastructure:test: 
infrastructure:test:                            ok                           
infrastructure:test: --------------------------------------------------------
infrastructure:test:  ok 13 - preview RPC has a pinned security-definer path
infrastructure:test: (1 row)
infrastructure:test: 
infrastructure:test:                          ok                          
infrastructure:test: -----------------------------------------------------
infrastructure:test:  ok 14 - service role can redeem a scoped invitation
infrastructure:test: (1 row)
infrastructure:test: 
infrastructure:test:                                 ok                                
infrastructure:test: ------------------------------------------------------------------
infrastructure:test:  ok 15 - authenticated cannot redeem a portal invitation directly
infrastructure:test: (1 row)
infrastructure:test: 
infrastructure:test:                      is                      
infrastructure:test: ---------------------------------------------
infrastructure:test:  ok 16 - unknown invitation is not disclosed
infrastructure:test: (1 row)
infrastructure:test: 
infrastructure:test:                        is                        
infrastructure:test: -------------------------------------------------
infrastructure:test:  ok 17 - guessed portal session is not disclosed
infrastructure:test: (1 row)
infrastructure:test: 
infrastructure:test:                                    is                                    
infrastructure:test: -------------------------------------------------------------------------
infrastructure:test:  ok 18 - sibling request item cannot be reserved without a valid session
infrastructure:test: (1 row)
infrastructure:test: 
infrastructure:test:                      is                      
infrastructure:test: ---------------------------------------------
infrastructure:test:  ok 19 - unscoped internal preview is denied
infrastructure:test: (1 row)
infrastructure:test: 
infrastructure:test:                                    ok                                   
infrastructure:test: ------------------------------------------------------------------------
infrastructure:test:  ok 20 - issue derives its preview fingerprint from the canonical draft
infrastructure:test: (1 row)
infrastructure:test: 
infrastructure:test:                          ok                          
infrastructure:test: -----------------------------------------------------
infrastructure:test:  ok 21 - issue command retains an idempotency digest
infrastructure:test: (1 row)
infrastructure:test: 
infrastructure:test:                          ok                         
infrastructure:test: ----------------------------------------------------
infrastructure:test:  ok 22 - clean scans remain pending internal review
infrastructure:test: (1 row)
infrastructure:test: 
infrastructure:test:                              ok                              
infrastructure:test: -------------------------------------------------------------
infrastructure:test:  ok 23 - quarantined scans become supplier-visible rejection
infrastructure:test: (1 row)
infrastructure:test: 
infrastructure:test:                                        ok                                       
infrastructure:test: --------------------------------------------------------------------------------
infrastructure:test:  ok 24 - reissue revokes prior active sessions before creating a new invitation
infrastructure:test: (1 row)
infrastructure:test: 
infrastructure:test:                                             ok                                             
infrastructure:test: -------------------------------------------------------------------------------------------
infrastructure:test:  ok 25 - completion has its own M8 idempotency scope rather than requiring the reserve key
infrastructure:test: (1 row)
infrastructure:test: 
infrastructure:test:                                               ok                                              
infrastructure:test: ----------------------------------------------------------------------------------------------
infrastructure:test:  ok 26 - an already queued scoped upload can safely replay finalization after a lost response
infrastructure:test: (1 row)
infrastructure:test: 
infrastructure:test:                                        ok                                       
infrastructure:test: --------------------------------------------------------------------------------
infrastructure:test:  ok 27 - a scoped queued submission can be inspected only to retry finalization
infrastructure:test: (1 row)
infrastructure:test: 
infrastructure:test:  finish 
infrastructure:test: --------
infrastructure:test: (0 rows)
infrastructure:test: 
infrastructure:test: ROLLBACK
infrastructure:test: Running tests/m9-03-supplier-evidence-review.test.sql
infrastructure:test: BEGIN
infrastructure:test: CREATE EXTENSION
infrastructure:test:  plan  
infrastructure:test: -------
infrastructure:test:  1..42
infrastructure:test: (1 row)
infrastructure:test: 
infrastructure:test:                        ok                        
infrastructure:test: -------------------------------------------------
infrastructure:test:  ok 1 - immutable supplier-review history exists
infrastructure:test: (1 row)
infrastructure:test: 
infrastructure:test:                         ok                        
infrastructure:test: --------------------------------------------------
infrastructure:test:  ok 2 - review history has enabled non-forced RLS
infrastructure:test: (1 row)
infrastructure:test: 
infrastructure:test:                          ok                          
infrastructure:test: -----------------------------------------------------
infrastructure:test:  ok 3 - anonymous callers cannot read review history
infrastructure:test: (1 row)
infrastructure:test: 
infrastructure:test:                                 ok                                
infrastructure:test: ------------------------------------------------------------------
infrastructure:test:  ok 4 - authenticated callers cannot read review history directly
infrastructure:test: (1 row)
infrastructure:test: 
infrastructure:test:                      ok                      
infrastructure:test: ---------------------------------------------
infrastructure:test:  ok 5 - service role persists review history
infrastructure:test: (1 row)
infrastructure:test: 
infrastructure:test:                           ok                           
infrastructure:test: -------------------------------------------------------
infrastructure:test:  ok 6 - request has an explicit aggregate review state
infrastructure:test: (1 row)
infrastructure:test: 
infrastructure:test:                        ok                       
infrastructure:test: ------------------------------------------------
infrastructure:test:  ok 7 - invitation has a durable delivery state
infrastructure:test: (1 row)
infrastructure:test: 
infrastructure:test:                             ok                             
infrastructure:test: -----------------------------------------------------------
infrastructure:test:  ok 8 - follow-up item keeps immutable source-item lineage
infrastructure:test: (1 row)
infrastructure:test: 
infrastructure:test:                            ok                           
infrastructure:test: --------------------------------------------------------
infrastructure:test:  ok 9 - a submission may have only one immutable review
infrastructure:test: (1 row)
infrastructure:test: 
infrastructure:test:                                  ok                                  
infrastructure:test: ---------------------------------------------------------------------
infrastructure:test:  ok 10 - review retries are attributed to a reviewer idempotency key
infrastructure:test: (1 row)
infrastructure:test: 
infrastructure:test:             ok             
infrastructure:test: ---------------------------
infrastructure:test:  ok 11 - review RPC exists
infrastructure:test: (1 row)
infrastructure:test: 
infrastructure:test:               ok               
infrastructure:test: -------------------------------
infrastructure:test:  ok 12 - re-request RPC exists
infrastructure:test: (1 row)
infrastructure:test: 
infrastructure:test:              ok              
infrastructure:test: -----------------------------
infrastructure:test:  ok 13 - delivery RPC exists
infrastructure:test: (1 row)
infrastructure:test: 
infrastructure:test:                 ok                
infrastructure:test: ----------------------------------
infrastructure:test:  ok 14 - review-detail RPC exists
infrastructure:test: (1 row)
infrastructure:test: 
infrastructure:test:                ok                
infrastructure:test: ---------------------------------
infrastructure:test:  ok 15 - review queue RPC exists
infrastructure:test: (1 row)
infrastructure:test: 
infrastructure:test:                       ok                       
infrastructure:test: -----------------------------------------------
infrastructure:test:  ok 16 - filtered safe request-list RPC exists
infrastructure:test: (1 row)
infrastructure:test: 
infrastructure:test:                           ok                           
infrastructure:test: -------------------------------------------------------
infrastructure:test:  ok 17 - review RPC has a pinned security-definer path
infrastructure:test: (1 row)
infrastructure:test: 
infrastructure:test:                             ok                             
infrastructure:test: -----------------------------------------------------------
infrastructure:test:  ok 18 - re-request RPC has a pinned security-definer path
infrastructure:test: (1 row)
infrastructure:test: 
infrastructure:test:                            ok                            
infrastructure:test: ---------------------------------------------------------
infrastructure:test:  ok 19 - delivery RPC has a pinned security-definer path
infrastructure:test: (1 row)
infrastructure:test: 
infrastructure:test:                          ok                         
infrastructure:test: ----------------------------------------------------
infrastructure:test:  ok 20 - service role can review submitted evidence
infrastructure:test: (1 row)
infrastructure:test: 
infrastructure:test:                                  ok                                  
infrastructure:test: ---------------------------------------------------------------------
infrastructure:test:  ok 21 - authenticated callers cannot invoke the review RPC directly
infrastructure:test: (1 row)
infrastructure:test: 
infrastructure:test:                          ok                          
infrastructure:test: -----------------------------------------------------
infrastructure:test:  ok 22 - service role can create a scoped re-request
infrastructure:test: (1 row)
infrastructure:test: 
infrastructure:test:                                 ok                                 
infrastructure:test: -------------------------------------------------------------------
infrastructure:test:  ok 23 - authenticated callers cannot invoke a re-request directly
infrastructure:test: (1 row)
infrastructure:test: 
infrastructure:test:                              ok                             
infrastructure:test: ------------------------------------------------------------
infrastructure:test:  ok 24 - service role can use filtered safe request listing
infrastructure:test: (1 row)
infrastructure:test: 
infrastructure:test:                             ok                            
infrastructure:test: ----------------------------------------------------------
infrastructure:test:  ok 25 - review rejects versions that are no longer clean
infrastructure:test: (1 row)
infrastructure:test: 
infrastructure:test:                                            ok                                            
infrastructure:test: -----------------------------------------------------------------------------------------
infrastructure:test:  ok 26 - review uses the rendered submission revision as an optimistic-concurrency check
infrastructure:test: (1 row)
infrastructure:test: 
infrastructure:test:                                                ok                                               
infrastructure:test: ------------------------------------------------------------------------------------------------
infrastructure:test:  ok 27 - rendered submission revision retains microseconds for the optimistic-concurrency check
infrastructure:test: (1 row)
infrastructure:test: 
infrastructure:test:                                       ok                                      
infrastructure:test: ------------------------------------------------------------------------------
infrastructure:test:  ok 28 - review rechecks active reviewer authority after locking the decision
infrastructure:test: (1 row)
infrastructure:test: 
infrastructure:test:                                ok                               
infrastructure:test: ----------------------------------------------------------------
infrastructure:test:  ok 29 - rejection reason validation is inside the atomic write
infrastructure:test: (1 row)
infrastructure:test: 
infrastructure:test:                                 ok                                
infrastructure:test: ------------------------------------------------------------------
infrastructure:test:  ok 30 - per-item state keeps acceptance distinct from scan state
infrastructure:test: (1 row)
infrastructure:test: 
infrastructure:test:                                         ok                                        
infrastructure:test: ----------------------------------------------------------------------------------
infrastructure:test:  ok 31 - re-request persists item lineage instead of overwriting the old revision
infrastructure:test: (1 row)
infrastructure:test: 
infrastructure:test:                                    ok                                    
infrastructure:test: -------------------------------------------------------------------------
infrastructure:test:  ok 32 - re-request rejects pending or accepted source items server-side
infrastructure:test: (1 row)
infrastructure:test: 
infrastructure:test:                                         ok                                        
infrastructure:test: ----------------------------------------------------------------------------------
infrastructure:test:  ok 33 - re-request revokes prior scoped invitations before issuing a replacement
infrastructure:test: (1 row)
infrastructure:test: 
infrastructure:test:                          ok                         
infrastructure:test: ----------------------------------------------------
infrastructure:test:  ok 34 - delivery state is not silently overwritten
infrastructure:test: (1 row)
infrastructure:test: 
infrastructure:test:                                          ok                                         
infrastructure:test: ------------------------------------------------------------------------------------
infrastructure:test:  ok 35 - invitation JSON exposes supplier-request delivery failure state internally
infrastructure:test: (1 row)
infrastructure:test: 
infrastructure:test:                              ok                              
infrastructure:test: -------------------------------------------------------------
infrastructure:test:  ok 36 - request summary JSON exposes aggregate review state
infrastructure:test: (1 row)
infrastructure:test: 
infrastructure:test:                                ok                                
infrastructure:test: -----------------------------------------------------------------
infrastructure:test:  ok 37 - review detail JSON exposes review checklist projections
infrastructure:test: (1 row)
infrastructure:test: 
infrastructure:test:                             ok                            
infrastructure:test: ----------------------------------------------------------
infrastructure:test:  ok 38 - submission JSON exposes immutable review history
infrastructure:test: (1 row)
infrastructure:test: 
infrastructure:test:                                         ok                                         
infrastructure:test: -----------------------------------------------------------------------------------
infrastructure:test:  ok 39 - ordinary request detail does not expose reviewer-only notes or provenance
infrastructure:test: (1 row)
infrastructure:test: 
infrastructure:test:                                                 ok                                                 
infrastructure:test: ---------------------------------------------------------------------------------------------------
infrastructure:test:  ok 40 - portal checklist projection always supplies the nullable re-request reason contract field
infrastructure:test: (1 row)
infrastructure:test: 
infrastructure:test:                              ok                             
infrastructure:test: ------------------------------------------------------------
infrastructure:test:  ok 41 - follow-up SQL limits match the shared Zod contract
infrastructure:test: (1 row)
infrastructure:test: 
infrastructure:test:                                    ok                                    
infrastructure:test: -------------------------------------------------------------------------
infrastructure:test:  ok 42 - re-request replay digest excludes regenerated invitation expiry
infrastructure:test: (1 row)
infrastructure:test: 
infrastructure:test:  finish 
infrastructure:test: --------
infrastructure:test: (0 rows)
infrastructure:test: 
infrastructure:test: ROLLBACK
infrastructure:test: Running tests/m9-04-supplier-evidence-reminders-metrics.test.sql
web:test:  ✓ app/_features/connectors/connectors.queries.spec.tsx (9 tests) 184ms
infrastructure:test: BEGIN
infrastructure:test: CREATE EXTENSION
infrastructure:test:  plan  
infrastructure:test: -------
infrastructure:test:  1..29
infrastructure:test: (1 row)
infrastructure:test: 
infrastructure:test:                        has_table                       
infrastructure:test: -------------------------------------------------------
infrastructure:test:  ok 1 - M9-04 uses a dedicated durable reminder ledger
infrastructure:test: (1 row)
infrastructure:test: 
infrastructure:test:                       has_column                      
infrastructure:test: ------------------------------------------------------
infrastructure:test:  ok 2 - organization settings retain reminder cadence
infrastructure:test: (1 row)
infrastructure:test: 
infrastructure:test:                  has_column                 
infrastructure:test: --------------------------------------------
infrastructure:test:  ok 3 - settings use optimistic concurrency
infrastructure:test: (1 row)
infrastructure:test: 
infrastructure:test:                   col_is_pk                   
infrastructure:test: ----------------------------------------------
infrastructure:test:  ok 4 - delivery has an immutable primary key
infrastructure:test: (1 row)
infrastructure:test: 
infrastructure:test:                                    ok                                    
infrastructure:test: -------------------------------------------------------------------------
infrastructure:test:  ok 5 - logical reminder dedupe includes the immutable due-date snapshot
infrastructure:test: (1 row)
infrastructure:test: 
infrastructure:test:                    ok                   
infrastructure:test: ----------------------------------------
infrastructure:test:  ok 6 - reminder ledger has RLS enabled
infrastructure:test: (1 row)
infrastructure:test: 
infrastructure:test:                              ok                             
infrastructure:test: ------------------------------------------------------------
infrastructure:test:  ok 7 - authenticated users cannot directly read the ledger
infrastructure:test: (1 row)
infrastructure:test: 
infrastructure:test:                ok                
infrastructure:test: ---------------------------------
infrastructure:test:  ok 8 - default cadence is valid
infrastructure:test: (1 row)
infrastructure:test: 
infrastructure:test:                       ok                       
infrastructure:test: -----------------------------------------------
infrastructure:test:  ok 9 - duplicate cadence offsets are rejected
infrastructure:test: (1 row)
infrastructure:test: 
infrastructure:test:                            ok                            
infrastructure:test: ---------------------------------------------------------
infrastructure:test:  ok 10 - a cadence requires an overdue escalation offset
infrastructure:test: (1 row)
infrastructure:test: 
infrastructure:test:                ok                
infrastructure:test: ---------------------------------
infrastructure:test:  ok 11 - zero offset is rejected
infrastructure:test: (1 row)
infrastructure:test: 
infrastructure:test:                 ok                
infrastructure:test: ----------------------------------
infrastructure:test:  ok 12 - settings read RPC exists
infrastructure:test: (1 row)
infrastructure:test: 
infrastructure:test:                  ok                 
infrastructure:test: ------------------------------------
infrastructure:test:  ok 13 - settings update RPC exists
infrastructure:test: (1 row)
infrastructure:test: 
infrastructure:test:                     ok                     
infrastructure:test: -------------------------------------------
infrastructure:test:  ok 14 - durable reconciliation RPC exists
infrastructure:test: (1 row)
infrastructure:test: 
infrastructure:test:                         ok                         
infrastructure:test: ---------------------------------------------------
infrastructure:test:  ok 15 - bounded organization traversal RPC exists
infrastructure:test: (1 row)
infrastructure:test: 
infrastructure:test:                ok                
infrastructure:test: ---------------------------------
infrastructure:test:  ok 16 - worker claim RPC exists
infrastructure:test: (1 row)
infrastructure:test: 
infrastructure:test:                       ok                       
infrastructure:test: -----------------------------------------------
infrastructure:test:  ok 17 - prepare RPC accepts only a token hash
infrastructure:test: (1 row)
infrastructure:test: 
infrastructure:test:                        ok                        
infrastructure:test: -------------------------------------------------
infrastructure:test:  ok 18 - completion RPC records provider outcome
infrastructure:test: (1 row)
infrastructure:test: 
infrastructure:test:                                        ok                                       
infrastructure:test: --------------------------------------------------------------------------------
infrastructure:test:  ok 19 - manual retry RPC verifies the nested request id and optimistic version
infrastructure:test: (1 row)
infrastructure:test: 
infrastructure:test:                     ok                    
infrastructure:test: ------------------------------------------
infrastructure:test:  ok 20 - tenant-scoped metrics RPC exists
infrastructure:test: (1 row)
infrastructure:test: 
infrastructure:test:                   ok                   
infrastructure:test: ---------------------------------------
infrastructure:test:  ok 21 - overdue drill-down RPC exists
infrastructure:test: (1 row)
infrastructure:test: 
infrastructure:test:                             ok                             
infrastructure:test: -----------------------------------------------------------
infrastructure:test:  ok 22 - claim RPC has pinned security-definer search path
infrastructure:test: (1 row)
infrastructure:test: 
infrastructure:test:                    ok                    
infrastructure:test: -----------------------------------------
infrastructure:test:  ok 23 - worker RPC is service-role-only
infrastructure:test: (1 row)
infrastructure:test: 
infrastructure:test:                         ok                        
infrastructure:test: --------------------------------------------------
infrastructure:test:  ok 24 - reconciliation obsoletes prior revisions
infrastructure:test: (1 row)
infrastructure:test: 
infrastructure:test:                             ok                            
infrastructure:test: ----------------------------------------------------------
infrastructure:test:  ok 25 - catch-up does not flood missed pre-due reminders
infrastructure:test: (1 row)
infrastructure:test: 
infrastructure:test:                                        ok                                        
infrastructure:test: ---------------------------------------------------------------------------------
infrastructure:test:  ok 26 - supplier reminder preparation validates token hashes before persistence
infrastructure:test: (1 row)
infrastructure:test: 
infrastructure:test:                                  ok                                  
infrastructure:test: ---------------------------------------------------------------------
infrastructure:test:  ok 27 - overdue escalation uses deterministic active-owner fallback
infrastructure:test: (1 row)
infrastructure:test: 
infrastructure:test:                                    ok                                   
infrastructure:test: ------------------------------------------------------------------------
infrastructure:test:  ok 28 - claim enforces the delivered supplier reminder frequency bound
infrastructure:test: (1 row)
infrastructure:test: 
infrastructure:test:                                     ok                                     
infrastructure:test: ---------------------------------------------------------------------------
infrastructure:test:  ok 29 - turnaround excludes evidence finalized before invitation delivery
infrastructure:test: (1 row)
infrastructure:test: 
infrastructure:test:  finish 
infrastructure:test: --------
infrastructure:test: (0 rows)
infrastructure:test: 
infrastructure:test: ROLLBACK
infrastructure:test: Running tests/m9-05-supplier-document-extraction.test.sql
infrastructure:test: BEGIN
infrastructure:test: CREATE EXTENSION
infrastructure:test:  plan  
infrastructure:test: -------
infrastructure:test:  1..34
infrastructure:test: (1 row)
infrastructure:test: 
infrastructure:test:                 ok                 
infrastructure:test: -----------------------------------
infrastructure:test:  ok 1 - inference runs are durable
infrastructure:test: (1 row)
infrastructure:test: 
infrastructure:test:                   ok                  
infrastructure:test: --------------------------------------
infrastructure:test:  ok 2 - field suggestions are durable
infrastructure:test: (1 row)
infrastructure:test: 
infrastructure:test:                ok               
infrastructure:test: --------------------------------
infrastructure:test:  ok 3 - runs use non-forced RLS
infrastructure:test: (1 row)
infrastructure:test: 
infrastructure:test:                 ok                
infrastructure:test: ----------------------------------
infrastructure:test:  ok 4 - fields use non-forced RLS
infrastructure:test: (1 row)
infrastructure:test: 
infrastructure:test:                   ok                  
infrastructure:test: --------------------------------------
infrastructure:test:  ok 5 - runs are not directly exposed
infrastructure:test: (1 row)
infrastructure:test: 
infrastructure:test:                    ok                   
infrastructure:test: ----------------------------------------
infrastructure:test:  ok 6 - fields are not directly exposed
infrastructure:test: (1 row)
infrastructure:test: 
infrastructure:test:                  ok                 
infrastructure:test: ------------------------------------
infrastructure:test:  ok 7 - service role owns run state
infrastructure:test: (1 row)
infrastructure:test: 
infrastructure:test:                   ok                  
infrastructure:test: --------------------------------------
infrastructure:test:  ok 8 - service role owns suggestions
infrastructure:test: (1 row)
infrastructure:test: 
infrastructure:test:                ok                
infrastructure:test: ---------------------------------
infrastructure:test:  ok 9 - OCR page map is additive
infrastructure:test: (1 row)
infrastructure:test: 
infrastructure:test:             ok            
infrastructure:test: --------------------------
infrastructure:test:  ok 10 - start RPC exists
infrastructure:test: (1 row)
infrastructure:test: 
infrastructure:test:                ok                
infrastructure:test: ---------------------------------
infrastructure:test:  ok 11 - worker claim RPC exists
infrastructure:test: (1 row)
infrastructure:test: 
infrastructure:test:                     ok                     
infrastructure:test: -------------------------------------------
infrastructure:test:  ok 12 - lease-bound completion RPC exists
infrastructure:test: (1 row)
infrastructure:test: 
infrastructure:test:                      ok                     
infrastructure:test: --------------------------------------------
infrastructure:test:  ok 13 - lease-bound worker read RPC exists
infrastructure:test: (1 row)
infrastructure:test: 
infrastructure:test:                   ok                   
infrastructure:test: ---------------------------------------
infrastructure:test:  ok 14 - on-demand page-map RPC exists
infrastructure:test: (1 row)
infrastructure:test: 
infrastructure:test:                      ok                      
infrastructure:test: ---------------------------------------------
infrastructure:test:  ok 15 - new OCR completion accepts page map
infrastructure:test: (1 row)
infrastructure:test: 
infrastructure:test:                    ok                   
infrastructure:test: ----------------------------------------
infrastructure:test:  ok 16 - bounded scoped read RPC exists
infrastructure:test: (1 row)
infrastructure:test: 
infrastructure:test:                      ok                      
infrastructure:test: ---------------------------------------------
infrastructure:test:  ok 17 - unbounded read overload was removed
infrastructure:test: (1 row)
infrastructure:test: 
infrastructure:test:                     ok                    
infrastructure:test: ------------------------------------------
infrastructure:test:  ok 18 - atomic field decision RPC exists
infrastructure:test: (1 row)
infrastructure:test: 
infrastructure:test:                ok                
infrastructure:test: ---------------------------------
infrastructure:test:  ok 19 - manual field RPC exists
infrastructure:test: (1 row)
infrastructure:test: 
infrastructure:test:                        ok                        
infrastructure:test: -------------------------------------------------
infrastructure:test:  ok 20 - ordinary sessions cannot bypass the API
infrastructure:test: (1 row)
infrastructure:test: 
infrastructure:test:                        ok                       
infrastructure:test: ------------------------------------------------
infrastructure:test:  ok 21 - service role can make scoped decisions
infrastructure:test: (1 row)
infrastructure:test: 
infrastructure:test:                          is                         
infrastructure:test: ----------------------------------------------------
infrastructure:test:  ok 22 - unverified identity cannot read extraction
infrastructure:test: (1 row)
infrastructure:test: 
infrastructure:test:                          is                          
infrastructure:test: -----------------------------------------------------
infrastructure:test:  ok 23 - tenant substitution cannot queue extraction
infrastructure:test: (1 row)
infrastructure:test: 
infrastructure:test:                                is                               
infrastructure:test: ----------------------------------------------------------------
infrastructure:test:  ok 24 - product and actor substitution cannot read suggestions
infrastructure:test: (1 row)
infrastructure:test: 
infrastructure:test:                                 is                                
infrastructure:test: ------------------------------------------------------------------
infrastructure:test:  ok 25 - unauthorized read is denied before pagination validation
infrastructure:test: (1 row)
infrastructure:test: 
infrastructure:test:                     ok                    
infrastructure:test: ------------------------------------------
infrastructure:test:  ok 26 - page map permits blank OCR pages
infrastructure:test: (1 row)
infrastructure:test: 
infrastructure:test:                      ok                      
infrastructure:test: ---------------------------------------------
infrastructure:test:  ok 27 - page map rejects missing first page
infrastructure:test: (1 row)
infrastructure:test: 
infrastructure:test:                     ok                    
infrastructure:test: ------------------------------------------
infrastructure:test:  ok 28 - page map rejects duplicate pages
infrastructure:test: (1 row)
infrastructure:test: 
infrastructure:test:                       is                      
infrastructure:test: ----------------------------------------------
infrastructure:test:  ok 29 - unknown run cannot attach a page map
infrastructure:test: (1 row)
infrastructure:test: 
infrastructure:test:                                  is                                 
infrastructure:test: --------------------------------------------------------------------
infrastructure:test:  ok 30 - truncated OCR without a page map reaches legacy completion
infrastructure:test: (1 row)
infrastructure:test: 
infrastructure:test:                                    is                                   
infrastructure:test: ------------------------------------------------------------------------
infrastructure:test:  ok 31 - truncated OCR with an empty page map reaches legacy completion
infrastructure:test: (1 row)
infrastructure:test: 
infrastructure:test:                            is                           
infrastructure:test: --------------------------------------------------------
infrastructure:test:  ok 32 - nontruncated OCR requires a locatable page map
infrastructure:test: (1 row)
infrastructure:test: 
infrastructure:test:                                        ok                                       
infrastructure:test: --------------------------------------------------------------------------------
infrastructure:test:  ok 33 - service role cannot bypass the confidence gate through the legacy core
infrastructure:test: (1 row)
infrastructure:test: 
infrastructure:test:                                                       ok                                                       
infrastructure:test: ---------------------------------------------------------------------------------------------------------------
infrastructure:test:  ok 34 - service role can satisfy the existing organization-settings reminder check while configuring local AI
infrastructure:test: (1 row)
infrastructure:test: 
infrastructure:test:  finish 
infrastructure:test: --------
infrastructure:test: (0 rows)
infrastructure:test: 
infrastructure:test: ROLLBACK
infrastructure:test: Running tests/m9-06-supplier-sbom-alias-composite.test.sql
infrastructure:test: BEGIN
infrastructure:test: DO
infrastructure:test: ROLLBACK
infrastructure:test: Running tests/m9-06-supplier-sbom-bridge.test.sql
web:test:  ✓ app/(workspace)/products/sbom-quality-report.spec.tsx (27 tests) 186ms
infrastructure:test: BEGIN
infrastructure:test: CREATE EXTENSION
infrastructure:test:  plan  
infrastructure:test: -------
infrastructure:test:  1..21
infrastructure:test: (1 row)
infrastructure:test: 
infrastructure:test:                       ok                       
infrastructure:test: -----------------------------------------------
infrastructure:test:  ok 1 - M9 checklist item links one M3 request
infrastructure:test: (1 row)
infrastructure:test: 
infrastructure:test:                    ok                    
infrastructure:test: -----------------------------------------
infrastructure:test:  ok 2 - M3 grant binds the M9 invitation
infrastructure:test: (1 row)
infrastructure:test: 
infrastructure:test:                 ok                 
infrastructure:test: -----------------------------------
infrastructure:test:  ok 3 - M3 grant binds the M9 item
infrastructure:test: (1 row)
infrastructure:test: 
infrastructure:test:                       ok                       
infrastructure:test: -----------------------------------------------
infrastructure:test:  ok 4 - M3 request link has scoped foreign key
infrastructure:test: (1 row)
infrastructure:test: 
infrastructure:test:                     ok                     
infrastructure:test: -------------------------------------------
infrastructure:test:  ok 5 - M3 grant has scoped M9 foreign key
infrastructure:test: (1 row)
infrastructure:test: 
infrastructure:test:                        ok                       
infrastructure:test: ------------------------------------------------
infrastructure:test:  ok 6 - M3 grant has scoped M9 item foreign key
infrastructure:test: (1 row)
infrastructure:test: 
infrastructure:test:                        ok                       
infrastructure:test: ------------------------------------------------
infrastructure:test:  ok 7 - narrow linked session activation exists
infrastructure:test: (1 row)
infrastructure:test: 
infrastructure:test:                          ok                         
infrastructure:test: ----------------------------------------------------
infrastructure:test:  ok 8 - anonymous cannot activate linked M3 session
infrastructure:test: (1 row)
infrastructure:test: 
infrastructure:test:                            ok                           
infrastructure:test: --------------------------------------------------------
infrastructure:test:  ok 9 - authenticated cannot activate linked M3 session
infrastructure:test: (1 row)
infrastructure:test: 
infrastructure:test:                          ok                          
infrastructure:test: -----------------------------------------------------
infrastructure:test:  ok 10 - service role can activate linked M3 session
infrastructure:test: (1 row)
infrastructure:test: 
infrastructure:test:                      is                     
infrastructure:test: --------------------------------------------
infrastructure:test:  ok 11 - guessed session cannot activate M3
infrastructure:test: (1 row)
infrastructure:test: 
infrastructure:test:                         ok                         
infrastructure:test: ---------------------------------------------------
infrastructure:test:  ok 12 - M3 reservation rechecks linked M9 session
infrastructure:test: (1 row)
infrastructure:test: 
infrastructure:test:                            ok                            
infrastructure:test: ---------------------------------------------------------
infrastructure:test:  ok 13 - M3 upload inspection rechecks linked M9 session
infrastructure:test: (1 row)
infrastructure:test: 
infrastructure:test:                          ok                         
infrastructure:test: ----------------------------------------------------
infrastructure:test:  ok 14 - M3 finalization rechecks linked M9 session
infrastructure:test: (1 row)
infrastructure:test: 
infrastructure:test:                       ok                      
infrastructure:test: ----------------------------------------------
infrastructure:test:  ok 15 - M9 draft validates scoped M3 request
infrastructure:test: (1 row)
infrastructure:test: 
infrastructure:test:                      ok                      
infrastructure:test: ---------------------------------------------
infrastructure:test:  ok 16 - M9 issue binds M3 grants atomically
infrastructure:test: (1 row)
infrastructure:test: 
infrastructure:test:                         ok                         
infrastructure:test: ---------------------------------------------------
infrastructure:test:  ok 17 - legacy evidence upload refuses SBOM items
infrastructure:test: (1 row)
infrastructure:test: 
infrastructure:test:                               ok                               
infrastructure:test: ---------------------------------------------------------------
infrastructure:test:  ok 18 - component mismatch has bounded supplier-safe guidance
infrastructure:test: (1 row)
infrastructure:test: 
infrastructure:test:                            ok                            
infrastructure:test: ---------------------------------------------------------
infrastructure:test:  ok 19 - completed deduplicated source leaves processing
infrastructure:test: (1 row)
infrastructure:test: 
infrastructure:test:                               ok                               
infrastructure:test: ---------------------------------------------------------------
infrastructure:test:  ok 20 - composite scope admits only accepted supplier aliases
infrastructure:test: (1 row)
infrastructure:test: 
infrastructure:test:                              ok                              
infrastructure:test: -------------------------------------------------------------
infrastructure:test:  ok 21 - composite source persists accepted alias provenance
infrastructure:test: (1 row)
infrastructure:test: 
infrastructure:test:  finish 
infrastructure:test: --------
infrastructure:test: (0 rows)
infrastructure:test: 
infrastructure:test: ROLLBACK
infrastructure:test: Running tests/m9-06-supplier-sbom-flow.test.sql
infrastructure:test: BEGIN
infrastructure:test: SELECT 1
infrastructure:test: INSERT 0 1
infrastructure:test: INSERT 0 1
infrastructure:test: INSERT 0 1
infrastructure:test: INSERT 0 1
infrastructure:test: INSERT 0 1
infrastructure:test: SELECT 1
web:test:  ✓ app/_features/tasks/task-settings.spec.tsx (7 tests) 180ms
infrastructure:test: DO
infrastructure:test: ROLLBACK
infrastructure:test: Running tests/m9-supplier-registry.test.sql
infrastructure:test: CREATE FUNCTION
infrastructure:test: psql:<stdin>:19: NOTICE:  ok   M9-01 creates tenant-private supplier registry tables
infrastructure:test:  check 
infrastructure:test: -------
infrastructure:test:  
infrastructure:test: (1 row)
infrastructure:test: 
infrastructure:test:  check 
infrastructure:test: -------
infrastructure:test:  
infrastructure:test: (1 row)
infrastructure:test: 
infrastructure:test: psql:<stdin>:35: NOTICE:  ok   M9-01 registry tables use RLS and do not expose browser privileges
infrastructure:test: psql:<stdin>:42: NOTICE:  ok   M9-01 archive-only records deny service-role deletion and guard bypass
infrastructure:test:  check 
infrastructure:test: -------
infrastructure:test:  
infrastructure:test: (1 row)
infrastructure:test: 
infrastructure:test: psql:<stdin>:48: NOTICE:  ok   M9-01 responsibility identity is exact and restrictive
infrastructure:test:  check 
infrastructure:test: -------
infrastructure:test:  
infrastructure:test: (1 row)
infrastructure:test: 
infrastructure:test: psql:<stdin>:53: NOTICE:  ok   M9-01 supplier-request link is composite tenant-scoped and restrictive
infrastructure:test:  check 
infrastructure:test: -------
infrastructure:test:  
infrastructure:test: (1 row)
infrastructure:test: 
infrastructure:test: psql:<stdin>:76: NOTICE:  ok   M9-01 authoritative RPCs are security-definer and service-role-only
infrastructure:test:  check 
infrastructure:test: -------
infrastructure:test:  
infrastructure:test: (1 row)
infrastructure:test: 
infrastructure:test: psql:<stdin>:83: NOTICE:  ok   M9-01 response projections retain no contact audit metadata and use occurrenceId
infrastructure:test:  check 
infrastructure:test: -------
infrastructure:test:  
infrastructure:test: (1 row)
infrastructure:test: 
infrastructure:test:  check 
infrastructure:test: -------
infrastructure:test:  
infrastructure:test: (1 row)
infrastructure:test: 
infrastructure:test: psql:<stdin>:89: NOTICE:  ok   M9-01 serializes same-name review and protects product visibility
infrastructure:test: psql:<stdin>:95: NOTICE:  ok   M9-01 supersession advances only the same canonical component
infrastructure:test:  check 
infrastructure:test: -------
infrastructure:test:  
infrastructure:test: (1 row)
infrastructure:test: 
infrastructure:test: Running tests/mfa-recovery.test.sql
infrastructure:test: Timing is off.
infrastructure:test: CREATE FUNCTION
infrastructure:test:  check 
infrastructure:test: -------
infrastructure:test:  
infrastructure:test: (1 row)
infrastructure:test: 
infrastructure:test: psql:<stdin>:20: NOTICE:  ok   MFA recovery operation table exists
infrastructure:test: psql:<stdin>:31: NOTICE:  ok   MFA recovery RPCs exist
infrastructure:test:  check 
infrastructure:test: -------
infrastructure:test:  
infrastructure:test: (1 row)
infrastructure:test: 
infrastructure:test: psql:<stdin>:46: NOTICE:  ok   MFA recovery table has RLS and no public policies
infrastructure:test:  check 
infrastructure:test: -------
infrastructure:test:  
infrastructure:test: (1 row)
infrastructure:test: 
infrastructure:test: psql:<stdin>:59: NOTICE:  ok   MFA recovery table is service-role only
infrastructure:test:  check 
infrastructure:test: -------
infrastructure:test:  
infrastructure:test: (1 row)
infrastructure:test: 
infrastructure:test: psql:<stdin>:112: NOTICE:  ok   MFA recovery RPCs are service-role only
infrastructure:test:  check 
infrastructure:test: -------
infrastructure:test:  
infrastructure:test: (1 row)
infrastructure:test: 
infrastructure:test:  check 
infrastructure:test: -------
infrastructure:test:  
infrastructure:test: (1 row)
infrastructure:test: 
infrastructure:test: psql:<stdin>:123: NOTICE:  ok   MFA recovery operations cannot store raw code material
infrastructure:test: BEGIN
infrastructure:test: psql:<stdin>:404: NOTICE:  ok   malformed MFA recovery code hash is invalid
infrastructure:test: psql:<stdin>:404: NOTICE:  ok   unknown MFA recovery code hash is invalid
infrastructure:test: psql:<stdin>:404: NOTICE:  ok   consumed code without an operation is invalid
infrastructure:test: psql:<stdin>:404: NOTICE:  ok   another user cannot claim an MFA recovery code
infrastructure:test: psql:<stdin>:404: NOTICE:  ok   MFA recovery fails closed without an auth profile
infrastructure:test: psql:<stdin>:404: NOTICE:  ok   matching unused code creates one claimed operation
infrastructure:test: psql:<stdin>:404: NOTICE:  ok   an overlapping retry observes the claimed operation in progress
infrastructure:test: psql:<stdin>:404: NOTICE:  ok   a different valid code observes the one live user operation
infrastructure:test: psql:<stdin>:404: NOTICE:  ok   an expired worker lease makes a claimed operation retryable
infrastructure:test: psql:<stdin>:404: NOTICE:  ok   another user cannot transition an MFA recovery operation
infrastructure:test: psql:<stdin>:404: NOTICE:  ok   completion rejects the claimed prior state
infrastructure:test: psql:<stdin>:404: NOTICE:  ok   provider failure persists a sanitized retryable state
infrastructure:test: psql:<stdin>:404: NOTICE:  ok   retry resumes the same failed operation
infrastructure:test: psql:<stdin>:404: NOTICE:  ok   factor removal advances a claimed or failed operation
infrastructure:test: psql:<stdin>:404: NOTICE:  ok   factor removal rejects an already advanced state
infrastructure:test: psql:<stdin>:404: NOTICE:  ok   failure rejects the factors-removed state
infrastructure:test: psql:<stdin>:404: NOTICE:  ok   completion deletes codes and records audit atomically
infrastructure:test: psql:<stdin>:404: NOTICE:  ok   completion rejects completed replay
infrastructure:test: psql:<stdin>:404: NOTICE:  ok   factor transition rejects completed replay
infrastructure:test: psql:<stdin>:404: NOTICE:  ok   failure transition rejects completed replay
infrastructure:test: DO
infrastructure:test: ROLLBACK
infrastructure:test:                 result                
infrastructure:test: --------------------------------------
infrastructure:test:  MFA recovery saga: ALL CHECKS PASSED
infrastructure:test: (1 row)
infrastructure:test: 
infrastructure:test: Running tests/password-reset.test.sql
infrastructure:test: Timing is off.
infrastructure:test: CREATE FUNCTION
infrastructure:test:  check 
infrastructure:test: -------
infrastructure:test:  
infrastructure:test: (1 row)
infrastructure:test: 
infrastructure:test: psql:<stdin>:20: NOTICE:  ok   atomic password-reset RPC exists
infrastructure:test: psql:<stdin>:33: NOTICE:  ok   atomic password-reset RPC is service-role only
infrastructure:test:  check 
infrastructure:test: -------
infrastructure:test:  
infrastructure:test: (1 row)
infrastructure:test: 
infrastructure:test: BEGIN
infrastructure:test: psql:<stdin>:167: NOTICE:  ok   malformed password-reset token is invalid
infrastructure:test: psql:<stdin>:167: NOTICE:  ok   unknown password-reset token is invalid
infrastructure:test: psql:<stdin>:167: NOTICE:  ok   consumed password-reset token is invalid and inert
infrastructure:test: psql:<stdin>:167: NOTICE:  ok   expired password-reset token remains unconsumed and inert
infrastructure:test: psql:<stdin>:167: NOTICE:  ok   password-reset token without auth profile fails closed
infrastructure:test: psql:<stdin>:167: NOTICE:  ok   password-reset token consumes and revokes sessions atomically
infrastructure:test: psql:<stdin>:167: NOTICE:  ok   password-reset token cannot be replayed
infrastructure:test: DO
infrastructure:test: ROLLBACK
infrastructure:test:                    result                    
infrastructure:test: ---------------------------------------------
infrastructure:test:  Password reset atomicity: ALL CHECKS PASSED
infrastructure:test: (1 row)
infrastructure:test: 
infrastructure:test: Running tests/rls.test.sql
infrastructure:test: Timing is off.
infrastructure:test: CREATE FUNCTION
infrastructure:test: CREATE TABLE
infrastructure:test: INSERT 0 1
infrastructure:test: psql:<stdin>:102: NOTICE:  ok   no table privileges leak to anon/authenticated/PUBLIC
infrastructure:test: psql:<stdin>:102: NOTICE:  ok   authenticated can evaluate the five identity-scoped RLS helpers; anon cannot
infrastructure:test: psql:<stdin>:102: NOTICE:  ok   every public table has RLS enabled
infrastructure:test: psql:<stdin>:102: NOTICE:  ok   users has a server-side email verification state
infrastructure:test: psql:<stdin>:102: NOTICE:  ok   every organization has a permissions version
infrastructure:test: psql:<stdin>:102: NOTICE:  ok   every public function pins search_path
infrastructure:test: psql:<stdin>:102: NOTICE:  ok   no table uses FORCE row level security
infrastructure:test: DO
infrastructure:test: psql:<stdin>:102: NOTICE:  ok   every updated_at column has its trigger
infrastructure:test: DO
infrastructure:test: psql:<stdin>:114: NOTICE:  ok   seeded users are marked email-verified
infrastructure:test: psql:<stdin>:132: NOTICE:  ok   auth_login_attempts has no policy at all
infrastructure:test: psql:<stdin>:132: NOTICE:  ok   auth_email_verifications has no policy at all
infrastructure:test: psql:<stdin>:132: NOTICE:  ok   auth_recovery_tokens has no policy at all
infrastructure:test: psql:<stdin>:132: NOTICE:  ok   auth_mfa_recovery_codes has no policy at all
infrastructure:test: DO
infrastructure:test: BEGIN
infrastructure:test: psql:<stdin>:188: NOTICE:  ok   organization_members selectable without 42P17
infrastructure:test: psql:<stdin>:188: NOTICE:  ok   seed users visible through shared-org policy
infrastructure:test: psql:<stdin>:188: NOTICE:  ok   own organization visible
infrastructure:test: psql:<stdin>:188: NOTICE:  ok   seeded custom role visible to a member
infrastructure:test: DO
infrastructure:test: ROLLBACK
infrastructure:test: BEGIN
infrastructure:test: psql:<stdin>:230: NOTICE:  ok   cannot see another organization
infrastructure:test: psql:<stdin>:230: NOTICE:  ok   cannot see another organization's members
infrastructure:test: DO
infrastructure:test: psql:<stdin>:230: NOTICE:  ok   cannot see a user from another organization
infrastructure:test: ROLLBACK
infrastructure:test: BEGIN
infrastructure:test: psql:<stdin>:275: NOTICE:  ok   permissions version bumps on an RBAC write
infrastructure:test: psql:<stdin>:275: NOTICE:  ok   a role change does NOT end existing sessions
infrastructure:test: psql:<stdin>:275: NOTICE:  ok   deactivation ends every session at once
infrastructure:test: DO
infrastructure:test: ROLLBACK
infrastructure:test: BEGIN
infrastructure:test: DO
infrastructure:test: psql:<stdin>:298: NOTICE:  ok   demoting the last owner is rejected
infrastructure:test: ROLLBACK
infrastructure:test: BEGIN
infrastructure:test: psql:<stdin>:339: NOTICE:  ok   only one pending invitation per (org, email)
infrastructure:test: psql:<stdin>:339: NOTICE:  ok   re-invite after decline is allowed
infrastructure:test: DO
infrastructure:test: psql:<stdin>:339: NOTICE:  ok   token_hash must be a full sha256
infrastructure:test: ROLLBACK
infrastructure:test:  check 
infrastructure:test: -------
infrastructure:test:  
infrastructure:test: (1 row)
infrastructure:test: 
infrastructure:test: psql:<stdin>:348: NOTICE:  ok   atomic invitation RPC exists
infrastructure:test: psql:<stdin>:367: NOTICE:  ok   atomic invitation RPC is service-role only
infrastructure:test:  check 
infrastructure:test: -------
infrastructure:test:  
infrastructure:test: (1 row)
infrastructure:test: 
infrastructure:test:  check 
infrastructure:test: -------
infrastructure:test:  
infrastructure:test: (1 row)
infrastructure:test: 
infrastructure:test: psql:<stdin>:374: NOTICE:  ok   atomic invitation revoke RPC exists
infrastructure:test: psql:<stdin>:393: NOTICE:  ok   atomic invitation revoke RPC is service-role only
infrastructure:test:  check 
infrastructure:test: -------
infrastructure:test:  
infrastructure:test: (1 row)
infrastructure:test: 
infrastructure:test: BEGIN
infrastructure:test: psql:<stdin>:621: NOTICE:  ok   expired invitation is rejected
infrastructure:test: psql:<stdin>:621: NOTICE:  ok   expired invitation is durably marked expired
infrastructure:test: psql:<stdin>:621: NOTICE:  ok   revoked invitation is not pending
infrastructure:test: psql:<stdin>:621: NOTICE:  ok   unknown invitation hash is not found
infrastructure:test: psql:<stdin>:621: NOTICE:  ok   malformed invitation hash is not found
infrastructure:test: psql:<stdin>:621: NOTICE:  ok   missing invitation user is rejected
infrastructure:test: psql:<stdin>:621: NOTICE:  ok   invitation email mismatch is rejected
infrastructure:test: psql:<stdin>:621: NOTICE:  ok   pending invitation is accepted
infrastructure:test: psql:<stdin>:621: NOTICE:  ok   accepted invitation returns its organization
infrastructure:test: psql:<stdin>:621: NOTICE:  ok   acceptance creates exactly one membership with the invited role
infrastructure:test: psql:<stdin>:621: NOTICE:  ok   acceptance records its timestamp
infrastructure:test: psql:<stdin>:621: NOTICE:  ok   acceptance writes exactly one audit row
infrastructure:test: psql:<stdin>:621: NOTICE:  ok   second acceptance is idempotent
infrastructure:test: psql:<stdin>:621: NOTICE:  ok   idempotent acceptance does not duplicate effects
infrastructure:test: psql:<stdin>:621: NOTICE:  ok   accepted invitation without membership fails closed
infrastructure:test: psql:<stdin>:621: NOTICE:  ok   accepting as an existing member does not duplicate membership
infrastructure:test: psql:<stdin>:621: NOTICE:  ok   missing invitation cannot be revoked
infrastructure:test: psql:<stdin>:621: NOTICE:  ok   cross-organization revoke does not reveal invitation existence
infrastructure:test: psql:<stdin>:621: NOTICE:  ok   missing revoke actor is rejected
infrastructure:test: psql:<stdin>:621: NOTICE:  ok   revoke actor email mismatch is rejected
infrastructure:test: psql:<stdin>:621: NOTICE:  ok   accepted invitation cannot be revoked
infrastructure:test: psql:<stdin>:621: NOTICE:  ok   pending invitation is revoked
infrastructure:test: psql:<stdin>:621: NOTICE:  ok   revocation records status and one audit row atomically
infrastructure:test: psql:<stdin>:621: NOTICE:  ok   second revocation is not replayed
infrastructure:test: psql:<stdin>:621: NOTICE:  ok   second revocation does not duplicate its audit row
infrastructure:test: DO
infrastructure:test: ROLLBACK
infrastructure:test: psql:<stdin>:632: NOTICE:  ok   atomic email verification RPC exists
infrastructure:test:  check 
infrastructure:test: -------
infrastructure:test:  
infrastructure:test: (1 row)
infrastructure:test: 
infrastructure:test: psql:<stdin>:651: NOTICE:  ok   atomic email verification RPC is service-role only
infrastructure:test:  check 
infrastructure:test: -------
infrastructure:test:  
infrastructure:test: (1 row)
infrastructure:test: 
infrastructure:test: BEGIN
infrastructure:test: psql:<stdin>:852: NOTICE:  ok   first wrong email code is invalid
infrastructure:test: psql:<stdin>:852: NOTICE:  ok   two wrong email codes increment exactly twice
infrastructure:test: psql:<stdin>:852: NOTICE:  ok   fifth wrong email code consumes the final attempt
infrastructure:test: psql:<stdin>:852: NOTICE:  ok   sixth email-code attempt is exhausted without increment
infrastructure:test: psql:<stdin>:852: NOTICE:  ok   caller cannot raise the email-code guessing budget
infrastructure:test: psql:<stdin>:852: NOTICE:  ok   expired email code cannot verify the user
infrastructure:test: psql:<stdin>:852: NOTICE:  ok   email code cannot verify another user
infrastructure:test: psql:<stdin>:852: NOTICE:  ok   correct email code verifies and consumes atomically
infrastructure:test: psql:<stdin>:852: NOTICE:  ok   consumed email code cannot be replayed
infrastructure:test: psql:<stdin>:852: NOTICE:  ok   signup code cannot verify a changed email address
infrastructure:test: psql:<stdin>:852: NOTICE:  ok   malformed email-code hash leaves a live code untouched
infrastructure:test: psql:<stdin>:852: NOTICE:  ok   invalid email-code attempt limit leaves a live code untouched
infrastructure:test: psql:<stdin>:852: NOTICE:  ok   null email-code attempt limit leaves a live code untouched
infrastructure:test: DO
infrastructure:test: ROLLBACK
infrastructure:test: BEGIN
infrastructure:test: psql:<stdin>:878: NOTICE:  ok   menu_permissions rejects a mismatched target
infrastructure:test: DO
infrastructure:test: psql:<stdin>:878: NOTICE:  ok   a well-formed base_role menu rule is accepted
infrastructure:test: ROLLBACK
infrastructure:test: BEGIN
infrastructure:test: psql:<stdin>:922: NOTICE:  ok   not locked before the threshold
infrastructure:test: psql:<stdin>:922: NOTICE:  ok   and is_login_locked agrees
infrastructure:test: psql:<stdin>:922: NOTICE:  ok   locked on the fifth failure
infrastructure:test: psql:<stdin>:922: NOTICE:  ok   is_login_locked reports the lock
infrastructure:test: psql:<stdin>:922: NOTICE:  ok   lockout is case-insensitive
infrastructure:test: psql:<stdin>:922: NOTICE:  ok   a successful sign-in clears the lock
infrastructure:test: psql:<stdin>:922: NOTICE:  ok   failures outside the window restart the count
infrastructure:test: DO
infrastructure:test: ROLLBACK
infrastructure:test: psql:<stdin>:948: NOTICE:  ok   suite left no privileges behind
infrastructure:test: psql:<stdin>:948: NOTICE:  ok   suite left no extra organizations behind
infrastructure:test: psql:<stdin>:948: NOTICE:  ok   suite left no invitations behind
infrastructure:test: DO
infrastructure:test: 
infrastructure:test: RLS + schema invariants: ALL CHECKS PASSED
infrastructure:test: Running tests/session-registration.test.sql
infrastructure:test: BEGIN
infrastructure:test: CREATE FUNCTION
infrastructure:test:  check 
infrastructure:test: -------
infrastructure:test:  
infrastructure:test: (1 row)
infrastructure:test: 
infrastructure:test: psql:<stdin>:12: NOTICE:  ok the primary key uniquely binds organization and session
infrastructure:test: psql:<stdin>:15: NOTICE:  ok registration has no redundant secondary uniqueness arbiter
infrastructure:test:  check 
infrastructure:test: -------
infrastructure:test:  
infrastructure:test: (1 row)
infrastructure:test: 
infrastructure:test: psql:<stdin>:18: NOTICE:  ok session lookup index remains available
infrastructure:test:  check 
infrastructure:test: -------
infrastructure:test:  
infrastructure:test: (1 row)
infrastructure:test: 
infrastructure:test: psql:<stdin>:24: NOTICE:  ok registration remains service-role only with pinned search path
infrastructure:test:  check 
infrastructure:test: -------
infrastructure:test:  
infrastructure:test: (1 row)
infrastructure:test: 
infrastructure:test: psql:<stdin>:52: NOTICE:  ok initial verified member registration succeeds
infrastructure:test: psql:<stdin>:52: NOTICE:  ok same user refresh preserves existing issued-at update behavior
infrastructure:test: psql:<stdin>:52: NOTICE:  ok another organization member cannot overwrite session identity
infrastructure:test: psql:<stdin>:52: NOTICE:  ok rejected substitution preserves identity and issued-at
infrastructure:test: DO
infrastructure:test: psql:<stdin>:52: NOTICE:  ok foreign organization membership is rejected
infrastructure:test: ROLLBACK
web:test:  ✓ app/_features/notifications/notification-centre.spec.tsx (10 tests) 178ms
web:test:  ✓ app/_features/tasks/task-inbox.spec.tsx (5 tests) 166ms
web:test:  ✓ app/(workspace)/connectors/connectors-registry-content.spec.tsx (8 tests) 165ms
web:test:  ✓ app/(workspace)/onboarding/invitation-manager.spec.tsx (6 tests) 183ms
web:test:  ✓ app/_features/findings/remediation-ticket-binding-setup.spec.tsx (7 tests) 182ms
web:test:  ✓ app/dashboard/dashboard-pages.spec.tsx (12 tests) 185ms
web:test:  ✓ app/_features/frameworks/framework-upgrade-panel.spec.tsx (5 tests) 172ms
web:test:  ✓ app/_features/tasks/task-routing-panel.spec.tsx (8 tests) 183ms
web:test:  ✓ app/_features/products/products.queries.spec.tsx (9 tests) 140ms
web:test:  ✓ app/(workspace)/products/sbom-diff-report.spec.tsx (8 tests) 222ms
web:test:  ✓ app/dashboard/tables/_components/table-components.spec.tsx (6 tests) 206ms
web:test:  ✓ app/(auth)/auth-components.spec.tsx (12 tests) 144ms
web:test:  ✓ app/(workspace)/connectors/webhooks/webhook-deliveries.spec.tsx (6 tests) 186ms
web:test:  ✓ app/(workspace)/connectors/connector-field-map-section.spec.tsx (8 tests) 229ms
web:test:  ✓ app/(workspace)/connectors/webhooks/webhook-form.spec.tsx (8 tests) 221ms
web:test:  ✓ app/(workspace)/management/page.spec.tsx (5 tests) 105ms
web:test:  ✓ app/_features/connectors/webhooks.queries.spec.tsx (7 tests) 152ms
web:test:  ✓ app/_features/findings/finding-triage-operational.spec.tsx (4 tests) 202ms
web:test:  ✓ app/_features/tasks/tasks.queries.spec.tsx (6 tests) 127ms
web:test:  ✓ app/(workspace)/organization/organization-branding-section.spec.tsx (4 tests) 125ms
web:test:  ✓ app/_features/findings/finding-assessment.spec.tsx (5 tests) 139ms
web:test:  ✓ app/_features/findings/finding-vex-export.spec.tsx (4 tests) 126ms
web:test:  ✓ app/_features/supplier-evidence/supplier-evidence-portal.spec.tsx (6 tests) 118ms
web:test:  ✓ app/_features/findings/remediation-ticket.queries.spec.tsx (1 test) 114ms
web:test:  ✓ app/(workspace)/connectors/ci/ci-bindings-content.spec.tsx (3 tests) 134ms
web:test:  ✓ app/_features/notifications/notification-preferences-panel.spec.tsx (7 tests) 133ms
web:test:  ✓ app/_providers/providers.spec.tsx (4 tests) 114ms
web:test:  ✓ app/(workspace)/account/page.spec.tsx (4 tests) 110ms
web:test:  ✓ app/_features/risk-register/risk-register-workspace.spec.tsx (4 tests) 106ms
web:test:  ✓ app/(workspace)/connectors/connector-replay-section.spec.tsx (6 tests) 112ms
web:test:  ✓ app/_features/notifications/burst-batch-history-panel.spec.tsx (6 tests) 87ms
web:test:  ✓ app/(workspace)/products/technical-file-workspace.spec.tsx (5 tests) 116ms
web:test:  ✓ app/_features/findings/finding-bulk-assessment.spec.tsx (2 tests) 98ms
web:test:  ✓ app/_features/reporting/reporting-obligations-content.spec.tsx (6 tests) 104ms
web:test:  ✓ app/_features/notifications/burst-policy-panel.spec.tsx (6 tests) 110ms
web:test:  ✓ app/_features/evidence/evidence-reuse-panel.spec.tsx (6 tests) 98ms
web:test:  ✓ app/(workspace)/security/page.spec.tsx (3 tests) 105ms
web:test:  ✓ app/_features/supplier-evidence/supplier-evidence-sbom-item.spec.tsx (7 tests) 102ms
web:test:  ✓ app/(workspace)/connectors/connector-agent-section.spec.tsx (7 tests) 100ms
web:test:  ✓ app/_features/evidence/evidence-library.spec.tsx (2 tests) 80ms
web:test:  ✓ app/_features/evidence/evidence-retention-panel.spec.tsx (4 tests) 91ms
web:test:  ✓ app/(workspace)/products/product-create-forms.spec.tsx (2 tests) 92ms
web:test:  ✓ app/_features/supplier-evidence/supplier-evidence-request-panel.spec.tsx (3 tests) 92ms
web:test:  ✓ app/(workspace)/connectors/connector-sync-history-section.spec.tsx (7 tests) 96ms
web:test:  ✓ app/(workspace)/connectors/connector-mapping-section.spec.tsx (4 tests) 96ms
web:test:  ✓ app/(workspace)/products/product-import-section.spec.tsx (4 tests) 144ms
web:test:  ✓ app/_features/vulnerabilities/vulnerability-feed-health.spec.tsx (3 tests) 152ms
web:test:  ✓ app/(auth)/accept-invitation/page.spec.tsx (6 tests) 81ms
web:test:  ✓ app/(workspace)/connectors/connector-conflicts-section.spec.tsx (5 tests) 77ms
web:test:  ✓ app/_features/frameworks/framework-crosswalk-panel.spec.tsx (3 tests) 84ms
web:test:  ✓ app/(workspace)/connectors/connector-catalogue-section.spec.tsx (4 tests) 80ms
web:test:  ✓ app/(workspace)/roles/page.spec.tsx (3 tests) 74ms
web:test:  ✓ app/_features/suppliers/suppliers-registry.spec.tsx (1 test) 54ms
web:test:  ✓ app/_features/vulnerabilities/vulnerability-offline-bundle-import.spec.tsx (2 tests) 84ms
web:test:  ✓ app/(workspace)/products/products-registry-content.spec.tsx (5 tests) 87ms
web:test:  ✓ app/_components/sidebar/sign-out-button.spec.tsx (3 tests) 72ms
web:test:  ✓ app/_features/evidence/evidence-watermark-export-panel.spec.tsx (2 tests) 64ms
web:test:  ✓ app/(workspace)/connectors/connector-detail-content.spec.tsx (12 tests) 83ms
web:test:  ✓ app/_features/supplier-evidence/supplier-evidence-reminders-panel.spec.tsx (2 tests) 82ms
web:test:  ✓ app/_features/products/product-owner-selector.spec.tsx (5 tests) 71ms
web:test:  ✓ app/_features/connectors/sync-operations.queries.spec.tsx (3 tests) 70ms
web:test:  ✓ app/dashboard/layout.spec.tsx (2 tests) 69ms
web:test:  ✓ app/(workspace)/products/finding-impact-status.spec.tsx (3 tests) 59ms
web:test:  ✓ app/_features/findings/finding-impact.queries.spec.tsx (2 tests) 63ms
web:test:  ✓ app/(workspace)/connectors/connector-dead-letters-section.spec.tsx (5 tests) 80ms
web:test:  ✓ app/_features/technical-files/technical-file-snapshots.spec.tsx (4 tests) 71ms
web:test:  ✓ app/(workspace)/organization/organization-sbom-ci-credentials-section.spec.tsx (2 tests) 65ms
web:test:  ✓ app/_features/evidence/evidence-bulk-intake-panel.spec.tsx (1 test) 48ms
web:test:  ✓ app/_features/evidence/evidence-expiry-alert-settings.spec.tsx (1 test) 43ms
web:test:  ✓ app/(workspace)/products/sbom-normalized-documents-panel.spec.tsx (1 test) 45ms
web:test:  ✓ app/_features/technical-files/technical-file-declarations.spec.tsx (2 tests) 43ms
web:test:  ✓ app/dashboard/organization-theme-provider.spec.tsx (6 tests) 41ms
web:test:  ✓ app/dashboard/_components/dashboard-onboarding-resume.spec.tsx (2 tests) 39ms
web:test:  ✓ app/_features/evidence/evidence-extracted-text.spec.tsx (1 test) 32ms
web:test:  ✓ app/_features/reporting/reporting-srp-availability-notice.spec.tsx (1 test) 32ms
web:test:  ✓ app/_features/reporting/reporting-rehearsal-notice.spec.tsx (1 test) 31ms
web:test:  ✓ app/(workspace)/layout.spec.tsx (1 test) 26ms
web:test:  ✓ app/_features/products/product-classification-badge.spec.tsx (3 tests) 17ms
web:test:  ✓ app/_features/evidence/evidence-validity-status.spec.tsx (2 tests) 26ms
web:test:  ✓ app/_features/organizations/organizations.queries.spec.tsx (7 tests) 16ms
web:test:  ✓ app/_features/session/session.queries.spec.tsx (12 tests) 13ms
web:test:  ✓ app/_features/invitations/invitations.queries.spec.tsx (4 tests) 13ms
web:test:  ✓ app/(workspace)/products/page.spec.tsx (1 test) 11ms
web:test:  ✓ app/dashboard/_components/dashboard-onboarding-gate.spec.tsx (2 tests) 10ms
web:test:  ✓ app/_features/findings/finding-responsible-suppliers.spec.tsx (1 test) 11ms
web:test:  ✓ app/(workspace)/products/sbom-diff-route-content.spec.tsx (1 test) 10ms
web:test:  ✓ app/(workspace)/connectors/connector-operation-ui.spec.tsx (1 test) 10ms
web:test:  ✓ app/(workspace)/connectors/connector-status.spec.ts (9 tests) 2ms
web:test:  ✓ app/_features/organizations/active-organization-branding.queries.spec.tsx (2 tests) 12ms
web:test:  ✓ app/architecture/fetch-boundaries.spec.ts (2 tests) 367ms
web:test:    ✓ keeps direct fetch calls inside the central transport  362ms
web:test:  ✓ app/_lib/http/authenticated-request.spec.ts (12 tests) 61ms
web:test:  ✓ app/architecture/design-rules.spec.ts (7 tests) 886ms
web:test:    ✓ design-system architecture rules > enforces the UI subpath rule through the web ESLint config  846ms
web:test:  ✓ middleware.spec.ts (41 tests) 117ms
web:test:  ✓ app/_features/products/products.api.spec.ts (9 tests) 28ms
web:test:  ✓ app/_features/notifications/notifications.api.spec.ts (9 tests) 29ms
web:test:  ✓ app/_features/sboms/sboms.api.spec.ts (16 tests) 18ms
web:test:  ✓ app/_features/connectors/webhooks.api.spec.ts (19 tests) 16ms
web:test:  ✓ app/_features/organizations/organizations.api.spec.ts (11 tests) 17ms
web:test:  ✓ app/_features/findings/triage.api.spec.ts (7 tests) 14ms
web:test:  ✓ app/_features/vulnerabilities/vulnerability-matching.api.spec.ts (6 tests) 13ms
web:test:  ✓ app/_lib/http/api-client.spec.ts (24 tests) 13ms
web:test:  ✓ app/_features/frameworks/controls.api.spec.ts (8 tests) 15ms
web:test:  ✓ app/_features/frameworks/frameworks.api.spec.ts (7 tests) 14ms
web:test:  ✓ app/_features/tasks/tasks.api.spec.ts (3 tests) 18ms
web:test:  ✓ app/_features/reporting/reporting.api.spec.ts (6 tests) 8ms
web:test:  ✓ app/_features/frameworks/custom-frameworks.api.spec.ts (5 tests) 19ms
web:test:  ✓ app/_features/findings/remediation-ticket.api.spec.ts (5 tests) 15ms
web:test:  ✓ app/_features/sboms/sbom-file-hash.spec.ts (6 tests) 13ms
web:test:  ✓ app/_features/vulnerabilities/vulnerabilities.api.spec.ts (6 tests) 9ms
web:test:  ✓ app/(auth)/_components/auth-actions.spec.ts (17 tests) 10ms
web:test:  ✓ app/_features/connectors/connectors.api.spec.ts (7 tests) 8ms
web:test:  ✓ mocks/data/table-schemas.spec.ts (15 tests) 8ms
web:test:  ✓ app/_features/security/security.api.spec.ts (6 tests) 7ms
web:test:  ✓ app/_features/roles/roles.api.spec.ts (5 tests) 7ms
web:test:  ✓ app/_features/invitations/invitations.api.spec.ts (4 tests) 7ms
web:test:  ✓ app/_features/sboms/ci-bindings.api.spec.ts (2 tests) 7ms
web:test:  ✓ app/_features/products/product-classification.api.spec.ts (5 tests) 8ms
web:test:  ✓ app/_features/connectors/connectors.routes.spec.ts (43 tests) 7ms
web:test:  ✓ app/_features/supplier-evidence/supplier-evidence.api.spec.ts (11 tests) 7ms
web:test:  ✓ app/_features/evidence/evidence.api.spec.ts (14 tests) 7ms
web:test:  ✓ app/_features/connectors/agents.api.spec.ts (3 tests) 6ms
web:test:  ✓ app/_features/technical-files/technical-file-declarations.api.spec.ts (2 tests) 6ms
web:test:  ✓ app/_features/technical-files/technical-file-readiness.api.spec.ts (2 tests) 6ms
web:test:  ✓ app/_features/members/members.api.spec.ts (3 tests) 6ms
web:test:  ✓ app/_features/account/account.api.spec.ts (2 tests) 5ms
web:test:  ✓ app/_features/connectors/sync-operations.api.spec.ts (3 tests) 6ms
web:test:  ✓ app/_features/findings/finding-impact.api.spec.ts (2 tests) 6ms
web:test:  ✓ app/_features/technical-files/technical-file-snapshots.api.spec.ts (2 tests) 5ms
web:test:  ✓ app/_features/risk-register/risk-register.api.spec.ts (2 tests) 5ms
web:test:  ✓ app/_features/products/product-owner-gateway.spec.ts (3 tests) 5ms
web:test:  ✓ app/page.spec.ts (1 test) 2ms
web:test:  ✓ app/_features/suppliers/suppliers.api.spec.ts (3 tests) 3ms
web:test:  ✓ app/_features/products/utc-date-time.spec.ts (17 tests) 3ms
web:test:  ✓ app/_components/sidebar/menu-nav-parity.spec.ts (7 tests) 2ms
web:test:  ✓ app/_features/products/product-owner-options.queries.spec.ts (4 tests) 2ms
web:test:  ✓ app/_features/technical-files/technical-file-auditor-access.api.spec.ts (1 test) 3ms
web:test:  ✓ app/(workspace)/notifications/page.spec.tsx (4 tests) 3ms
web:test:  ✓ app/_features/session/session-state.spec.ts (6 tests) 2ms
web:test:  ✓ app/_features/findings/triage-content.deep-link.spec.ts (3 tests) 2ms
web:test:  ✓ app/_lib/http/mutation-request-identity.spec.ts (3 tests) 3ms
web:test:  ✓ app/_features/session/route-session-state.spec.ts (20 tests) 2ms
web:test:  ✓ app/_features/products/product-classification.queries.spec.ts (2 tests) 2ms
web:test:  ✓ app/_features/sboms/sboms.keys.spec.ts (3 tests) 2ms
web:test:  ✓ app/_features/products/product-create-retry.spec.ts (3 tests) 2ms
web:test:  ✓ app/legacy-dashboard-redirects.spec.ts (1 test) 1ms
web:test:  ✓ app/_features/connectors/connectors.keys.spec.ts (1 test) 1ms
web:test:  ✓ app/(workspace)/products/support-period-retention-section.spec.tsx (6 tests) 2ms
web:test: 
web:test:  Test Files  187 passed (187)
web:test:       Tests  1318 passed (1318)
web:test:    Start at  14:13:37
web:test:    Duration  64.72s (transform 3.75s, setup 0ms, collect 35.26s, tests 45.70s, environment 24.50s, prepare 6.32s)
web:test: 

 Tasks:    9 successful, 9 total
Cached:    6 cached, 9 total
  Time:    1m5.367s 


> CRA@ build /Users/abjmac003/Documents/GitHub/CRA
> turbo run build

• turbo 2.10.8

   • Packages in scope: @repo/contracts, @repo/design-system, @repo/eslint-config, @repo/typescript-config, @repo/ui, agent, api, docs, infrastructure, web
   • Running build in 10 packages
   • Remote caching disabled

@repo/contracts:build: cache hit, replaying logs eb323892046861f8
@repo/contracts:build: 
@repo/contracts:build: > @repo/contracts@0.0.0 build /Users/abjmac003/Documents/GitHub/CRA/packages/contracts
@repo/contracts:build: > tsc
@repo/contracts:build: 
agent:build: cache miss, executing 5f0cec416048e187
api:build: cache miss, executing 867cd119d1e22024
web:build: cache miss, executing 7658c8bc75028063
docs:build: cache hit, replaying logs 1d70e6589f1fa25e
docs:build: 
docs:build: > docs@0.0.0 build /Users/abjmac003/Documents/GitHub/CRA/apps/docs
docs:build: > docusaurus build
docs:build: 
docs:build: [INFO] [en] Creating an optimized production build...
docs:build: [webpackbar] ℹ Compiling Client
docs:build: [webpackbar] ℹ Compiling Server
docs:build: [webpackbar] ✔ Server: Compiled successfully in 939.50ms
docs:build: [webpackbar] ✔ Client: Compiled successfully in 1.16s
docs:build: [SUCCESS] Generated static files in "build".
docs:build: [INFO] Use `npm run serve` command to test your build locally.
web:build: 
web:build: > web@0.1.0 build /Users/abjmac003/Documents/GitHub/CRA/apps/web
web:build: > next build
web:build: 
agent:build: 
agent:build: > agent@0.1.0 build /Users/abjmac003/Documents/GitHub/CRA/apps/agent
agent:build: > tsc -p tsconfig.json
agent:build: 
api:build: 
api:build: > api@0.0.1 build /Users/abjmac003/Documents/GitHub/CRA/apps/api
api:build: > nest build
api:build: 
web:build: ▲ Next.js 16.3.0 (Turbopack)
web:build: - Environments: .env.local
web:build: ✓ Running next.config.js took 9ms
web:build: 
web:build: ⚠ The "middleware" file convention is deprecated. Please use "proxy" instead.
web:build: 
web:build:   To migrate automatically, run:
web:build:   npx @next/codemod@canary middleware-to-proxy .
web:build: 
web:build:   Learn more: https://nextjs.org/docs/messages/middleware-to-proxy
web:build:   Creating an optimized production build ...
web:build: ✓ Compiled successfully in 1999ms
web:build:   Running TypeScript ...
web:build:   Finished TypeScript in 13.5s ...
web:build:   Collecting page data using 9 workers ...
web:build:   Generating static pages using 9 workers (0/45) ...
web:build:   Generating static pages using 9 workers (11/45) 
web:build:   Generating static pages using 9 workers (22/45) 
web:build:   Generating static pages using 9 workers (33/45) 
web:build: ✓ Generating static pages using 9 workers (45/45) in 646ms
web:build:   Finalizing page optimization ...
web:build: 
web:build: Route (app)
web:build: ┌ ○ /
web:build: ├ ○ /_not-found
web:build: ├ ○ /accept-invitation
web:build: ├ ○ /account
web:build: ├ ƒ /api/v1/auditor/redeem
web:build: ├ ƒ /auditor
web:build: ├ ○ /check-email
web:build: ├ ○ /connectors
web:build: ├ ƒ /connectors/[connectorId]
web:build: ├ ○ /connectors/ci
web:build: ├ ○ /connectors/webhooks
web:build: ├ ○ /dashboard
web:build: ├ ƒ /dashboard/[...slug]
web:build: ├ ○ /dashboard/analytics
web:build: ├ ○ /dashboard/crypto
web:build: ├ ○ /dashboard/project
web:build: ├ ○ /dashboard/tables/basic
web:build: ├ ○ /dashboard/tables/bordered
web:build: ├ ○ /dashboard/tables/splitted
web:build: ├ ○ /dashboard/tables/striped
web:build: ├ ○ /expired
web:build: ├ ○ /findings
web:build: ├ ○ /forgot-password
web:build: ├ ○ /frameworks
web:build: ├ ○ /lock
web:build: ├ ○ /management
web:build: ├ ƒ /notifications
web:build: ├ ○ /onboarding
web:build: ├ ○ /organization
web:build: ├ ○ /permissions
web:build: ├ ○ /products
web:build: ├ ƒ /products/[productId]
web:build: ├ ƒ /products/[productId]/evidence
web:build: ├ ƒ /products/[productId]/sboms/[documentId]
web:build: ├ ƒ /products/[productId]/sboms/[documentId]/diff
web:build: ├ ƒ /products/[productId]/technical-file
web:build: ├ ○ /reporting
web:build: ├ ○ /reset-password
web:build: ├ ○ /roles
web:build: ├ ○ /security
web:build: ├ ○ /showcase
web:build: ├ ○ /showcase/charts
web:build: ├ ○ /sign-in
web:build: ├ ○ /sign-up
web:build: ├ ○ /success
web:build: ├ ○ /supplier-evidence
web:build: ├ ○ /suppliers
web:build: ├ ƒ /suppliers/[supplierId]
web:build: ├ ○ /tasks
web:build: ├ ○ /two-factor
web:build: └ ○ /verify
web:build: 
web:build: 
web:build: ƒ Proxy (Middleware)
web:build: 
web:build: ○  (Static)   prerendered as static content
web:build: ƒ  (Dynamic)  server-rendered on demand
web:build: 

 Tasks:    5 successful, 5 total
Cached:    2 cached, 5 total
  Time:    18.293s 

